mach,planform_area,angle_of_attack,lift,induced_drag,parasitic_drag,wave_drag,total_drag,lift_over_drag,le_sweep,altitude
0.01,3.201,-5.0,-0.143769845682,0.00541010167,0.028072757276607647,0.0,0.033482858946607644,-4.293834224588107,57.17934110398554,0.0
0.01,3.201,-2.916667,-0.082993533372,0.001676633787,0.028072757276607647,0.0,0.029749391063607647,-2.789755702715064,57.17934110398554,0.0
0.01,3.201,-0.833333,-0.022135019161,0.000150594394,0.028072757276607647,0.0,0.028223351670607646,-0.7842803157943797,57.17934110398554,0.0
0.01,3.201,1.25,0.035050573776,0.000337258693,0.028072757276607647,0.0,0.028410015969607648,1.2337400237119283,57.17934110398554,0.0
0.01,3.201,3.333333,0.095017554368,0.002425190355,0.028072757276607647,0.0,0.030497947631607646,3.1155392984387293,57.17934110398554,0.0
0.01,3.201,5.416667,0.156089626199,0.006465084796,0.028072757276607647,0.0,0.03453784207260765,4.519379811595017,57.17934110398554,0.0
0.01,3.201,7.5,0.217099263575,0.01242245198,0.028072757276607647,0.0,0.04049520925660765,5.361109809293692,57.17934110398554,0.0
0.01,3.201,9.583333,0.277820685904,0.020265615907,0.028072757276607647,0.0,0.04833837318360765,5.747414892278867,57.17934110398554,0.0
0.01,3.201,11.666667,0.344181623435,0.031254952444,0.028072757276607647,0.0,0.05932770972060765,5.8013637313130175,57.17934110398554,0.0
0.01,3.201,13.75,0.404693263142,0.04329420396,0.028072757276607647,0.0,0.07136696123660764,5.670596815805194,57.17934110398554,0.0
0.01,3.201,15.833333,0.461859165835,0.056604918712,0.028072757276607647,0.0,0.08467767598860765,5.454320285043457,57.17934110398554,0.0
0.01,3.201,17.916667,0.513246349725,0.0704158324,0.028072757276607647,0.0,0.09848858967660765,5.211226512738896,57.17934110398554,0.0
0.01,3.201,20.0,0.556008149009,0.08370013044,0.028072757276607647,0.0,0.11177288771660765,4.974445595596669,57.17934110398554,0.0
0.07263157894736841,3.201,-5.0,-0.143846817824,0.005415709882,0.018854966789365796,0.0,0.024270676671365794,-5.926774097473288,57.17934110398554,0.0
0.07263157894736841,3.201,-2.916667,-0.083035199327,0.001677892194,0.018854966789365796,0.0,0.020532858983365796,-4.0440154678054805,57.17934110398554,0.0
0.07263157894736841,3.201,-0.833333,-0.022147921265,0.000150767047,0.018854966789365796,0.0,0.019005733836365796,-1.1653283927728117,57.17934110398554,0.0
0.07263157894736841,3.201,1.25,0.035069082898,0.000337611573,0.018854966789365796,0.0,0.019192578362365795,1.8272210349166016,57.17934110398554,0.0
0.07263157894736841,3.201,3.333333,0.095067910098,0.002427780803,0.018854966789365796,0.0,0.021282747592365796,4.466900229183812,57.17934110398554,0.0
0.07263157894736841,3.201,5.416667,0.156172115648,0.006471974981,0.018854966789365796,0.0,0.025326941770365798,6.16624451005497,57.17934110398554,0.0
0.07263157894736841,3.201,7.5,0.21721187601,0.012435503319,0.018854966789365796,0.0,0.031290470108365796,6.941790112380779,57.17934110398554,0.0
0.07263157894736841,3.201,9.583333,0.277959676509,0.020286123728,0.018854966789365796,0.0,0.03914109051736579,7.101480128298346,57.17934110398554,0.0
0.07263157894736841,3.201,11.666667,0.344345497394,0.031284316892,0.018854966789365796,0.0,0.0501392836813658,6.867778558271976,57.17934110398554,0.0
0.07263157894736841,3.201,13.75,0.404871541962,0.043332005764,0.018854966789365796,0.0,0.0621869725533658,6.510552376778901,57.17934110398554,0.0
0.07263157894736841,3.201,15.833333,0.462044547368,0.056649542858,0.018854966789365796,0.0,0.0755045096473658,6.1194298132114255,57.17934110398554,0.0
0.07263157894736841,3.201,17.916667,0.513395736054,0.070456228024,0.018854966789365796,0.0,0.0893111948133658,5.748391756787562,57.17934110398554,0.0
0.07263157894736841,3.201,20.0,0.555906281155,0.0836567098,0.018854966789365796,0.0,0.1025116765893658,5.422858152850343,57.17934110398554,0.0
0.13526315789473684,3.201,-5.0,-0.144144951151,0.005437425554,0.01684206035825029,0.0,0.02227948591225029,-6.469850862750045,57.17934110398554,0.0
0.13526315789473684,3.201,-2.916667,-0.083206763861,0.001683829709,0.01684206035825029,0.0,0.01852589006725029,-4.491377394497839,57.17934110398554,0.0
0.13526315789473684,3.201,-0.833333,-0.022195723117,0.00015138596,0.01684206035825029,0.0,0.01699344631825029,-1.3061343003251007,57.17934110398554,0.0
0.13526315789473684,3.201,1.25,0.035143488132,0.000339011197,0.01684206035825029,0.0,0.01718107155525029,2.0454770832533233,57.17934110398554,0.0
0.13526315789473684,3.201,3.333333,0.095267286228,0.00243780653,0.01684206035825029,0.0,0.01927986688825029,4.941283400979218,57.17934110398554,0.0
0.13526315789473684,3.201,5.416667,0.156496463431,0.006498554086,0.01684206035825029,0.0,0.02334061444425029,6.704899042173726,57.17934110398554,0.0
0.13526315789473684,3.201,7.5,0.217655122943,0.012485935742,0.01684206035825029,0.0,0.02932799610025029,7.421411343584517,57.17934110398554,0.0
0.13526315789473684,3.201,9.583333,0.27851570507,0.020366558873,0.01684206035825029,0.0,0.03720861923125029,7.4852469891192275,57.17934110398554,0.0
0.13526315789473684,3.201,11.666667,0.345012836642,0.031401646436,0.01684206035825029,0.0,0.04824370679425029,7.151457870213216,57.17934110398554,0.0
0.13526315789473684,3.201,13.75,0.405623648656,0.043487267738,0.01684206035825029,0.0,0.06032932809625029,6.723490240250349,57.17934110398554,0.0
0.13526315789473684,3.201,15.833333,0.462862156312,0.056843264797,0.01684206035825029,0.0,0.07368532515525028,6.281605670284809,57.17934110398554,0.0
0.13526315789473684,3.201,17.916667,0.514085554888,0.070632361783,0.01684206035825029,0.0,0.08747442214125029,5.8769814341599735,57.17934110398554,0.0
0.13526315789473684,3.201,20.0,0.556230494568,0.0837387333,0.01684206035825029,0.0,0.10058079365825029,5.530185976240548,57.17934110398554,0.0
0.19789473684210523,3.201,-5.0,-0.144439739446,0.005460333309,0.015755712799665648,0.0,0.021216046108665648,-6.808042304687672,57.17934110398554,0.0
0.19789473684210523,3.201,-2.916667,-0.083370958599,0.00169117465,0.015755712799665648,0.0,0.017446887449665646,-4.778557713490478,57.17934110398554,0.0
0.19789473684210523,3.201,-0.833333,-0.022239280174,0.000152017872,0.015755712799665648,0.0,0.01590773067166565,-1.3980171422949665,57.17934110398554,0.0
0.19789473684210523,3.201,1.25,0.035216346674,0.000340436896,0.015755712799665648,0.0,0.016096149695665647,2.1878739536998104,57.17934110398554,0.0
0.19789473684210523,3.201,3.333333,0.095462092103,0.002447655008,0.015755712799665648,0.0,0.018203367807665648,5.2441994861412295,57.17934110398554,0.0
0.19789473684210523,3.201,5.416667,0.156813306015,0.006524305506,0.015755712799665648,0.0,0.022280018305665648,7.038293409979986,57.17934110398554,0.0
0.19789473684210523,3.201,7.5,0.218086903688,0.012534703591,0.015755712799665648,0.0,0.028290416390665648,7.708861569105686,57.17934110398554,0.0
0.19789473684210523,3.201,9.583333,0.279054432285,0.020444803408,0.015755712799665648,0.0,0.03620051620766565,7.708576051352239,57.17934110398554,0.0
0.19789473684210523,3.201,11.666667,0.345642661439,0.031514698299,0.015755712799665648,0.0,0.04727041109866564,7.31202994443086,57.17934110398554,0.0
0.19789473684210523,3.201,13.75,0.406313639365,0.043628718326,0.015755712799665648,0.0,0.059384431125665646,6.842090286344316,57.17934110398554,0.0
0.19789473684210523,3.201,15.833333,0.463567461439,0.057007316101,0.015755712799665648,0.0,0.07276302890066565,6.370920348462284,57.17934110398554,0.0
0.19789473684210523,3.201,17.916667,0.514624075635,0.070762207167,0.015755712799665648,0.0,0.08651791996666565,5.948179011160678,57.17934110398554,0.0
0.19789473684210523,3.201,20.0,0.556599706234,0.083837948072,0.015755712799665648,0.0,0.09959366087166564,5.588706162244835,57.17934110398554,0.0
0.26052631578947366,3.201,-5.0,-0.144883554158,0.005493312409,0.015030666394313524,0.0,0.020523978803313525,-7.059233277643468,57.17934110398554,0.0
0.26052631578947366,3.201,-2.916667,-0.083608787107,0.001697787304,0.015030666394313524,0.0,0.016728453698313526,-4.997998536794168,57.17934110398554,0.0
0.26052631578947366,3.201,-0.833333,-0.022313367526,0.000153012713,0.015030666394313524,0.0,0.015183679107313525,-1.4695626381653653,57.17934110398554,0.0
0.26052631578947366,3.201,1.25,0.035322980124,0.000342484021,0.015030666394313524,0.0,0.015373150415313525,2.297706011437579,57.17934110398554,0.0
0.26052631578947366,3.201,3.333333,0.095751908832,0.002462574937,0.015030666394313524,0.0,0.017493241331313525,5.473651624562034,57.17934110398554,0.0
0.26052631578947366,3.201,5.416667,0.157288415986,0.006564187271,0.015030666394313524,0.0,0.021594853665313524,7.28360647512248,57.17934110398554,0.0
0.26052631578947366,3.201,7.5,0.218733817042,0.012610096741,0.015030666394313524,0.0,0.027640763135313523,7.913450723889319,57.17934110398554,0.0
0.26052631578947366,3.201,9.583333,0.279855780665,0.020564208909,0.015030666394313524,0.0,0.035594875303313525,7.862249222121822,57.17934110398554,0.0
0.26052631578947366,3.201,11.666667,0.346586057901,0.031685668772,0.015030666394313524,0.0,0.04671633516631352,7.418947926183178,57.17934110398554,0.0
0.26052631578947366,3.201,13.75,0.407342823158,0.043843949381,0.015030666394313524,0.0,0.05887461577531353,6.918819219348541,57.17934110398554,0.0
0.26052631578947366,3.201,15.833333,0.46462549048,0.057263716807,0.015030666394313524,0.0,0.07229438320131353,6.426854617269329,57.17934110398554,0.0
0.26052631578947366,3.201,17.916667,0.515466091171,0.070990841956,0.015030666394313524,0.0,0.08602150835031352,5.992293102694952,57.17934110398554,0.0
0.26052631578947366,3.201,20.0,0.556812924554,0.083881015377,0.015030666394313524,0.0,0.09891168177131353,5.629394977242086,57.17934110398554,0.0
0.3231578947368421,3.201,-5.0,-0.14546135336,0.005535858762,0.014494729381651455,0.0,0.020030588143651454,-7.261961172423331,57.17934110398554,0.0
0.3231578947368421,3.201,-2.916667,-0.083916993413,0.001707284535,0.014494729381651455,0.0,0.016202013916651454,-5.179417438146697,57.17934110398554,0.0
0.3231578947368421,3.201,-0.833333,-0.022412623778,0.000154355875,0.014494729381651455,0.0,0.014649085256651454,-1.5299674611302772,57.17934110398554,0.0
0.3231578947368421,3.201,1.25,0.035461949444,0.000345161315,0.014494729381651455,0.0,0.014839890696651455,2.3896368355328796,57.17934110398554,0.0
0.3231578947368421,3.201,3.333333,0.096129285453,0.002482067248,0.014494729381651455,0.0,0.016976796629651455,5.662392473094825,57.17934110398554,0.0
0.3231578947368421,3.201,5.416667,0.157907546488,0.006616379091,0.014494729381651455,0.0,0.021111108472651456,7.479832084258509,57.17934110398554,0.0
0.3231578947368421,3.201,7.5,0.219576973984,0.01270750678,0.014494729381651455,0.0,0.027202236161651454,8.072019251621313,57.17934110398554,0.0
0.3231578947368421,3.201,9.583333,0.28090689026,0.020721094642,0.014494729381651455,0.0,0.035215824023651456,7.976723477245311,57.17934110398554,0.0
0.3231578947368421,3.201,11.666667,0.347811274547,0.031907397496,0.014494729381651455,0.0,0.04640212687765145,7.495589059184171,57.17934110398554,0.0
0.3231578947368421,3.201,13.75,0.408682513679,0.044126429361,0.014494729381651455,0.0,0.05862115874265146,6.971587093205164,57.17934110398554,0.0
0.3231578947368421,3.201,15.833333,0.465978074943,0.057594099925,0.014494729381651455,0.0,0.07208882930665146,6.463942880259887,57.17934110398554,0.0
0.3231578947368421,3.201,17.916667,0.516567022646,0.071278335779,0.014494729381651455,0.0,0.08577306516065146,6.0224852834450875,57.17934110398554,0.0
0.3231578947368421,3.201,20.0,0.557602874466,0.084122592,0.014494729381651455,0.0,0.09861732138165145,5.654208273494503,57.17934110398554,0.0
0.38578947368421046,3.201,-5.0,-0.146282824113,0.005595503585,0.01407380816538185,0.0,0.01966931175038185,-7.437109440810005,57.17934110398554,0.0
0.38578947368421046,3.201,-2.916667,-0.084366677165,0.001720809926,0.01407380816538185,0.0,0.01579461809138185,-5.341482565572997,57.17934110398554,0.0
0.38578947368421046,3.201,-0.833333,-0.022552680281,0.000156228657,0.01407380816538185,0.0,0.014230036822381852,-1.5848645061499629,57.17934110398554,0.0
0.38578947368421046,3.201,1.25,0.035662529513,0.000348963599,0.01407380816538185,0.0,0.01442277176438185,2.4726543618385044,57.17934110398554,0.0
0.38578947368421046,3.201,3.333333,0.096665996558,0.002509349012,0.01407380816538185,0.0,0.01658315717738185,5.82916724023125,57.17934110398554,0.0
0.38578947368421046,3.201,5.416667,0.158786302066,0.006689300144,0.01407380816538185,0.0,0.02076310830938185,7.647520770974937,57.17934110398554,0.0
0.38578947368421046,3.201,7.5,0.220774889678,0.012845395693,0.01407380816538185,0.0,0.02691920385838185,8.201390012849773,57.17934110398554,0.0
0.38578947368421046,3.201,9.583333,0.282403250866,0.020941772865,0.01407380816538185,0.0,0.035015581030381854,8.065073962958607,57.17934110398554,0.0
0.38578947368421046,3.201,11.666667,0.343980927054,0.031065564918,0.01407380816538185,0.0,0.045139373083381854,7.620418795329642,57.17934110398554,0.0
0.38578947368421046,3.201,13.75,0.410643865073,0.044533440798,0.01407380816538185,0.0,0.05860724896338185,7.006707742408668,57.17934110398554,0.0
0.38578947368421046,3.201,15.833333,0.467983652316,0.058073005369,0.01407380816538185,0.0,0.07214681353438185,6.48654638216254,57.17934110398554,0.0
0.38578947368421046,3.201,17.916667,0.517283351749,0.071440497317,0.01407380816538185,0.0,0.08551430548238186,6.0490855749927555,57.17934110398554,0.0
0.38578947368421046,3.201,20.0,0.558885284582,0.08453303607,0.01407380816538185,0.0,0.09860684423538185,5.667814327856385,57.17934110398554,0.0
0.4484210526315789,3.201,-5.0,-0.14720622549,0.005667443288,0.013729623875535285,0.0,0.019397067163535286,-7.589097065495255,57.17934110398554,0.0
0.4484210526315789,3.201,-2.916667,-0.084808797395,0.001726925779,0.013729623875535285,0.0,0.015456549654535285,-5.486916504041073,57.17934110398554,0.0
0.4484210526315789,3.201,-0.833333,-0.022703346444,0.0001586369,0.013729623875535285,0.0,0.013888260775535285,-1.6347148725773377,57.17934110398554,0.0
0.4484210526315789,3.201,1.25,0.035878583318,0.000353336274,0.013729623875535285,0.0,0.014082960149535285,2.547659223418589,57.17934110398554,0.0
0.4484210526315789,3.201,3.333333,0.097256497513,0.00254137903,0.013729623875535285,0.0,0.016271002905535285,5.977289665403108,57.17934110398554,0.0
0.4484210526315789,3.201,5.416667,0.159781212049,0.006777037671,0.013729623875535285,0.0,0.020506661546535285,7.791673534300659,57.17934110398554,0.0
0.4484210526315789,3.201,7.5,0.222137424669,0.013011723462,0.013729623875535285,0.0,0.026741347337535283,8.306889771301782,57.17934110398554,0.0
0.4484210526315789,3.201,9.583333,0.284100999511,0.021205985717,0.013729623875535285,0.0,0.034935609592535284,8.132132309255713,57.17934110398554,0.0
0.4484210526315789,3.201,11.666667,0.345827596879,0.031402641906,0.013729623875535285,0.0,0.045132265781535286,7.662535680193715,57.17934110398554,0.0
0.4484210526315789,3.201,13.75,0.412700990492,0.044976254642,0.013729623875535285,0.0,0.05870587851753529,7.029977251234343,57.17934110398554,0.0
0.4484210526315789,3.201,15.833333,0.470018328446,0.058575993876,0.013729623875535285,0.0,0.07230561775153528,6.5004399804885145,57.17934110398554,0.0
0.4484210526315789,3.201,17.916667,0.518881007248,0.071880480587,0.013729623875535285,0.0,0.08561010446253528,6.0609785551082105,57.17934110398554,0.0
0.4484210526315789,3.201,20.0,0.560029780529,0.084896768933,0.013729623875535285,0.0,0.09862639280853527,5.678295277575377,57.17934110398554,0.0
0.5110526315789473,3.201,-5.0,-0.148335964713,0.005750952507,0.013439975046156773,0.0,0.019190927553156774,-7.729483856479869,57.17934110398554,0.0
0.5110526315789473,3.201,-2.916667,-0.085428978494,0.001747109102,0.013439975046156773,0.0,0.015187084148156773,-5.62510733861762,57.17934110398554,0.0
0.5110526315789473,3.201,-0.833333,-0.022904859362,0.000161367999,0.013439975046156773,0.0,0.013601343045156773,-1.6840145334144825,57.17934110398554,0.0
0.5110526315789473,3.201,1.25,0.036155403011,0.000358732965,0.013439975046156773,0.0,0.013798708011156773,2.6202020494793428,57.17934110398554,0.0
0.5110526315789473,3.201,3.333333,0.097980829938,0.002579352939,0.013439975046156773,0.0,0.016019327985156772,6.116413249593698,57.17934110398554,0.0
0.5110526315789473,3.201,5.416667,0.160955823497,0.006877083566,0.013439975046156773,0.0,0.020317058612156772,7.922201071009934,57.17934110398554,0.0
0.5110526315789473,3.201,7.5,0.223739036062,0.013201900978,0.013439975046156773,0.0,0.026641876024156772,8.398021065000487,57.17934110398554,0.0
0.5110526315789473,3.201,9.583333,0.286100360579,0.02150735194,0.013439975046156773,0.0,0.03494732698615677,8.186616409670737,57.17934110398554,0.0
0.5110526315789473,3.201,11.666667,0.348138342168,0.03182317281,0.013439975046156773,0.0,0.045263147856156774,7.691430195583394,57.17934110398554,0.0
0.5110526315789473,3.201,13.75,0.415332237527,0.045533860957,0.013439975046156773,0.0,0.058973836003156775,7.042652567229439,57.17934110398554,0.0
0.5110526315789473,3.201,15.833333,0.472652715154,0.059220167594,0.013439975046156773,0.0,0.07266014264015677,6.504979180880124,57.17934110398554,0.0
0.5110526315789473,3.201,17.916667,0.521028146399,0.072465769483,0.013439975046156773,0.0,0.08590574452915678,6.0651141463788925,57.17934110398554,0.0
0.5110526315789473,3.201,20.0,0.561623640308,0.085374733824,0.013439975046156773,0.0,0.09881470887015678,5.683603653034868,57.17934110398554,0.0
0.5736842105263157,3.201,-5.0,-0.149160828981,0.005808511335,0.01319090626842658,0.0,0.01899941760342658,-7.850810592957258,57.17934110398554,0.0
0.5736842105263157,3.201,-2.916667,-0.085912890806,0.00177263379,0.01319090626842658,0.0,0.01496354005842658,-5.741481659456576,57.17934110398554,0.0
0.5736842105263157,3.201,-0.833333,-0.023087927693,0.000164046717,0.01319090626842658,0.0,0.01335495298542658,-1.7287913868505864,57.17934110398554,0.0
0.5736842105263157,3.201,1.25,0.036358621971,0.000362746014,0.01319090626842658,0.0,0.01355365228242658,2.682570071400012,57.17934110398554,0.0
0.5736842105263157,3.201,3.333333,0.098530330166,0.002608802144,0.01319090626842658,0.0,0.01579970841242658,6.236211934677555,57.17934110398554,0.0
0.5736842105263157,3.201,5.416667,0.161827827137,0.006953886213,0.01319090626842658,0.0,0.02014479248142658,8.033233764319222,57.17934110398554,0.0
0.5736842105263157,3.201,7.5,0.224908548365,0.013346824405,0.01319090626842658,0.0,0.02653773067342658,8.47504826741689,57.17934110398554,0.0
0.5736842105263157,3.201,9.583333,0.287537795551,0.021737950202,0.01319090626842658,0.0,0.03492885647042658,8.232098746045446,57.17934110398554,0.0
0.5736842105263157,3.201,11.666667,0.349832121183,0.032152102949,0.01319090626842658,0.0,0.04534300921742658,7.715238296282942,57.17934110398554,0.0
0.5736842105263157,3.201,13.75,0.415718467434,0.045605893078,0.01319090626842658,0.0,0.05879679934642658,7.0704268268858685,57.17934110398554,0.0
0.5736842105263157,3.201,15.833333,0.474475261377,0.05970056349,0.01319090626842658,0.0,0.07289146975842657,6.509338650317839,57.17934110398554,0.0
0.5736842105263157,3.201,17.916667,0.52287141039,0.073027566136,0.01319090626842658,0.0,0.08621847240442658,6.064494020925787,57.17934110398554,0.0
0.5736842105263157,3.201,20.0,0.562672136492,0.085721562624,0.01319090626842658,0.0,0.09891246889242658,5.688586512828233,57.17934110398554,0.0
0.6363157894736842,3.201,-5.0,-0.150659208095,0.005918979203,0.01297310850349647,0.0,0.01889208770649647,-7.9747252096015,57.17934110398554,0.0
0.6363157894736842,3.201,-2.916667,-0.086715980108,0.001789854254,0.01297310850349647,0.0,0.014762962757496471,-5.873887344460486,57.17934110398554,0.0
0.6363157894736842,3.201,-0.833333,-0.023388598373,0.000167965908,0.01297310850349647,0.0,0.013141074411496471,-1.7798086853947406,57.17934110398554,0.0
0.6363157894736842,3.201,1.25,0.036719345704,0.000369851271,0.01297310850349647,0.0,0.01334295977449647,2.7519640562946757,57.17934110398554,0.0
0.6363157894736842,3.201,3.333333,0.099496490098,0.002659967448,0.01297310850349647,0.0,0.01563307595149647,6.364485812433844,57.17934110398554,0.0
0.6363157894736842,3.201,5.416667,0.163411396879,0.007090954875,0.01297310850349647,0.0,0.02006406337849647,8.144481693281287,57.17934110398554,0.0
0.6363157894736842,3.201,7.5,0.227075209563,0.01360793863,0.01297310850349647,0.0,0.02658104713349647,8.542748839899842,57.17934110398554,0.0
0.6363157894736842,3.201,9.583333,0.290245899867,0.022155561677,0.01297310850349647,0.0,0.035128670180496466,8.26236513866515,57.17934110398554,0.0
0.6363157894736842,3.201,11.666667,0.352017905267,0.032535830738,0.01297310850349647,0.0,0.045508939241496474,7.735137560534899,57.17934110398554,0.0
0.6363157894736842,3.201,13.75,0.412640735707,0.044752663754,0.01297310850349647,0.0,0.05772577225749647,7.148293033938806,57.17934110398554,0.0
0.6363157894736842,3.201,15.833333,0.477974551559,0.060571010995,0.01297310850349647,0.0,0.07354411949849647,6.499153906775261,57.17934110398554,0.0
0.6363157894736842,3.201,17.916667,0.525720101231,0.073838091923,0.01297310850349647,0.0,0.08681120042649648,6.055901757471147,57.17934110398554,0.0
0.6363157894736842,3.201,20.0,0.564826996238,0.086447638279,0.01297310850349647,0.0,0.09942074678249646,5.68117837088547,57.17934110398554,0.0
0.6989473684210525,3.201,-5.0,-0.151685751345,0.005995110246,0.012780081316676016,0.0,0.018775191562676017,-8.079052127837802,57.17934110398554,0.0
0.6989473684210525,3.201,-2.916667,-0.087165419184,0.00177523601,0.012780081316676016,0.0,0.014555317326676016,-5.988561927416658,57.17934110398554,0.0
0.6989473684210525,3.201,-0.833333,-0.023630175749,0.000171559827,0.012780081316676016,0.0,0.012951641143676015,-1.8244927794759096,57.17934110398554,0.0
0.6989473684210525,3.201,1.25,0.036967558309,0.000374921911,0.012780081316676016,0.0,0.013155003227676015,2.810151975578857,57.17934110398554,0.0
0.6989473684210525,3.201,3.333333,0.10018534215,0.002698742351,0.012780081316676016,0.0,0.015478823667676016,6.472413169174747,57.17934110398554,0.0
0.6989473684210525,3.201,5.416667,0.164589669181,0.007199266011,0.012780081316676016,0.0,0.019979347327676016,8.237990284747953,57.17934110398554,0.0
0.6989473684210525,3.201,7.5,0.22871413232,0.01381570108,0.012780081316676016,0.0,0.026595782396676017,8.599639179954528,57.17934110398554,0.0
0.6989473684210525,3.201,9.583333,0.29227728113,0.022484281574,0.012780081316676016,0.0,0.03526436289067601,8.288176991488449,57.17934110398554,0.0
0.6989473684210525,3.201,11.666667,0.3542957523,0.032975462331,0.012780081316676016,0.0,0.04575554364767602,7.743231181518157,57.17934110398554,0.0
0.6989473684210525,3.201,13.75,0.415068939721,0.045292228717,0.012780081316676016,0.0,0.058072310033676015,7.14745012692456,57.17934110398554,0.0
0.6989473684210525,3.201,15.833333,0.479455709869,0.06091936155,0.012780081316676016,0.0,0.07369944286667601,6.505554061464839,57.17934110398554,0.0
0.6989473684210525,3.201,17.916667,0.528167595497,0.074542801891,0.012780081316676016,0.0,0.08732288320767602,6.048444303435139,57.17934110398554,0.0
0.6989473684210525,3.201,20.0,0.566092814972,0.086811908138,0.012780081316676016,0.0,0.09959198945467601,5.68411995855979,57.17934110398554,0.0
0.7615789473684209,3.201,-5.0,-0.15293285481,0.006079217162,0.012607117323292455,0.0,0.018686334485292454,-8.184208354526117,57.17934110398554,0.0
0.7615789473684209,3.201,-2.916667,-0.087718428984,0.001855197215,0.012607117323292455,0.0,0.014462314538292454,-6.065310552591313,57.17934110398554,0.0
0.7615789473684209,3.201,-0.833333,-0.023966943756,0.000176392194,0.012607117323292455,0.0,0.012783509517292454,-1.8748328636654543,57.17934110398554,0.0
0.7615789473684209,3.201,1.25,0.037359716304,0.00038289295,0.012607117323292455,0.0,0.012990010273292454,2.8760343924293745,57.17934110398554,0.0
0.7615789473684209,3.201,3.333333,0.101254442307,0.002757321633,0.012607117323292455,0.0,0.015364438956292454,6.5901815611387216,57.17934110398554,0.0
0.7615789473684209,3.201,5.416667,0.166349628846,0.007357849497,0.012607117323292455,0.0,0.019964966820292453,8.332076398790791,57.17934110398554,0.0
0.7615789473684209,3.201,7.5,0.231106237582,0.014115650108,0.012607117323292455,0.0,0.026722767431292455,8.64828982163628,57.17934110398554,0.0
0.7615789473684209,3.201,9.583333,0.29521691604,0.022957942426,0.012607117323292455,0.0,0.03556505974929246,8.300756926069079,57.17934110398554,0.0
0.7615789473684209,3.201,11.666667,0.357614202157,0.033612723306,0.012607117323292455,0.0,0.04621984062929246,7.737244380075969,57.17934110398554,0.0
0.7615789473684209,3.201,13.75,0.418635606883,0.046091796995,0.012607117323292455,0.0,0.05869891431829246,7.131913967147085,57.17934110398554,0.0
0.7615789473684209,3.201,15.833333,0.475691037519,0.059757739132,0.012607117323292455,0.0,0.07236485645529245,6.573509032148575,57.17934110398554,0.0
0.7615789473684209,3.201,17.916667,0.530582465875,0.075235108504,0.012607117323292455,0.0,0.08784222582729245,6.040175563380918,57.17934110398554,0.0
0.7615789473684209,3.201,20.0,0.568204800961,0.08749409771,0.012607117323292455,0.0,0.10010121503329245,5.6763027379040505,57.17934110398554,0.0
0.8242105263157894,3.201,-5.0,-0.154935501886,0.006232058181,0.012450705061653848,0.0,0.018682763242653846,-8.292965011314447,57.17934110398554,0.0
0.8242105263157894,3.201,-2.916667,-0.087742150251,0.001882616602,0.012450705061653848,0.0,0.014333321663653848,-6.121550350292829,57.17934110398554,0.0
0.8242105263157894,3.201,-0.833333,-0.02415444881,0.000179392804,0.012450705061653848,0.0,0.012630097865653849,-1.9124514367925323,57.17934110398554,0.0
0.8242105263157894,3.201,1.25,0.037794054885,0.000392310583,0.012450705061653848,0.0,0.012843015644653849,2.942771069560481,57.17934110398554,0.0
0.8242105263157894,3.201,3.333333,0.10262528529,0.002836329553,0.012450705061653848,0.0,0.015287034614653848,6.713223844709911,57.17934110398554,0.0
0.8242105263157894,3.201,5.416667,0.168230192491,0.007539266031,0.012450705061653848,0.0,0.01998997109265385,8.415729653197108,57.17934110398554,0.0
0.8242105263157894,3.201,7.5,0.234328039011,0.014548410058,0.012450705061653848,0.0,0.026999115119653846,8.679100702838305,57.17934110398554,0.0
0.8242105263157894,3.201,9.583333,0.299208953704,0.023645014163,0.012450705061653848,0.0,0.03609571922465385,8.289319623797283,57.17934110398554,0.0
0.8242105263157894,3.201,11.666667,0.362164571706,0.034548950921,0.012450705061653848,0.0,0.04699965598265385,7.705685587138426,57.17934110398554,0.0
0.8242105263157894,3.201,13.75,0.423532738765,0.047272643975,0.012450705061653848,0.0,0.05972334903665385,7.091577173695776,57.17934110398554,0.0
0.8242105263157894,3.201,15.833333,0.480170389455,0.061009967631,0.012450705061653848,0.0,0.07346067269265386,6.536427885216161,57.17934110398554,0.0
0.8242105263157894,3.201,17.916667,0.525767580968,0.073676333649,0.012450705061653848,0.0,0.08612703871065386,6.10455890320728,57.17934110398554,0.0
0.8242105263157894,3.201,20.0,0.560877742805,0.084871822393,0.012450705061653848,0.0,0.09732252745465383,5.7630823764449985,57.17934110398554,0.0
0.8868421052631578,3.201,-5.0,-0.157637409026,0.006420528946,0.01230815987380042,0.011211193891624463,0.029939882711424882,-5.265131147819979,57.17934110398554,0.0
0.8868421052631578,3.201,-2.916667,-0.089009172812,0.001935515964,0.01230815987380042,0.02362410618577811,0.03786778202357853,-2.350525118069447,57.17934110398554,0.0
0.8868421052631578,3.201,-0.833333,-0.024668051388,0.000186818004,0.01230815987380042,0.031099333759174817,0.04359431163697523,-0.5658548205421687,57.17934110398554,0.0
0.8868421052631578,3.201,1.25,0.038433738509,0.000405695507,0.01230815987380042,0.03621347064075314,0.048927326021553565,0.7855270588887096,57.17934110398554,0.0
0.8868421052631578,3.201,3.333333,0.104390151476,0.002936161215,0.01230815987380042,0.04010389844611942,0.055348219534919835,1.8860615996895627,57.17934110398554,0.0
0.8868421052631578,3.201,5.416667,0.17111990064,0.00780846544,0.01230815987380042,0.043049912650709204,0.06316653796450962,2.709027693367403,57.17934110398554,0.0
0.8868421052631578,3.201,7.5,0.238304527517,0.015065838706,0.01230815987380042,0.04533258153833062,0.07270658011813104,3.2776198128121465,57.17934110398554,0.0
0.8868421052631578,3.201,9.583333,0.304094913589,0.024462955538,0.01230815987380042,0.04709879997345892,0.08386991538525934,3.6257925406521463,57.17934110398554,0.0
0.8868421052631578,3.201,11.666667,0.367696380707,0.035655227677,0.01230815987380042,0.048483430287411394,0.09644681783821182,3.812426256756397,57.17934110398554,0.0
0.8868421052631578,3.201,13.75,0.428748109232,0.048500469343,0.01230815987380042,0.04958657477739565,0.11039520399419607,3.8837566644157935,57.17934110398554,0.0
0.8868421052631578,3.201,15.833333,0.485826927955,0.062582320474,0.01230815987380042,0.05046149067337586,0.1253519710211763,3.875702344344685,57.17934110398554,0.0
0.8868421052631578,3.201,17.916667,0.530645407316,0.075196633227,0.01230815987380042,0.05106242424794698,0.13856721734874738,3.8295162266300418,57.17934110398554,0.0
0.8868421052631578,3.201,20.0,0.564459953472,0.086082477172,0.01230815987380042,0.0514733209178088,0.1498639579636092,3.7664823560116116,57.17934110398554,0.0
0.9494736842105262,3.201,-5.0,-0.158592297098,0.006525329972,0.012177386116042488,0.03294034934044538,0.05164306542848787,-3.0709311266119323,57.17934110398554,0.0
0.9494736842105262,3.201,-2.916667,-0.08907524889,0.001954720092,0.012177386116042488,0.038910201765486915,0.05304230797352941,-1.6793245296651254,57.17934110398554,0.0
0.9494736842105262,3.201,-0.833333,-0.024649519931,0.000188774546,0.012177386116042488,0.042450121461701934,0.054816282123744425,-0.44967515081295023,57.17934110398554,0.0
0.9494736842105262,3.201,1.25,0.038441314578,0.000409913989,0.012177386116042488,0.044867761359701566,0.05745506146474405,0.6690675042021947,57.17934110398554,0.0
0.9494736842105262,3.201,3.333333,0.104935333446,0.002993749183,0.012177386116042488,0.04672014510544498,0.061891280404487464,1.6954784706375474,57.17934110398554,0.0
0.9494736842105262,3.201,5.416667,0.172417065241,0.007997114282,0.012177386116042488,0.04812367344332536,0.06829817384136785,2.524475480727537,57.17934110398554,0.0
0.9494736842105262,3.201,7.5,0.239657824163,0.015367743026,0.012177386116042488,0.04919864849715947,0.07674377763920195,3.1228306911045114,57.17934110398554,0.0
0.9494736842105262,3.201,9.583333,0.305992568997,0.024992112656,0.012177386116042488,0.05003615345982873,0.08720565223187121,3.508861652492387,57.17934110398554,0.0
0.9494736842105262,3.201,11.666667,0.37080969955,0.03659271707,0.012177386116042488,0.050698291459618496,0.09946839464566098,3.7279147901295246,57.17934110398554,0.0
0.9494736842105262,3.201,13.75,0.431925831574,0.049661619452,0.012177386116042488,0.05121577250971212,0.1130547780777546,3.82050045931662,57.17934110398554,0.0
0.9494736842105262,3.201,15.833333,0.487896966721,0.063671796095,0.012177386116042488,0.05161857936778866,0.12746776157883116,3.8276106889918595,57.17934110398554,0.0
0.9494736842105262,3.201,17.916667,0.532056231997,0.076153957355,0.012177386116042488,0.051897309612048234,0.14022865308309074,3.794204824043605,57.17934110398554,0.0
0.9494736842105262,3.201,20.0,0.564617655451,0.086650512703,0.012177386116042488,0.05208403901962618,0.15091193783866869,3.7413717134465556,57.17934110398554,0.0
1.0121052631578946,3.201,-5.0,-0.16128648952,0.014110739189,0.012056718571399607,0.046784529521748316,0.07295198728214793,-2.2108580660895636,57.17934110398554,0.0
1.0121052631578946,3.201,-2.916667,-0.101764489668,0.005184845698,0.012056718571399607,0.048029556838942306,0.0652711211083419,-1.5591043625416463,57.17934110398554,0.0
1.0121052631578946,3.201,-0.833333,-0.024613549091,0.000358014732,0.012056718571399607,0.04905199055476781,0.06146672385816742,-0.4004369770511116,57.17934110398554,0.0
1.0121052631578946,3.201,1.25,0.042805966634,0.000934029505,0.012056718571399607,0.0496427299663863,0.0626334780427859,0.6834358871905305,57.17934110398554,0.0
1.0121052631578946,3.201,3.333333,0.116043707527,0.006758775572,0.012056718571399607,0.05009828510348723,0.06891377924688684,1.683897020235503,57.17934110398554,0.0
1.0121052631578946,3.201,5.416667,0.188943798452,0.017915902706,0.012056718571399607,0.050429753802945454,0.08040237508034506,2.349977824202219,57.17934110398554,0.0
1.0121052631578946,3.201,7.5,0.260748414952,0.034328168068,0.012056718571399607,0.05067753928486188,0.09706242592426148,2.6863991134475036,57.17934110398554,0.0
1.0121052631578946,3.201,9.583333,0.330061825623,0.055724658832,0.012056718571399607,0.05086522380731831,0.11864660121071792,2.781890271233357,57.17934110398554,0.0
1.0121052631578946,3.201,11.666667,0.394479251542,0.081440954609,0.012056718571399607,0.05100662712257033,0.14450430030296993,2.7298789774070995,57.17934110398554,0.0
1.0121052631578946,3.201,13.75,0.452360752943,0.110660214642,0.012056718571399607,0.05111301835960824,0.17382995157300785,2.602317660734148,57.17934110398554,0.0
1.0121052631578946,3.201,15.833333,0.497752787854,0.141102866258,0.012056718571399607,0.05118550083132338,0.204345085660723,2.4358441811535703,57.17934110398554,0.0
1.0121052631578946,3.201,17.916667,0.525789760558,0.169887167834,0.012056718571399607,0.05122619498225821,0.23317008138765782,2.2549623752279184,57.17934110398554,0.0
1.0121052631578946,3.201,20.0,0.536603808483,0.195126691388,0.012056718571399607,0.051241140209959804,0.25842455016935945,2.0764428462053424,57.17934110398554,0.0
1.074736842105263,3.201,-5.0,-0.17479868173,0.015292903009,0.011944813514053016,0.0530962886327199,0.08033400515577292,-2.1758990030567236,57.17934110398554,0.0
1.074736842105263,3.201,-2.916667,-0.102317031959,0.005212997484,0.011944813514053016,0.05176179131244886,0.06891960231050187,-1.4845853505949362,57.17934110398554,0.0
1.074736842105263,3.201,-0.833333,-0.024507703895,0.000356475095,0.011944813514053016,0.05090435652215801,0.06320564513121102,-0.3877454908358821,57.17934110398554,0.0
1.074736842105263,3.201,1.25,0.043048713025,0.000939326254,0.011944813514053016,0.050413369450301684,0.0632975092183547,0.68010121656599,57.17934110398554,0.0
1.074736842105263,3.201,3.333333,0.116876703514,0.006807292096,0.011944813514053016,0.050033020100552175,0.06878512571060519,1.6991566462453978,57.17934110398554,0.0
1.074736842105263,3.201,5.416667,0.190589612363,0.018071961154,0.011944813514053016,0.04975612414559065,0.07977289881364366,2.389152396332415,57.17934110398554,0.0
1.074736842105263,3.201,7.5,0.263128225896,0.034641452271,0.011944813514053016,0.04954979722261156,0.09613606300766459,2.73703975036945,57.17934110398554,0.0
1.074736842105263,3.201,9.583333,0.33287722322,0.056199744874,0.011944813514053016,0.04939432278510658,0.1175388811731596,2.832060505405029,57.17934110398554,0.0
1.074736842105263,3.201,11.666667,0.397512165048,0.082066956756,0.011944813514053016,0.04927756144483908,0.1432893317148921,2.774192330235332,57.17934110398554,0.0
1.074736842105263,3.201,13.75,0.454786720392,0.111254690527,0.011944813514053016,0.0491908285392387,0.17239033258029174,2.638121950256002,57.17934110398554,0.0
1.074736842105263,3.201,15.833333,0.497445352286,0.141023491664,0.011944813514053016,0.04913444116658586,0.20210274634463887,2.461348800464708,57.17934110398554,0.0
1.074736842105263,3.201,17.916667,0.520389759788,0.16817717473,0.011944813514053016,0.04910659539089437,0.22922858363494739,2.270178315182257,57.17934110398554,0.0
1.074736842105263,3.201,20.0,0.522618610391,0.190130734579,0.011944813514053016,0.04910397559446111,0.2511795236875142,2.0806577013864236,57.17934110398554,0.0
1.1373684210526314,3.201,-5.0,-0.172983722707,0.015134114704,0.011840571949738017,0.0510213820003629,0.07799606865410091,-2.217851818585279,57.17934110398554,0.0
1.1373684210526314,3.201,-2.916667,-0.101120224816,0.005152020764,0.011840571949738017,0.04918867747941038,0.0661812701931484,-1.52792813617634,57.17934110398554,0.0
1.1373684210526314,3.201,-0.833333,-0.02409686763,0.000350499308,0.011840571949738017,0.048005329431818164,0.06019640068955618,-0.4003041270568974,57.17934110398554,0.0
1.1373684210526314,3.201,1.25,0.04255215508,0.000928491303,0.011840571949738017,0.047326425103949646,0.06009548835668766,0.7080757015807598,57.17934110398554,0.0
1.1373684210526314,3.201,3.333333,0.115642217835,0.006735391499,0.011840571949738017,0.04679666666778677,0.06537263011652479,1.7689699439791722,57.17934110398554,0.0
1.1373684210526314,3.201,5.416667,0.188741802466,0.017896749213,0.011840571949738017,0.04640945888254311,0.07614678004528112,2.4786576970656355,57.17934110398554,0.0
1.1373684210526314,3.201,7.5,0.26068885672,0.034320290353,0.011840571949738017,0.046120442332969046,0.09228130463570706,2.824936835788186,57.17934110398554,0.0
1.1373684210526314,3.201,9.583333,0.329862312491,0.055690859672,0.011840571949738017,0.045902418474451014,0.11343385009618903,2.9079707002035557,57.17934110398554,0.0
1.1373684210526314,3.201,11.666667,0.39405593306,0.081354369149,0.011840571949738017,0.04573831324657926,0.13893325434531728,2.8362967161236843,57.17934110398554,0.0
1.1373684210526314,3.201,13.75,0.45054773832,0.110220501152,0.011840571949738017,0.04561712731355545,0.16767820041529347,2.686978612628925,57.17934110398554,0.0
1.1373684210526314,3.201,15.833333,0.491546960427,0.139357185081,0.011840571949738017,0.04554015432015437,0.19673791135089239,2.498486219823185,57.17934110398554,0.0
1.1373684210526314,3.201,17.916667,0.512708347517,0.165704534775,0.011840571949738017,0.04550353269286687,0.22304863941760486,2.2986392064785344,57.17934110398554,0.0
1.1373684210526314,3.201,20.0,0.51370978956,0.186903689916,0.011840571949738017,0.045501848116965796,0.2442461099827038,2.1032465556826194,57.17934110398554,0.0
1.2,3.201,-5.0,-0.17033313973,0.014902218721,0.011743084313845197,0.04037095282263113,0.06701625585747634,-2.541668995836592,57.17934110398554,0.0
1.2,3.201,-2.916667,-0.099506869177,0.00506982126,0.011743084313845197,0.04037095282263113,0.05718385839647633,-1.740121635148908,57.17934110398554,0.0
1.2,3.201,-0.833333,-0.023656085336,0.0003440879,0.011743084313845197,0.04037095282263113,0.05245812503647633,-0.45095178906129285,57.17934110398554,0.0
1.2,3.201,1.25,0.041942628481,0.000915191434,0.011743084313845197,0.04037095282263113,0.05302922857047633,0.7909341623791087,57.17934110398554,0.0
1.2,3.201,3.333333,0.114055895602,0.006642998718,0.011743084313845197,0.04037095282263113,0.05875703585447633,1.9411444764586572,57.17934110398554,0.0
1.2,3.201,5.416667,0.18630015545,0.017665228986,0.011743084313845197,0.04037095282263113,0.06977926612247633,2.669849739075883,57.17934110398554,0.0
1.2,3.201,7.5,0.257454447762,0.033894472101,0.011743084313845197,0.04037095282263113,0.08600850923747633,2.993360192433377,57.17934110398554,0.0
1.2,3.201,9.583333,0.325992507417,0.055037711558,0.011743084313845197,0.04037095282263113,0.10715174869447633,3.042344258389176,57.17934110398554,0.0
1.2,3.201,11.666667,0.389935823745,0.080505649728,0.011743084313845197,0.04037095282263113,0.13261968686447634,2.94025595267371,57.17934110398554,0.0
1.2,3.201,13.75,0.445980463525,0.109107766409,0.011743084313845197,0.04037095282263113,0.16122180354547633,2.7662540284087624,57.17934110398554,0.0
1.2,3.201,15.833333,0.486361032474,0.137894111358,0.011743084313845197,0.04037095282263113,0.19000814849447634,2.5596851310202564,57.17934110398554,0.0
1.2,3.201,17.916667,0.507140126558,0.163913415649,0.011743084313845197,0.04037095282263113,0.2160274527854763,2.3475725886635805,57.17934110398554,0.0
1.2,3.201,20.0,0.508120333408,0.18487753468,0.011743084313845197,0.04037095282263113,0.23699157181647634,2.1440438979048704,57.17934110398554,0.0
0.01,3.201,-5.0,-0.143769845682,0.00541010167,0.028241044125843627,0.0,0.03365114579584363,-4.272361082568473,57.17934110398554,1000.0
0.01,3.201,-2.916667,-0.082993533372,0.001676633787,0.028241044125843627,0.0,0.029917677912843627,-2.774063335188556,57.17934110398554,1000.0
0.01,3.201,-0.833333,-0.022135019161,0.000150594394,0.028241044125843627,0.0,0.028391638519843627,-0.779631620962252,57.17934110398554,1000.0
0.01,3.201,1.25,0.035050573776,0.000337258693,0.028241044125843627,0.0,0.028578302818843628,1.2264749939205195,57.17934110398554,1000.0
0.01,3.201,3.333333,0.095017554368,0.002425190355,0.028241044125843627,0.0,0.030666234480843626,3.098442178395098,57.17934110398554,1000.0
0.01,3.201,5.416667,0.156089626199,0.006465084796,0.028241044125843627,0.0,0.034706128921843625,4.49746575166898,57.17934110398554,1000.0
0.01,3.201,7.5,0.217099263575,0.01242245198,0.028241044125843627,0.0,0.040663496105843626,5.338922728382947,57.17934110398554,1000.0
0.01,3.201,9.583333,0.277820685904,0.020265615907,0.028241044125843627,0.0,0.048506660032843624,5.7274750666380445,57.17934110398554,1000.0
0.01,3.201,11.666667,0.344181623435,0.031254952444,0.028241044125843627,0.0,0.059495996569843626,5.784954337741999,57.17934110398554,1000.0
0.01,3.201,13.75,0.404693263142,0.04329420396,0.028241044125843627,0.0,0.07153524808584363,5.657256722676918,57.17934110398554,1000.0
0.01,3.201,15.833333,0.461859165835,0.056604918712,0.028241044125843627,0.0,0.08484596283784362,5.443501969771956,57.17934110398554,1000.0
0.01,3.201,17.916667,0.513246349725,0.0704158324,0.028241044125843627,0.0,0.09865687652584362,5.202337310877188,57.17934110398554,1000.0
0.01,3.201,20.0,0.556008149009,0.08370013044,0.028241044125843627,0.0,0.11194117456584363,4.96696725905763,57.17934110398554,1000.0
0.07263157894736841,3.201,-5.0,-0.143846817824,0.005415709882,0.018951400488873473,0.0,0.024367110370873475,-5.903318679753802,57.17934110398554,1000.0
0.07263157894736841,3.201,-2.916667,-0.083035199327,0.001677892194,0.018951400488873473,0.0,0.020629292682873474,-4.025111311544684,57.17934110398554,1000.0
0.07263157894736841,3.201,-0.833333,-0.022147921265,0.000150767047,0.018951400488873473,0.0,0.019102167535873474,-1.1594454515911172,57.17934110398554,1000.0
0.07263157894736841,3.201,1.25,0.035069082898,0.000337611573,0.018951400488873473,0.0,0.019289012061873473,1.8180860059348145,57.17934110398554,1000.0
0.07263157894736841,3.201,3.333333,0.095067910098,0.002427780803,0.018951400488873473,0.0,0.021379181291873474,4.446751669304411,57.17934110398554,1000.0
0.07263157894736841,3.201,5.416667,0.156172115648,0.006471974981,0.018951400488873473,0.0,0.02542337546987347,6.142855256693309,57.17934110398554,1000.0
0.07263157894736841,3.201,7.5,0.21721187601,0.012435503319,0.018951400488873473,0.0,0.03138690380787347,6.920462028991593,57.17934110398554,1000.0
0.07263157894736841,3.201,9.583333,0.277959676509,0.020286123728,0.018951400488873473,0.0,0.03923752421687347,7.084026886422866,57.17934110398554,1000.0
0.07263157894736841,3.201,11.666667,0.344345497394,0.031284316892,0.018951400488873473,0.0,0.05023571738087347,6.854595004252982,57.17934110398554,1000.0
0.07263157894736841,3.201,13.75,0.404871541962,0.043332005764,0.018951400488873473,0.0,0.06228340625287347,6.500472057006694,57.17934110398554,1000.0
0.07263157894736841,3.201,15.833333,0.462044547368,0.056649542858,0.018951400488873473,0.0,0.07560094334687348,6.111624100350702,57.17934110398554,1000.0
0.07263157894736841,3.201,17.916667,0.513395736054,0.070456228024,0.018951400488873473,0.0,0.08940762851287348,5.742191629432135,57.17934110398554,1000.0
0.07263157894736841,3.201,20.0,0.555906281155,0.0836567098,0.018951400488873473,0.0,0.10260811028887348,5.417761613482134,57.17934110398554,1000.0
0.13526315789473684,3.201,-5.0,-0.144144951151,0.005437425554,0.016924419162847825,0.0,0.022361844716847823,-6.4460223642640075,57.17934110398554,1000.0
0.13526315789473684,3.201,-2.916667,-0.083206763861,0.001683829709,0.016924419162847825,0.0,0.018608248871847824,-4.4714988731090335,57.17934110398554,1000.0
0.13526315789473684,3.201,-0.833333,-0.022195723117,0.00015138596,0.016924419162847825,0.0,0.017075805122847825,-1.299834646584342,57.17934110398554,1000.0
0.13526315789473684,3.201,1.25,0.035143488132,0.000339011197,0.016924419162847825,0.0,0.017263430359847825,2.035718707084922,57.17934110398554,1000.0
0.13526315789473684,3.201,3.333333,0.095267286228,0.00243780653,0.016924419162847825,0.0,0.019362225692847825,4.920265249422777,57.17934110398554,1000.0
0.13526315789473684,3.201,5.416667,0.156496463431,0.006498554086,0.016924419162847825,0.0,0.023422973248847824,6.68132357785526,57.17934110398554,1000.0
0.13526315789473684,3.201,7.5,0.217655122943,0.012485935742,0.016924419162847825,0.0,0.029410354904847825,7.400628916148273,57.17934110398554,1000.0
0.13526315789473684,3.201,9.583333,0.27851570507,0.020366558873,0.016924419162847825,0.0,0.03729097803584783,7.468715484004275,57.17934110398554,1000.0
0.13526315789473684,3.201,11.666667,0.345012836642,0.031401646436,0.016924419162847825,0.0,0.04832606559884782,7.139270130242627,57.17934110398554,1000.0
0.13526315789473684,3.201,13.75,0.405623648656,0.043487267738,0.016924419162847825,0.0,0.06041168690084782,6.714324155882948,57.17934110398554,1000.0
0.13526315789473684,3.201,15.833333,0.462862156312,0.056843264797,0.016924419162847825,0.0,0.07376768395984783,6.27459249722329,57.17934110398554,1000.0
0.13526315789473684,3.201,17.916667,0.514085554888,0.070632361783,0.016924419162847825,0.0,0.08755678094584783,5.8714533510083236,57.17934110398554,1000.0
0.13526315789473684,3.201,20.0,0.556230494568,0.0837387333,0.016924419162847825,0.0,0.10066315246284784,5.525661386109384,57.17934110398554,1000.0
0.19789473684210523,3.201,-5.0,-0.144439739446,0.005460333309,0.015830746446491715,0.0,0.021291079755491715,-6.784049522370697,57.17934110398554,1000.0
0.19789473684210523,3.201,-2.916667,-0.083370958599,0.00169117465,0.015830746446491715,0.0,0.017521921096491713,-4.758094625576915,57.17934110398554,1000.0
0.19789473684210523,3.201,-0.833333,-0.022239280174,0.000152017872,0.015830746446491715,0.0,0.015982764318491716,-1.3914539269198651,57.17934110398554,1000.0
0.19789473684210523,3.201,1.25,0.035216346674,0.000340436896,0.015830746446491715,0.0,0.016171183342491714,2.1777223056685555,57.17934110398554,1000.0
0.19789473684210523,3.201,3.333333,0.095462092103,0.002447655008,0.015830746446491715,0.0,0.018278401454491715,5.222671815184431,57.17934110398554,1000.0
0.19789473684210523,3.201,5.416667,0.156813306015,0.006524305506,0.015830746446491715,0.0,0.022355051952491715,7.014669719768709,57.17934110398554,1000.0
0.19789473684210523,3.201,7.5,0.218086903688,0.012534703591,0.015830746446491715,0.0,0.028365450037491715,7.688469719315085,57.17934110398554,1000.0
0.19789473684210523,3.201,9.583333,0.279054432285,0.020444803408,0.015830746446491715,0.0,0.03627554985449172,7.6926313565015985,57.17934110398554,1000.0
0.19789473684210523,3.201,11.666667,0.345642661439,0.031514698299,0.015830746446491715,0.0,0.04734544474549171,7.30044174887411,57.17934110398554,1000.0
0.19789473684210523,3.201,13.75,0.406313639365,0.043628718326,0.015830746446491715,0.0,0.05945946477249171,6.833456051440555,57.17934110398554,1000.0
0.19789473684210523,3.201,15.833333,0.463567461439,0.057007316101,0.015830746446491715,0.0,0.07283806254749171,6.364357387138706,57.17934110398554,1000.0
0.19789473684210523,3.201,17.916667,0.514624075635,0.070762207167,0.015830746446491715,0.0,0.08659295361349172,5.943024855486837,57.17934110398554,1000.0
0.19789473684210523,3.201,20.0,0.556599706234,0.083837948072,0.015830746446491715,0.0,0.09966869451849171,5.584498813022308,57.17934110398554,1000.0
0.26052631578947366,3.201,-5.0,-0.144883554158,0.005493312409,0.015100921600019999,0.0,0.02059423400902,-7.035151396965914,57.17934110398554,1000.0
0.26052631578947366,3.201,-2.916667,-0.083608787107,0.001697787304,0.015100921600019999,0.0,0.01679870890402,-4.9770960128365624,57.17934110398554,1000.0
0.26052631578947366,3.201,-0.833333,-0.022313367526,0.000153012713,0.015100921600019999,0.0,0.015253934313019999,-1.462794258065896,57.17934110398554,1000.0
0.26052631578947366,3.201,1.25,0.035322980124,0.000342484021,0.015100921600019999,0.0,0.01544340562102,2.2872532776010193,57.17934110398554,1000.0
0.26052631578947366,3.201,3.333333,0.095751908832,0.002462574937,0.015100921600019999,0.0,0.01756349653702,5.45175663798925,57.17934110398554,1000.0
0.26052631578947366,3.201,5.416667,0.157288415986,0.006564187271,0.015100921600019999,0.0,0.021665108871019998,7.25998733366138,57.17934110398554,1000.0
0.26052631578947366,3.201,7.5,0.218733817042,0.012610096741,0.015100921600019999,0.0,0.02771101834102,7.893387906218273,57.17934110398554,1000.0
0.26052631578947366,3.201,9.583333,0.279855780665,0.020564208909,0.015100921600019999,0.0,0.035665130509019996,7.846761715738633,57.17934110398554,1000.0
0.26052631578947366,3.201,11.666667,0.346586057901,0.031685668772,0.015100921600019999,0.0,0.04678659037202,7.407807560780715,57.17934110398554,1000.0
0.26052631578947366,3.201,13.75,0.407342823158,0.043843949381,0.015100921600019999,0.0,0.05894487098102,6.910572817932924,57.17934110398554,1000.0
0.26052631578947366,3.201,15.833333,0.46462549048,0.057263716807,0.015100921600019999,0.0,0.07236463840702,6.4206151057741945,57.17934110398554,1000.0
0.26052631578947366,3.201,17.916667,0.515466091171,0.070990841956,0.015100921600019999,0.0,0.08609176355602,5.987403090373281,57.17934110398554,1000.0
0.26052631578947366,3.201,20.0,0.556812924554,0.083881015377,0.015100921600019999,0.0,0.09898193697702,5.625399356281254,57.17934110398554,1000.0
0.3231578947368421,3.201,-5.0,-0.14546135336,0.005535858762,0.014561511023326937,0.0,0.020097369785326936,-7.237830368539128,57.17934110398554,1000.0
0.3231578947368421,3.201,-2.916667,-0.083916993413,0.001707284535,0.014561511023326937,0.0,0.016268795558326936,-5.158156491188333,57.17934110398554,1000.0
0.3231578947368421,3.201,-0.833333,-0.022412623778,0.000154355875,0.014561511023326937,0.0,0.014715866898326936,-1.5230243609058545,57.17934110398554,1000.0
0.3231578947368421,3.201,1.25,0.035461949444,0.000345161315,0.014561511023326937,0.0,0.014906672338326937,2.3789313026504817,57.17934110398554,1000.0
0.3231578947368421,3.201,3.333333,0.096129285453,0.002482067248,0.014561511023326937,0.0,0.017043578271326937,5.640205590789697,57.17934110398554,1000.0
0.3231578947368421,3.201,5.416667,0.157907546488,0.006616379091,0.014561511023326937,0.0,0.021177890114326938,7.456245435005579,57.17934110398554,1000.0
0.3231578947368421,3.201,7.5,0.219576973984,0.01270750678,0.014561511023326937,0.0,0.02726901780332694,8.052250930622469,57.17934110398554,1000.0
0.3231578947368421,3.201,9.583333,0.28090689026,0.020721094642,0.014561511023326937,0.0,0.03528260566532694,7.961625423148775,57.17934110398554,1000.0
0.3231578947368421,3.201,11.666667,0.347811274547,0.031907397496,0.014561511023326937,0.0,0.04646890851932694,7.484816958899334,57.17934110398554,1000.0
0.3231578947368421,3.201,13.75,0.408682513679,0.044126429361,0.014561511023326937,0.0,0.05868794038432694,6.963654048901361,57.17934110398554,1000.0
0.3231578947368421,3.201,15.833333,0.465978074943,0.057594099925,0.014561511023326937,0.0,0.07215561094832694,6.457960355663852,57.17934110398554,1000.0
0.3231578947368421,3.201,17.916667,0.516567022646,0.071278335779,0.014561511023326937,0.0,0.08583984680232694,6.017799913314814,57.17934110398554,1000.0
0.3231578947368421,3.201,20.0,0.557602874466,0.084122592,0.014561511023326937,0.0,0.09868410302332693,5.650381949909337,57.17934110398554,1000.0
0.38578947368421046,3.201,-5.0,-0.146282824113,0.005595503585,0.014137897362150247,0.0,0.019733400947150245,-7.412955552100365,57.17934110398554,1000.0
0.38578947368421046,3.201,-2.916667,-0.084366677165,0.001720809926,0.014137897362150247,0.0,0.015858707288150246,-5.319896233158895,57.17934110398554,1000.0
0.38578947368421046,3.201,-0.833333,-0.022552680281,0.000156228657,0.014137897362150247,0.0,0.014294126019150248,-1.5777586017351135,57.17934110398554,1000.0
0.38578947368421046,3.201,1.25,0.035662529513,0.000348963599,0.014137897362150247,0.0,0.014486860961150247,2.461715454344253,57.17934110398554,1000.0
0.38578947368421046,3.201,3.333333,0.096665996558,0.002509349012,0.014137897362150247,0.0,0.016647246374150246,5.8067258924035885,57.17934110398554,1000.0
0.38578947368421046,3.201,5.416667,0.158786302066,0.006689300144,0.014137897362150247,0.0,0.020827197506150245,7.623987913837692,57.17934110398554,1000.0
0.38578947368421046,3.201,7.5,0.220774889678,0.012845395693,0.014137897362150247,0.0,0.026983293055150247,8.181910533557398,57.17934110398554,1000.0
0.38578947368421046,3.201,9.583333,0.282403250866,0.020941772865,0.014137897362150247,0.0,0.03507967022715025,8.050339385671627,57.17934110398554,1000.0
0.38578947368421046,3.201,11.666667,0.343980927054,0.031065564918,0.014137897362150247,0.0,0.04520346228015025,7.609614611424332,57.17934110398554,1000.0
0.38578947368421046,3.201,13.75,0.410643865073,0.044533440798,0.014137897362150247,0.0,0.058671338160150244,6.999054017689179,57.17934110398554,1000.0
0.38578947368421046,3.201,15.833333,0.467983652316,0.058073005369,0.014137897362150247,0.0,0.07221090273115024,6.4807893907428165,57.17934110398554,1000.0
0.38578947368421046,3.201,17.916667,0.517283351749,0.071440497317,0.014137897362150247,0.0,0.08557839467915025,6.044555447533154,57.17934110398554,1000.0
0.38578947368421046,3.201,20.0,0.558885284582,0.08453303607,0.014137897362150247,0.0,0.09867093343215025,5.664132943125647,57.17934110398554,1000.0
0.4484210526315789,3.201,-5.0,-0.14720622549,0.005667443288,0.01379153521553427,0.0,0.01945897850353427,-7.564951339211532,57.17934110398554,1000.0
0.4484210526315789,3.201,-2.916667,-0.084808797395,0.001726925779,0.01379153521553427,0.0,0.01551846099453427,-5.465026295124907,57.17934110398554,1000.0
0.4484210526315789,3.201,-0.833333,-0.022703346444,0.0001586369,0.01379153521553427,0.0,0.01395017211553427,-1.6274599521764035,57.17934110398554,1000.0
0.4484210526315789,3.201,1.25,0.035878583318,0.000353336274,0.01379153521553427,0.0,0.01414487148953427,2.5365082563349133,57.17934110398554,1000.0
0.4484210526315789,3.201,3.333333,0.097256497513,0.00254137903,0.01379153521553427,0.0,0.01633291424553427,5.954632226125339,57.17934110398554,1000.0
0.4484210526315789,3.201,5.416667,0.159781212049,0.006777037671,0.01379153521553427,0.0,0.02056857288653427,7.768220621354084,57.17934110398554,1000.0
0.4484210526315789,3.201,7.5,0.222137424669,0.013011723462,0.01379153521553427,0.0,0.026803258677534268,8.287702153738094,57.17934110398554,1000.0
0.4484210526315789,3.201,9.583333,0.284100999511,0.021205985717,0.01379153521553427,0.0,0.03499752093253427,8.11774639862834,57.17934110398554,1000.0
0.4484210526315789,3.201,11.666667,0.345827596879,0.031402641906,0.01379153521553427,0.0,0.04519417712153427,7.652038800242232,57.17934110398554,1000.0
0.4484210526315789,3.201,13.75,0.412700990492,0.044976254642,0.01379153521553427,0.0,0.058767789857534274,7.022571233195526,57.17934110398554,1000.0
0.4484210526315789,3.201,15.833333,0.470018328446,0.058575993876,0.01379153521553427,0.0,0.07236752909153427,6.494878771548163,57.17934110398554,1000.0
0.4484210526315789,3.201,17.916667,0.518881007248,0.071880480587,0.01379153521553427,0.0,0.08567201580253427,6.056598556569169,57.17934110398554,1000.0
0.4484210526315789,3.201,20.0,0.560029780529,0.084896768933,0.01379153521553427,0.0,0.09868830414853426,5.674733043199402,57.17934110398554,1000.0
0.5110526315789473,3.201,-5.0,-0.148335964713,0.005750952507,0.013500070401139503,0.0,0.019251022908139504,-7.705354952867582,57.17934110398554,1000.0
0.5110526315789473,3.201,-2.916667,-0.085428978494,0.001747109102,0.013500070401139503,0.0,0.015247179503139504,-5.602936495658725,57.17934110398554,1000.0
0.5110526315789473,3.201,-0.833333,-0.022904859362,0.000161367999,0.013500070401139503,0.0,0.013661438400139503,-1.676606715275758,57.17934110398554,1000.0
0.5110526315789473,3.201,1.25,0.036155403011,0.000358732965,0.013500070401139503,0.0,0.013858803366139504,2.6088401758651565,57.17934110398554,1000.0
0.5110526315789473,3.201,3.333333,0.097980829938,0.002579352939,0.013500070401139503,0.0,0.016079423340139502,6.093553721756164,57.17934110398554,1000.0
0.5110526315789473,3.201,5.416667,0.160955823497,0.006877083566,0.013500070401139503,0.0,0.020377153967139502,7.898837283977915,57.17934110398554,1000.0
0.5110526315789473,3.201,7.5,0.223739036062,0.013201900978,0.013500070401139503,0.0,0.026701971379139502,8.379120510809647,57.17934110398554,1000.0
0.5110526315789473,3.201,9.583333,0.286100360579,0.02150735194,0.013500070401139503,0.0,0.0350074223411395,8.17256288655063,57.17934110398554,1000.0
0.5110526315789473,3.201,11.666667,0.348138342168,0.03182317281,0.013500070401139503,0.0,0.04532324321113951,7.68123191330745,57.17934110398554,1000.0
0.5110526315789473,3.201,13.75,0.415332237527,0.045533860957,0.013500070401139503,0.0,0.0590339313581395,7.035483288539866,57.17934110398554,1000.0
0.5110526315789473,3.201,15.833333,0.472652715154,0.059220167594,0.013500070401139503,0.0,0.0727202379951395,6.499603524201767,57.17934110398554,1000.0
0.5110526315789473,3.201,17.916667,0.521028146399,0.072465769483,0.013500070401139503,0.0,0.0859658398841395,6.060874262395574,57.17934110398554,1000.0
0.5110526315789473,3.201,20.0,0.561623640308,0.085374733824,0.013500070401139503,0.0,0.0988748042251395,5.680149201905615,57.17934110398554,1000.0
0.5736842105263157,3.201,-5.0,-0.149160828981,0.005808511335,0.013249452489504132,0.0,0.019057963824504132,-7.826692838466494,57.17934110398554,1000.0
0.5736842105263157,3.201,-2.916667,-0.085912890806,0.00177263379,0.013249452489504132,0.0,0.015022086279504132,-5.719105136762396,57.17934110398554,1000.0
0.5736842105263157,3.201,-0.833333,-0.023087927693,0.000164046717,0.013249452489504132,0.0,0.013413499206504132,-1.7212456897007746,57.17934110398554,1000.0
0.5736842105263157,3.201,1.25,0.036358621971,0.000362746014,0.013249452489504132,0.0,0.013612198503504131,2.6710323069150332,57.17934110398554,1000.0
0.5736842105263157,3.201,3.333333,0.098530330166,0.002608802144,0.013249452489504132,0.0,0.015858254633504133,6.2131888056477855,57.17934110398554,1000.0
0.5736842105263157,3.201,5.416667,0.161827827137,0.006953886213,0.013249452489504132,0.0,0.020203338702504132,8.009954667390792,57.17934110398554,1000.0
0.5736842105263157,3.201,7.5,0.224908548365,0.013346824405,0.013249452489504132,0.0,0.026596276894504133,8.456392195686426,57.17934110398554,1000.0
0.5736842105263157,3.201,9.583333,0.287537795551,0.021737950202,0.013249452489504132,0.0,0.03498740269150413,8.218323551659974,57.17934110398554,1000.0
0.5736842105263157,3.201,11.666667,0.349832121183,0.032152102949,0.013249452489504132,0.0,0.04540155543850413,7.705289340953163,57.17934110398554,1000.0
0.5736842105263157,3.201,13.75,0.415718467434,0.045605893078,0.013249452489504132,0.0,0.05885534556750413,7.063393535888626,57.17934110398554,1000.0
0.5736842105263157,3.201,15.833333,0.474475261377,0.05970056349,0.013249452489504132,0.0,0.07295001597950412,6.504114564009247,57.17934110398554,1000.0
0.5736842105263157,3.201,17.916667,0.52287141039,0.073027566136,0.013249452489504132,0.0,0.08627701862550413,6.0603787511433,57.17934110398554,1000.0
0.5736842105263157,3.201,20.0,0.562672136492,0.085721562624,0.013249452489504132,0.0,0.09897101511350413,5.685221434242176,57.17934110398554,1000.0
0.6363157894736842,3.201,-5.0,-0.150659208095,0.005918979203,0.013030309611615918,0.0,0.018949288814615918,-7.950652373760534,57.17934110398554,1000.0
0.6363157894736842,3.201,-2.916667,-0.086715980108,0.001789854254,0.013030309611615918,0.0,0.014820163865615918,-5.851216011800563,57.17934110398554,1000.0
0.6363157894736842,3.201,-0.833333,-0.023388598373,0.000167965908,0.013030309611615918,0.0,0.013198275519615919,-1.7720950239475397,57.17934110398554,1000.0
0.6363157894736842,3.201,1.25,0.036719345704,0.000369851271,0.013030309611615918,0.0,0.013400160882615917,2.740216779907184,57.17934110398554,1000.0
0.6363157894736842,3.201,3.333333,0.099496490098,0.002659967448,0.013030309611615918,0.0,0.01569027705961592,6.341283185756286,57.17934110398554,1000.0
0.6363157894736842,3.201,5.416667,0.163411396879,0.007090954875,0.013030309611615918,0.0,0.020121264486615918,8.121328407948543,57.17934110398554,1000.0
0.6363157894736842,3.201,7.5,0.227075209563,0.01360793863,0.013030309611615918,0.0,0.026638248241615918,8.524404739507197,57.17934110398554,1000.0
0.6363157894736842,3.201,9.583333,0.290245899867,0.022155561677,0.013030309611615918,0.0,0.035185871288615916,8.24893314382431,57.17934110398554,1000.0
0.6363157894736842,3.201,11.666667,0.352017905267,0.032535830738,0.013030309611615918,0.0,0.045566140349615925,7.725427314362542,57.17934110398554,1000.0
0.6363157894736842,3.201,13.75,0.412640735707,0.044752663754,0.013030309611615918,0.0,0.057782973365615914,7.141216723065764,57.17934110398554,1000.0
0.6363157894736842,3.201,15.833333,0.477974551559,0.060571010995,0.013030309611615918,0.0,0.07360132060661592,6.494102926680849,57.17934110398554,1000.0
0.6363157894736842,3.201,17.916667,0.525720101231,0.073838091923,0.013030309611615918,0.0,0.08686840153461592,6.051914067067384,57.17934110398554,1000.0
0.6363157894736842,3.201,20.0,0.564826996238,0.086447638279,0.013030309611615918,0.0,0.09947794789061591,5.6779116197599215,57.17934110398554,1000.0
0.6989473684210525,3.201,-5.0,-0.151685751345,0.005995110246,0.012836097795642367,0.0,0.01883120804164237,-8.055019678481058,57.17934110398554,1000.0
0.6989473684210525,3.201,-2.916667,-0.087165419184,0.00177523601,0.012836097795642367,0.0,0.014611333805642368,-5.965603164191614,57.17934110398554,1000.0
0.6989473684210525,3.201,-0.833333,-0.023630175749,0.000171559827,0.012836097795642367,0.0,0.013007657622642367,-1.8166357413856795,57.17934110398554,1000.0
0.6989473684210525,3.201,1.25,0.036967558309,0.000374921911,0.012836097795642367,0.0,0.013211019706642367,2.7982365578043216,57.17934110398554,1000.0
0.6989473684210525,3.201,3.333333,0.10018534215,0.002698742351,0.012836097795642367,0.0,0.015534840146642368,6.449074544977124,57.17934110398554,1000.0
0.6989473684210525,3.201,5.416667,0.164589669181,0.007199266011,0.012836097795642367,0.0,0.020035363806642368,8.214957850000868,57.17934110398554,1000.0
0.6989473684210525,3.201,7.5,0.22871413232,0.01381570108,0.012836097795642367,0.0,0.02665179887564237,8.581564546062465,57.17934110398554,1000.0
0.6989473684210525,3.201,9.583333,0.29227728113,0.022484281574,0.012836097795642367,0.0,0.035320379369642364,8.27503232825439,57.17934110398554,1000.0
0.6989473684210525,3.201,11.666667,0.3542957523,0.032975462331,0.012836097795642367,0.0,0.04581156012664237,7.733763079025859,57.17934110398554,1000.0
0.6989473684210525,3.201,13.75,0.415068939721,0.045292228717,0.012836097795642367,0.0,0.05812832651264237,7.140562349248544,57.17934110398554,1000.0
0.6989473684210525,3.201,15.833333,0.479455709869,0.06091936155,0.012836097795642367,0.0,0.07375545934564237,6.500613163048889,57.17934110398554,1000.0
0.6989473684210525,3.201,17.916667,0.528167595497,0.074542801891,0.012836097795642367,0.0,0.08737889968664236,6.044566793483451,57.17934110398554,1000.0
0.6989473684210525,3.201,20.0,0.566092814972,0.086811908138,0.012836097795642367,0.0,0.09964800593364236,5.680924667463721,57.17934110398554,1000.0
0.7615789473684209,3.201,-5.0,-0.15293285481,0.006079217162,0.012662078344488483,0.0,0.01874129550648848,-8.160207214973621,57.17934110398554,1000.0
0.7615789473684209,3.201,-2.916667,-0.087718428984,0.001855197215,0.012662078344488483,0.0,0.014517275559488483,-6.042347865103881,57.17934110398554,1000.0
0.7615789473684209,3.201,-0.833333,-0.023966943756,0.000176392194,0.012662078344488483,0.0,0.012838470538488482,-1.8668067729835451,57.17934110398554,1000.0
0.7615789473684209,3.201,1.25,0.037359716304,0.00038289295,0.012662078344488483,0.0,0.013044971294488483,2.8639170957612246,57.17934110398554,1000.0
0.7615789473684209,3.201,3.333333,0.101254442307,0.002757321633,0.012662078344488483,0.0,0.015419399977488483,6.566691470149693,57.17934110398554,1000.0
0.7615789473684209,3.201,5.416667,0.166349628846,0.007357849497,0.012662078344488483,0.0,0.020019927841488483,8.309202219064137,57.17934110398554,1000.0
0.7615789473684209,3.201,7.5,0.231106237582,0.014115650108,0.012662078344488483,0.0,0.026777728452488485,8.630539292832474,57.17934110398554,1000.0
0.7615789473684209,3.201,9.583333,0.29521691604,0.022957942426,0.012662078344488483,0.0,0.03562002077048848,8.287949014465202,57.17934110398554,1000.0
0.7615789473684209,3.201,11.666667,0.357614202157,0.033612723306,0.012662078344488483,0.0,0.04627480165048849,7.728054781477923,57.17934110398554,1000.0
0.7615789473684209,3.201,13.75,0.418635606883,0.046091796995,0.012662078344488483,0.0,0.05875387533948849,7.125242453609438,57.17934110398554,1000.0
0.7615789473684209,3.201,15.833333,0.475691037519,0.059757739132,0.012662078344488483,0.0,0.07241981747648848,6.568520248942023,57.17934110398554,1000.0
0.7615789473684209,3.201,17.916667,0.530582465875,0.075235108504,0.012662078344488483,0.0,0.08789718684848849,6.036398716486614,57.17934110398554,1000.0
0.7615789473684209,3.201,20.0,0.568204800961,0.08749409771,0.012662078344488483,0.0,0.10015617605448848,5.673187848664236,57.17934110398554,1000.0
0.8242105263157894,3.201,-5.0,-0.154935501886,0.006232058181,0.012504716583077452,0.0,0.018736774764077452,-8.269059314468874,57.17934110398554,1000.0
0.8242105263157894,3.201,-2.916667,-0.087742150251,0.001882616602,0.012504716583077452,0.0,0.014387333185077452,-6.098569423693211,57.17934110398554,1000.0
0.8242105263157894,3.201,-0.833333,-0.02415444881,0.000179392804,0.012504716583077452,0.0,0.012684109387077452,-1.9043078290233375,57.17934110398554,1000.0
0.8242105263157894,3.201,1.25,0.037794054885,0.000392310583,0.012504716583077452,0.0,0.012897027166077452,2.9304470245986787,57.17934110398554,1000.0
0.8242105263157894,3.201,3.333333,0.10262528529,0.002836329553,0.012504716583077452,0.0,0.015341046136077452,6.6895884661122755,57.17934110398554,1000.0
0.8242105263157894,3.201,5.416667,0.168230192491,0.007539266031,0.012504716583077452,0.0,0.02004398261407745,8.39305220574514,57.17934110398554,1000.0
0.8242105263157894,3.201,7.5,0.234328039011,0.014548410058,0.012504716583077452,0.0,0.027053126641077452,8.661772893015495,57.17934110398554,1000.0
0.8242105263157894,3.201,9.583333,0.299208953704,0.023645014163,0.012504716583077452,0.0,0.036149730746077455,8.276934503487738,57.17934110398554,1000.0
0.8242105263157894,3.201,11.666667,0.362164571706,0.034548950921,0.012504716583077452,0.0,0.047053667504077454,7.696840457220822,57.17934110398554,1000.0
0.8242105263157894,3.201,13.75,0.423532738765,0.047272643975,0.012504716583077452,0.0,0.059777360558077454,7.0851696162380975,57.17934110398554,1000.0
0.8242105263157894,3.201,15.833333,0.480170389455,0.061009967631,0.012504716583077452,0.0,0.07351468421407745,6.531625546492538,57.17934110398554,1000.0
0.8242105263157894,3.201,17.916667,0.525767580968,0.073676333649,0.012504716583077452,0.0,0.08618105023207745,6.1007330445864545,57.17934110398554,1000.0
0.8242105263157894,3.201,20.0,0.560877742805,0.084871822393,0.012504716583077452,0.0,0.09737653897607744,5.7598857866861675,57.17934110398554,1000.0
0.8868421052631578,3.201,-5.0,-0.157637409026,0.006420528946,0.012361310205469543,0.011211193891624463,0.029993033043094006,-5.255800865471208,57.17934110398554,1000.0
0.8868421052631578,3.201,-2.916667,-0.089009172812,0.001935515964,0.012361310205469543,0.02362410618577811,0.037920932355247655,-2.3472306001907293,57.17934110398554,1000.0
0.8868421052631578,3.201,-0.833333,-0.024668051388,0.000186818004,0.012361310205469543,0.031099333759174817,0.04364746196864436,-0.5651657685324553,57.17934110398554,1000.0
0.8868421052631578,3.201,1.25,0.038433738509,0.000405695507,0.012361310205469543,0.03621347064075314,0.04898047635322268,0.7846746575479403,57.17934110398554,1000.0
0.8868421052631578,3.201,3.333333,0.104390151476,0.002936161215,0.012361310205469543,0.04010389844611942,0.05540136986658896,1.884252171514532,57.17934110398554,1000.0
0.8868421052631578,3.201,5.416667,0.17111990064,0.00780846544,0.012361310205469543,0.043049912650709204,0.06321968829617874,2.70675014780709,57.17934110398554,1000.0
0.8868421052631578,3.201,7.5,0.238304527517,0.015065838706,0.012361310205469543,0.04533258153833062,0.07275973044980016,3.275225540883714,57.17934110398554,1000.0
0.8868421052631578,3.201,9.583333,0.304094913589,0.024462955538,0.012361310205469543,0.04709879997345892,0.08392306571692847,3.6234962461298617,57.17934110398554,1000.0
0.8868421052631578,3.201,11.666667,0.367696380707,0.035655227677,0.012361310205469543,0.048483430287411394,0.09649996816988093,3.810326445493725,57.17934110398554,1000.0
0.8868421052631578,3.201,13.75,0.428748109232,0.048500469343,0.012361310205469543,0.04958657477739565,0.1104483543258652,3.881887709861461,57.17934110398554,1000.0
0.8868421052631578,3.201,15.833333,0.485826927955,0.062582320474,0.012361310205469543,0.05046149067337586,0.1254051213528454,3.8740597091569797,57.17934110398554,1000.0
0.8868421052631578,3.201,17.916667,0.530645407316,0.075196633227,0.012361310205469543,0.05106242424794698,0.13862036768041652,3.8280478994211067,57.17934110398554,1000.0
0.8868421052631578,3.201,20.0,0.564459953472,0.086082477172,0.012361310205469543,0.0514733209178088,0.14991710829527835,3.765147019513167,57.17934110398554,1000.0
0.9494736842105262,3.201,-5.0,-0.158592297098,0.006525329972,0.012229749862896315,0.03294034934044538,0.0516954291753417,-3.0678204945370147,57.17934110398554,1000.0
0.9494736842105262,3.201,-2.916667,-0.08907524889,0.001954720092,0.012229749862896315,0.038910201765486915,0.05309467172038323,-1.6776683234638723,57.17934110398554,1000.0
0.9494736842105262,3.201,-0.833333,-0.024649519931,0.000188774546,0.012229749862896315,0.042450121461701934,0.05486864587059825,-0.4492460045238445,57.17934110398554,1000.0
0.9494736842105262,3.201,1.25,0.038441314578,0.000409913989,0.012229749862896315,0.044867761359701566,0.05750742521159788,0.6684582805882135,57.17934110398554,1000.0
0.9494736842105262,3.201,3.333333,0.104935333446,0.002993749183,0.012229749862896315,0.04672014510544498,0.06194364415134129,1.6940452064722091,57.17934110398554,1000.0
0.9494736842105262,3.201,5.416667,0.172417065241,0.007997114282,0.012229749862896315,0.04812367344332536,0.06835053758822168,2.522541465287777,57.17934110398554,1000.0
0.9494736842105262,3.201,7.5,0.239657824163,0.015367743026,0.012229749862896315,0.04919864849715947,0.07679614138605578,3.1207013768860494,57.17934110398554,1000.0
0.9494736842105262,3.201,9.583333,0.305992568997,0.024992112656,0.012229749862896315,0.05003615345982873,0.08725801597872504,3.506755976111193,57.17934110398554,1000.0
0.9494736842105262,3.201,11.666667,0.37080969955,0.03659271707,0.012229749862896315,0.050698291459618496,0.09952075839251481,3.7259533140564316,57.17934110398554,1000.0
0.9494736842105262,3.201,13.75,0.431925831574,0.049661619452,0.012229749862896315,0.05121577250971212,0.11310714182460843,3.8187317317572513,57.17934110398554,1000.0
0.9494736842105262,3.201,15.833333,0.487896966721,0.063671796095,0.012229749862896315,0.05161857936778866,0.12752012532568496,3.826038952478416,57.17934110398554,1000.0
0.9494736842105262,3.201,17.916667,0.532056231997,0.076153957355,0.012229749862896315,0.051897309612048234,0.14028101682994454,3.7927885327633777,57.17934110398554,1000.0
0.9494736842105262,3.201,20.0,0.564617655451,0.086650512703,0.012229749862896315,0.05208403901962618,0.15096430158552251,3.7400739745822587,57.17934110398554,1000.0
1.0121052631578946,3.201,-5.0,-0.16128648952,0.014110739189,0.012108359499980932,0.046784529521748316,0.07300362821072925,-2.209294160756464,57.17934110398554,1000.0
1.0121052631578946,3.201,-2.916667,-0.101764489668,0.005184845698,0.012108359499980932,0.048029556838942306,0.06532276203692323,-1.5578718121330868,57.17934110398554,1000.0
1.0121052631578946,3.201,-0.833333,-0.024613549091,0.000358014732,0.012108359499980932,0.04905199055476781,0.06151836478674874,-0.40010083454464385,57.17934110398554,1000.0
1.0121052631578946,3.201,1.25,0.042805966634,0.000934029505,0.012108359499980932,0.0496427299663863,0.06268511897136723,0.6828728625936331,57.17934110398554,1000.0
1.0121052631578946,3.201,3.333333,0.116043707527,0.006758775572,0.012108359499980932,0.05009828510348723,0.06896542017546817,1.6826361273773278,57.17934110398554,1000.0
1.0121052631578946,3.201,5.416667,0.188943798525,0.017915902714,0.012108359499980932,0.05042975380323195,0.08045401601721289,2.348469447250167,57.17934110398554,1000.0
1.0121052631578946,3.201,7.5,0.260748414952,0.034328168068,0.012108359499980932,0.05067753928486188,0.09711406685284281,2.6849706062368157,57.17934110398554,1000.0
1.0121052631578946,3.201,9.583333,0.330061825623,0.055724658832,0.012108359499980932,0.05086522380731831,0.11869824213929925,2.780679980379603,57.17934110398554,1000.0
1.0121052631578946,3.201,11.666667,0.394479251542,0.081440954609,0.012108359499980932,0.05100662712257033,0.14455594123155124,2.728903759895409,57.17934110398554,1000.0
1.0121052631578946,3.201,13.75,0.452360752943,0.110660214642,0.012108359499980932,0.05111301835960824,0.1738815925015892,2.601544800890098,57.17934110398554,1000.0
1.0121052631578946,3.201,15.833333,0.497752787854,0.141102866258,0.012108359499980932,0.05118550083132338,0.2043967265893043,2.4352287639818124,57.17934110398554,1000.0
1.0121052631578946,3.201,17.916667,0.525789760558,0.169887167834,0.012108359499980932,0.05122619498225821,0.23322172231623917,2.2544630720334466,57.17934110398554,1000.0
1.0121052631578946,3.201,20.0,0.536603808483,0.195126691388,0.012108359499980932,0.051241140209959804,0.25847619109794073,2.0760279939271946,57.17934110398554,1000.0
1.074736842105263,3.201,-5.0,-0.17479868173,0.015292903009,0.011995786683616227,0.0530962886327199,0.08038497832533613,-2.174519236946862,57.17934110398554,1000.0
1.074736842105263,3.201,-2.916667,-0.102317031959,0.005212997484,0.011995786683616227,0.05176179131244886,0.06897057548006509,-1.483488157766252,57.17934110398554,1000.0
1.074736842105263,3.201,-0.833333,-0.024507703895,0.000356475095,0.011995786683616227,0.05090435652215801,0.06325661830077424,-0.3874330394721723,57.17934110398554,1000.0
1.074736842105263,3.201,1.25,0.043048713025,0.000939326254,0.011995786683616227,0.050413369450301684,0.06334848238791792,0.6795539751274361,57.17934110398554,1000.0
1.074736842105263,3.201,3.333333,0.116876703514,0.006807292096,0.011995786683616227,0.050033020100552175,0.0688360988801684,1.6978984198024047,57.17934110398554,1000.0
1.074736842105263,3.201,5.416667,0.190589612363,0.018071961154,0.011995786683616227,0.04975612414559065,0.07982387198320688,2.3876267541005243,57.17934110398554,1000.0
1.074736842105263,3.201,7.5,0.263128233478,0.034641452762,0.011995786683616227,0.04954979720368786,0.09618703664930409,2.7355893542844036,57.17934110398554,1000.0
1.074736842105263,3.201,9.583333,0.33287722322,0.056199744874,0.011995786683616227,0.04939432278510658,0.11758985434272282,2.8308328561221705,57.17934110398554,1000.0
1.074736842105263,3.201,11.666667,0.397512165048,0.082066956756,0.011995786683616227,0.04927756144483908,0.14334030488445532,2.773205801176642,57.17934110398554,1000.0
1.074736842105263,3.201,13.75,0.454786720392,0.111254690527,0.011995786683616227,0.0491908285392387,0.17244130574985495,2.637342128757237,57.17934110398554,1000.0
1.074736842105263,3.201,15.833333,0.497445352286,0.141023491664,0.011995786683616227,0.04913444116658586,0.20215371951420208,2.4607281700352415,57.17934110398554,1000.0
1.074736842105263,3.201,17.916667,0.520389759788,0.16817717473,0.011995786683616227,0.04910659539089437,0.2292795568045106,2.2696736117284853,57.17934110398554,1000.0
1.074736842105263,3.201,20.0,0.522618610391,0.190130734579,0.011995786683616227,0.04910397559446111,0.2512304968570773,2.0802355483471135,57.17934110398554,1000.0
1.1373684210526314,3.201,-5.0,-0.172983722707,0.015134114704,0.011890925327445692,0.0510213820003629,0.07804642203180859,-2.216420922364625,57.17934110398554,1000.0
1.1373684210526314,3.201,-2.916667,-0.101120224816,0.005152020764,0.011890925327445692,0.04918867747941038,0.06623162357085607,-1.5267665106807977,57.17934110398554,1000.0
1.1373684210526314,3.201,-0.833333,-0.02409686763,0.000350499308,0.011890925327445692,0.048005329431818164,0.060246754067263854,-0.39996955857732197,57.17934110398554,1000.0
1.1373684210526314,3.201,1.25,0.04255215508,0.000928491303,0.011890925327445692,0.047326425103949646,0.06014584173439534,0.7074829090913842,57.17934110398554,1000.0
1.1373684210526314,3.201,3.333333,0.115642217835,0.006735391499,0.011890925327445692,0.04679666666778677,0.06542298349423246,1.7676084406207913,57.17934110398554,1000.0
1.1373684210526314,3.201,5.416667,0.188741802466,0.017896749213,0.011890925327445692,0.04640945888254311,0.0761971334229888,2.4770197248530126,57.17934110398554,1000.0
1.1373684210526314,3.201,7.5,0.26068885672,0.034320290353,0.011890925327445692,0.046120442332969046,0.09233165801341474,2.823396247061055,57.17934110398554,1000.0
1.1373684210526314,3.201,9.583333,0.329862312491,0.055690859672,0.011890925327445692,0.045902418474451014,0.1134842034738967,2.906680422415565,57.17934110398554,1000.0
1.1373684210526314,3.201,11.666667,0.39405593306,0.081354369149,0.011890925327445692,0.04573831324657926,0.13898360772302495,2.8352691336470324,57.17934110398554,1000.0
1.1373684210526314,3.201,13.75,0.45054773832,0.110220501152,0.011890925327445692,0.04561712731355545,0.16772855379300114,2.6861719613705994,57.17934110398554,1000.0
1.1373684210526314,3.201,15.833333,0.491546960427,0.139357185081,0.011890925327445692,0.04554015432015437,0.1967882647286001,2.49784691737038,57.17934110398554,1000.0
1.1373684210526314,3.201,17.916667,0.512649079835,0.16567915309,0.011890925327445692,0.04550363252395383,0.22307371094139955,2.298115173103793,57.17934110398554,1000.0
1.1373684210526314,3.201,20.0,0.51370978956,0.186903689916,0.011890925327445692,0.045501848116965796,0.2442964633604115,2.1028130431922056,57.17934110398554,1000.0
1.2,3.201,-5.0,-0.17033313973,0.014902218721,0.011792860019875867,0.04037095282263113,0.06706603156350699,-2.5397825957348625,57.17934110398554,1000.0
1.2,3.201,-2.916667,-0.099506869177,0.00506982126,0.011792860019875867,0.04037095282263113,0.057233634102506994,-1.738608263084963,57.17934110398554,1000.0
1.2,3.201,-0.833333,-0.023656085336,0.0003440879,0.011792860019875867,0.04037095282263113,0.052507900742507,-0.45052430208563954,57.17934110398554,1000.0
1.2,3.201,1.25,0.04194263304,0.000915191519,0.011792860019875867,0.04037095282263113,0.053079004361507,0.7901925355332566,57.17934110398554,1000.0
1.2,3.201,3.333333,0.114055895602,0.006642998718,0.011792860019875867,0.04037095282263113,0.058806811560507,1.9395014382755063,57.17934110398554,1000.0
1.2,3.201,5.416667,0.18630015545,0.017665228986,0.011792860019875867,0.04037095282263113,0.069829041828507,2.667946610344936,57.17934110398554,1000.0
1.2,3.201,7.5,0.257454447762,0.033894472101,0.011792860019875867,0.04037095282263113,0.08605828494350701,2.991628847019274,57.17934110398554,1000.0
1.2,3.201,9.583333,0.325992507417,0.055037711558,0.011792860019875867,0.04037095282263113,0.107201524400507,3.040931640105094,57.17934110398554,1000.0
1.2,3.201,11.666667,0.389935823745,0.080505649728,0.011792860019875867,0.04037095282263113,0.132669462570507,2.939152810223899,57.17934110398554,1000.0
1.2,3.201,13.75,0.445980463525,0.109107766409,0.011792860019875867,0.04037095282263113,0.16127157925150698,2.7654002372574435,57.17934110398554,1000.0
1.2,3.201,15.833333,0.486361032474,0.137894111358,0.011792860019875867,0.04037095282263113,0.190057924200507,2.559014755737833,57.17934110398554,1000.0
1.2,3.201,17.916667,0.507140126558,0.163913415649,0.011792860019875867,0.04037095282263113,0.216077228491507,2.3470318001507193,57.17934110398554,1000.0
1.2,3.201,20.0,0.508120333408,0.18487753468,0.011792860019875867,0.04037095282263113,0.237041347522507,2.1435936756128764,57.17934110398554,1000.0
0.01,3.201,-5.0,-0.143769845682,0.00541010167,0.028411869266100592,0.0,0.03382197093610059,-4.250782603817574,57.17934110398554,2000.0
0.01,3.201,-2.916667,-0.082993533372,0.001676633787,0.028411869266100592,0.0,0.030088503053100592,-2.758313805958771,57.17934110398554,2000.0
0.01,3.201,-0.833333,-0.022135019161,0.000150594394,0.028411869266100592,0.0,0.028562463660100592,-0.7749688340757803,57.17934110398554,2000.0
0.01,3.201,1.25,0.035050573776,0.000337258693,0.028411869266100592,0.0,0.028749127959100593,1.2191873724261844,57.17934110398554,2000.0
0.01,3.201,3.333333,0.095017554368,0.002425190355,0.028411869266100592,0.0,0.03083705962110059,3.0812780315469253,57.17934110398554,2000.0
0.01,3.201,5.416667,0.156089626199,0.006465084796,0.028411869266100592,0.0,0.03487695406210059,4.475437445628787,57.17934110398554,2000.0
0.01,3.201,7.5,0.217099263575,0.01242245198,0.028411869266100592,0.0,0.04083432124610059,5.316588030607502,57.17934110398554,2000.0
0.01,3.201,9.583333,0.277820685904,0.020265615907,0.028411869266100592,0.0,0.048677485173100596,5.707375492305116,57.17934110398554,2000.0
0.01,3.201,11.666667,0.344181623435,0.031254952444,0.028411869266100592,0.0,0.05966682171010059,5.768392107547699,57.17934110398554,2000.0
0.01,3.201,13.75,0.404693263142,0.04329420396,0.028411869266100592,0.0,0.07170607322610059,5.643779458762692,57.17934110398554,2000.0
0.01,3.201,15.833333,0.461859165835,0.056604918712,0.028411869266100592,0.0,0.08501678797810058,5.432564283115118,57.17934110398554,2000.0
0.01,3.201,17.916667,0.513246349725,0.0704158324,0.028411869266100592,0.0,0.0988277016661006,5.193344994089358,57.17934110398554,2000.0
0.01,3.201,20.0,0.556008149009,0.08370013044,0.028411869266100592,0.0,0.1121119997061006,4.95939908722139,57.17934110398554,2000.0
0.07263157894736841,3.201,-5.0,-0.143846817824,0.005415709882,0.01904916714719959,0.0,0.02446487702919959,-5.879727809476187,57.17934110398554,2000.0
0.07263157894736841,3.201,-2.916667,-0.083035199327,0.001677892194,0.01904916714719959,0.0,0.020727059341199592,-4.006125420886371,57.17934110398554,2000.0
0.07263157894736841,3.201,-0.833333,-0.022147921265,0.000150767047,0.01904916714719959,0.0,0.019199934194199592,-1.1535415195168226,57.17934110398554,2000.0
0.07263157894736841,3.201,1.25,0.035069082898,0.000337611573,0.01904916714719959,0.0,0.01938677872019959,1.808917479491351,57.17934110398554,2000.0
0.07263157894736841,3.201,3.333333,0.095067910098,0.002427780803,0.01904916714719959,0.0,0.021476947950199592,4.426509312144443,57.17934110398554,2000.0
0.07263157894736841,3.201,5.416667,0.156172115648,0.006471974981,0.01904916714719959,0.0,0.025521142128199593,6.119323142495161,57.17934110398554,2000.0
0.07263157894736841,3.201,7.5,0.21721187601,0.012435503319,0.01904916714719959,0.0,0.03148467046619959,6.898972509278383,57.17934110398554,2000.0
0.07263157894736841,3.201,9.583333,0.277959676509,0.020286123728,0.01904916714719959,0.0,0.03933529087519959,7.066419754995383,57.17934110398554,2000.0
0.07263157894736841,3.201,11.666667,0.344345497394,0.031284316892,0.01904916714719959,0.0,0.05033348403919959,6.841280788864617,57.17934110398554,2000.0
0.07263157894736841,3.201,13.75,0.404871541962,0.043332005764,0.01904916714719959,0.0,0.062381172911199594,6.490284216655238,57.17934110398554,2000.0
0.07263157894736841,3.201,15.833333,0.462044547368,0.056649542858,0.01904916714719959,0.0,0.0756987100051996,6.103730794570516,57.17934110398554,2000.0
0.07263157894736841,3.201,17.916667,0.513395736054,0.070456228024,0.01904916714719959,0.0,0.0895053951711996,5.735919438956869,57.17934110398554,2000.0
0.07263157894736841,3.201,20.0,0.555906281155,0.0836567098,0.01904916714719959,0.0,0.1027058769471996,5.412604396930349,57.17934110398554,2000.0
0.13526315789473684,3.201,-5.0,-0.144144951151,0.005437425554,0.017007889994155583,0.0,0.022445315548155584,-6.422050554011701,57.17934110398554,2000.0
0.13526315789473684,3.201,-2.916667,-0.083206763861,0.001683829709,0.017007889994155583,0.0,0.01869171970315558,-4.451530687513618,57.17934110398554,2000.0
0.13526315789473684,3.201,-0.833333,-0.022195723117,0.00015138596,0.017007889994155583,0.0,0.017159275954155583,-1.2935116362893335,57.17934110398554,2000.0
0.13526315789473684,3.201,1.25,0.035143488132,0.000339011197,0.017007889994155583,0.0,0.017346901191155582,2.0259231170301537,57.17934110398554,2000.0
0.13526315789473684,3.201,3.333333,0.095267286228,0.00243780653,0.017007889994155583,0.0,0.019445696524155582,4.899144965553602,57.17934110398554,2000.0
0.13526315789473684,3.201,5.416667,0.156496463431,0.006498554086,0.017007889994155583,0.0,0.02350644408015558,6.657598354619538,57.17934110398554,2000.0
0.13526315789473684,3.201,7.5,0.217655122943,0.012485935742,0.017007889994155583,0.0,0.029493825736155582,7.379684307152571,57.17934110398554,2000.0
0.13526315789473684,3.201,9.583333,0.27851570507,0.020366558873,0.017007889994155583,0.0,0.03737444886715558,7.452035107192116,57.17934110398554,2000.0
0.13526315789473684,3.201,11.666667,0.345012836642,0.031401646436,0.017007889994155583,0.0,0.04840953643015558,7.126960142239296,57.17934110398554,2000.0
0.13526315789473684,3.201,13.75,0.405623648656,0.043487267738,0.017007889994155583,0.0,0.06049515773215558,6.705059774402322,57.17934110398554,2000.0
0.13526315789473684,3.201,15.833333,0.462862156312,0.056843264797,0.017007889994155583,0.0,0.07385115479115559,6.267500591167904,57.17934110398554,2000.0
0.13526315789473684,3.201,17.916667,0.514085554888,0.070632361783,0.017007889994155583,0.0,0.08764025177715559,5.86586122772872,57.17934110398554,2000.0
0.13526315789473684,3.201,20.0,0.556230494568,0.0837387333,0.017007889994155583,0.0,0.1007466232941556,5.521083252030616,57.17934110398554,2000.0
0.19789473684210523,3.201,-5.0,-0.144439739446,0.005460333309,0.01590677954670528,0.0,0.02136711285570528,-6.75990904440011,57.17934110398554,2000.0
0.19789473684210523,3.201,-2.916667,-0.083370958599,0.00169117465,0.01590677954670528,0.0,0.01759795419670528,-4.737536969758045,57.17934110398554,2000.0
0.19789473684210523,3.201,-0.833333,-0.022239280174,0.000152017872,0.01590677954670528,0.0,0.016058797418705282,-1.3848658522895179,57.17934110398554,2000.0
0.19789473684210523,3.201,1.25,0.035216346674,0.000340436896,0.01590677954670528,0.0,0.01624721644270528,2.1675310843668565,57.17934110398554,2000.0
0.19789473684210523,3.201,3.333333,0.095462092103,0.002447655008,0.01590677954670528,0.0,0.01835443455470528,5.20103693842901,57.17934110398554,2000.0
0.19789473684210523,3.201,5.416667,0.156813306015,0.006524305506,0.01590677954670528,0.0,0.02243108505270528,6.990892578158525,57.17934110398554,2000.0
0.19789473684210523,3.201,7.5,0.218086903688,0.012534703591,0.01590677954670528,0.0,0.02844148313770528,7.6679160025547,57.17934110398554,2000.0
0.19789473684210523,3.201,9.583333,0.279054432285,0.020444803408,0.01590677954670528,0.0,0.03635158295470528,7.676541421393032,57.17934110398554,2000.0
0.19789473684210523,3.201,11.666667,0.345642661439,0.031514698299,0.01590677954670528,0.0,0.04742147784570528,7.288736605038198,57.17934110398554,2000.0
0.19789473684210523,3.201,13.75,0.406313639365,0.043628718326,0.01590677954670528,0.0,0.05953549787270528,6.8247290084606655,57.17934110398554,2000.0
0.19789473684210523,3.201,15.833333,0.463567461439,0.057007316101,0.01590677954670528,0.0,0.07291409564770529,6.35772078527575,57.17934110398554,2000.0
0.19789473684210523,3.201,17.916667,0.514624075635,0.070762207167,0.01590677954670528,0.0,0.08666898671370529,5.937811149621074,57.17934110398554,2000.0
0.19789473684210523,3.201,20.0,0.556599706234,0.083837948072,0.01590677954670528,0.0,0.09974472761870529,5.5802418786656744,57.17934110398554,2000.0
0.26052631578947366,3.201,-5.0,-0.144883554158,0.005493312409,0.015172103781424572,0.0,0.02066541619042457,-7.01091876509763,57.17934110398554,2000.0
0.26052631578947366,3.201,-2.916667,-0.083608787107,0.001697787304,0.015172103781424572,0.0,0.01686989108542457,-4.956095251808543,57.17934110398554,2000.0
0.26052631578947366,3.201,-0.833333,-0.022313367526,0.000153012713,0.015172103781424572,0.0,0.015325116494424572,-1.4559998636302585,57.17934110398554,2000.0
0.26052631578947366,3.201,1.25,0.035322980124,0.000342484021,0.015172103781424572,0.0,0.015514587802424571,2.2767591749024643,57.17934110398554,2000.0
0.26052631578947366,3.201,3.333333,0.095751908832,0.002462574937,0.015172103781424572,0.0,0.01763467871842457,5.429750683915731,57.17934110398554,2000.0
0.26052631578947366,3.201,5.416667,0.157288415986,0.006564187271,0.015172103781424572,0.0,0.021736291052424573,7.236212268534897,57.17934110398554,2000.0
0.26052631578947366,3.201,7.5,0.218733817042,0.012610096741,0.015172103781424572,0.0,0.027782200522424572,7.8731638577530125,57.17934110398554,2000.0
0.26052631578947366,3.201,9.583333,0.279855780665,0.020564208909,0.015172103781424572,0.0,0.03573631269042457,7.831131966225112,57.17934110398554,2000.0
0.26052631578947366,3.201,11.666667,0.346586057901,0.031685668772,0.015172103781424572,0.0,0.04685777255342457,7.396554275085148,57.17934110398554,2000.0
0.26052631578947366,3.201,13.75,0.407342823158,0.043843949381,0.015172103781424572,0.0,0.05901605316242457,6.902237634172299,57.17934110398554,2000.0
0.26052631578947366,3.201,15.833333,0.46462549048,0.057263716807,0.015172103781424572,0.0,0.07243582058842457,6.414305611583675,57.17934110398554,2000.0
0.26052631578947366,3.201,17.916667,0.515466091171,0.070990841956,0.015172103781424572,0.0,0.08616294573742457,5.982456690162916,57.17934110398554,2000.0
0.26052631578947366,3.201,20.0,0.556812924554,0.083881015377,0.015172103781424572,0.0,0.09905311915842457,5.6213567960786675,57.17934110398554,2000.0
0.3231578947368421,3.201,-5.0,-0.14546135336,0.005535858762,0.014629167453337843,0.0,0.020165026215337844,-7.2135464544727315,57.17934110398554,2000.0
0.3231578947368421,3.201,-2.916667,-0.083916993413,0.001707284535,0.014629167453337843,0.0,0.016336451988337844,-5.1367942973729,57.17934110398554,2000.0
0.3231578947368421,3.201,-0.833333,-0.022412623778,0.000154355875,0.014629167453337843,0.0,0.014783523328337843,-1.5160542774697214,57.17934110398554,2000.0
0.3231578947368421,3.201,1.25,0.035461949444,0.000345161315,0.014629167453337843,0.0,0.014974328768337843,2.3681829077361907,57.17934110398554,2000.0
0.3231578947368421,3.201,3.333333,0.096129285453,0.002482067248,0.014629167453337843,0.0,0.017111234701337845,5.617904676714189,57.17934110398554,2000.0
0.3231578947368421,3.201,5.416667,0.157907546488,0.006616379091,0.014629167453337843,0.0,0.021245546544337843,7.432501025966028,57.17934110398554,2000.0
0.3231578947368421,3.201,7.5,0.219576973984,0.01270750678,0.014629167453337843,0.0,0.027336674233337844,8.032322151178862,57.17934110398554,2000.0
0.3231578947368421,3.201,9.583333,0.28090689026,0.020721094642,0.014629167453337843,0.0,0.03535026209533784,7.94638776658596,57.17934110398554,2000.0
0.3231578947368421,3.201,11.666667,0.347811274547,0.031907397496,0.014629167453337843,0.0,0.04653656494933785,7.473935279186284,57.17934110398554,2000.0
0.3231578947368421,3.201,13.75,0.408682513679,0.044126429361,0.014629167453337843,0.0,0.05875559681433785,6.955635477083115,57.17934110398554,2000.0
0.3231578947368421,3.201,15.833333,0.465978074943,0.057594099925,0.014629167453337843,0.0,0.07222326737833784,6.451910746463435,57.17934110398554,2000.0
0.3231578947368421,3.201,17.916667,0.516567022646,0.071278335779,0.014629167453337843,0.0,0.08590750323233784,6.013060596685466,57.17934110398554,2000.0
0.3231578947368421,3.201,20.0,0.557602874466,0.084122592,0.014629167453337843,0.0,0.09875175945333783,5.646510781708941,57.17934110398554,2000.0
0.38578947368421046,3.201,-5.0,-0.146282824113,0.005595503585,0.01420282119503107,0.0,0.01979832478003107,-7.38864655157811,57.17934110398554,2000.0
0.38578947368421046,3.201,-2.916667,-0.084366677165,0.001720809926,0.01420282119503107,0.0,0.01592363112103107,-5.298205950875931,57.17934110398554,2000.0
0.38578947368421046,3.201,-0.833333,-0.022552680281,0.000156228657,0.01420282119503107,0.0,0.014359049852031071,-1.570624833356223,57.17934110398554,2000.0
0.38578947368421046,3.201,1.25,0.035662529513,0.000348963599,0.01420282119503107,0.0,0.01455178479403107,2.450732334058998,57.17934110398554,2000.0
0.38578947368421046,3.201,3.333333,0.096665996558,0.002509349012,0.01420282119503107,0.0,0.01671217020703107,5.784167786738499,57.17934110398554,2000.0
0.38578947368421046,3.201,5.416667,0.158786302066,0.006689300144,0.01420282119503107,0.0,0.02089212133903107,7.600295799993863,57.17934110398554,2000.0
0.38578947368421046,3.201,7.5,0.220774889678,0.012845395693,0.01420282119503107,0.0,0.027048216888031072,8.16227149434363,57.17934110398554,2000.0
0.38578947368421046,3.201,9.583333,0.282403250866,0.020941772865,0.01420282119503107,0.0,0.03514459406003107,8.035467713288202,57.17934110398554,2000.0
0.38578947368421046,3.201,11.666667,0.343980927054,0.031065564918,0.01420282119503107,0.0,0.04526838611303107,7.598700916686332,57.17934110398554,2000.0
0.38578947368421046,3.201,13.75,0.410643865073,0.044533440798,0.01420282119503107,0.0,0.05873626199303107,6.991317648401289,57.17934110398554,2000.0
0.38578947368421046,3.201,15.833333,0.467983652316,0.058073005369,0.01420282119503107,0.0,0.07227582656403107,6.474967835911234,57.17934110398554,2000.0
0.38578947368421046,3.201,17.916667,0.517283351749,0.071440497317,0.01420282119503107,0.0,0.08564331851203107,6.039973237098848,57.17934110398554,2000.0
0.38578947368421046,3.201,20.0,0.558885284582,0.08453303607,0.01420282119503107,0.0,0.09873585726503106,5.660408488496899,57.17934110398554,2000.0
0.4484210526315789,3.201,-5.0,-0.14720622549,0.005667443288,0.013854248910498267,0.0,0.019521692198498267,-7.540648832754573,57.17934110398554,2000.0
0.4484210526315789,3.201,-2.916667,-0.084808797395,0.001726925779,0.013854248910498267,0.0,0.015581174689498267,-5.443029751290911,57.17934110398554,2000.0
0.4484210526315789,3.201,-0.833333,-0.022703346444,0.0001586369,0.013854248910498267,0.0,0.014012885810498267,-1.6201763684530246,57.17934110398554,2000.0
0.4484210526315789,3.201,1.25,0.035878583318,0.000353336274,0.013854248910498267,0.0,0.014207585184498267,2.525311856454446,57.17934110398554,2000.0
0.4484210526315789,3.201,3.333333,0.097256497513,0.00254137903,0.013854248910498267,0.0,0.016395627940498265,5.931855606016171,57.17934110398554,2000.0
0.4484210526315789,3.201,5.416667,0.159781212049,0.006777037671,0.013854248910498267,0.0,0.020631286581498265,7.744607270023028,57.17934110398554,2000.0
0.4484210526315789,3.201,7.5,0.222137424669,0.013011723462,0.013854248910498267,0.0,0.026865972372498267,8.268356030038731,57.17934110398554,2000.0
0.4484210526315789,3.201,9.583333,0.284100999511,0.021205985717,0.013854248910498267,0.0,0.03506023462749827,8.103225849155478,57.17934110398554,2000.0
0.4484210526315789,3.201,11.666667,0.345827596879,0.031402641906,0.013854248910498267,0.0,0.045256890816498266,7.641435163569159,57.17934110398554,2000.0
0.4484210526315789,3.201,13.75,0.412700990492,0.044976254642,0.013854248910498267,0.0,0.05883050355249827,7.015085127118114,57.17934110398554,2000.0
0.4484210526315789,3.201,15.833333,0.470018328446,0.058575993876,0.013854248910498267,0.0,0.07243024278649826,6.489255183521437,57.17934110398554,2000.0
0.4484210526315789,3.201,17.916667,0.518881007248,0.071880480587,0.013854248910498267,0.0,0.08573472949749827,6.052168243712029,57.17934110398554,2000.0
0.4484210526315789,3.201,20.0,0.560029780529,0.084896768933,0.013854248910498267,0.0,0.09875101784349827,5.671129197033103,57.17934110398554,2000.0
0.5110526315789473,3.201,-5.0,-0.148335964713,0.005750952507,0.013560941331861951,0.0,0.019311893838861952,-7.681067737359799,57.17934110398554,2000.0
0.5110526315789473,3.201,-2.916667,-0.085428978494,0.001747109102,0.013560941331861951,0.0,0.015308050433861952,-5.5806569793517316,57.17934110398554,2000.0
0.5110526315789473,3.201,-0.833333,-0.022904859362,0.000161367999,0.013560941331861951,0.0,0.013722309330861951,-1.6691694385934133,57.17934110398554,2000.0
0.5110526315789473,3.201,1.25,0.036155403011,0.000358732965,0.013560941331861951,0.0,0.013919674296861952,2.5974316812248164,57.17934110398554,2000.0
0.5110526315789473,3.201,3.333333,0.097980829938,0.002579352939,0.013560941331861951,0.0,0.01614029427086195,6.070572710367781,57.17934110398554,2000.0
0.5110526315789473,3.201,5.416667,0.160955823497,0.006877083566,0.013560941331861951,0.0,0.02043802489786195,7.875312037311287,57.17934110398554,2000.0
0.5110526315789473,3.201,7.5,0.223739036062,0.013201900978,0.013560941331861951,0.0,0.02676284230986195,8.360062562546037,57.17934110398554,2000.0
0.5110526315789473,3.201,9.583333,0.286100360579,0.02150735194,0.013560941331861951,0.0,0.03506829327186195,8.158377094689145,57.17934110398554,2000.0
0.5110526315789473,3.201,11.666667,0.348138342168,0.03182317281,0.013560941331861951,0.0,0.045384114141861956,7.670929547722071,57.17934110398554,2000.0
0.5110526315789473,3.201,13.75,0.415332237527,0.045533860957,0.013560941331861951,0.0,0.05909480228886195,7.028236349735294,57.17934110398554,2000.0
0.5110526315789473,3.201,15.833333,0.472652715154,0.059220167594,0.013560941331861951,0.0,0.07278110892586195,6.494167540583435,57.17934110398554,2000.0
0.5110526315789473,3.201,17.916667,0.521028146399,0.072465769483,0.013560941331861951,0.0,0.08602671081486195,6.0565856983687825,57.17934110398554,2000.0
0.5110526315789473,3.201,20.0,0.561623640308,0.085374733824,0.013560941331861951,0.0,0.09893567515586195,5.676654446671796,57.17934110398554,2000.0
0.5736842105263157,3.201,-5.0,-0.149160828981,0.005808511335,0.013308751543562519,0.0,0.019117262878562517,-7.8024155407866544,57.17934110398554,2000.0
0.5736842105263157,3.201,-2.916667,-0.085912890806,0.00177263379,0.013308751543562519,0.0,0.015081385333562519,-5.696617976785405,57.17934110398554,2000.0
0.5736842105263157,3.201,-0.833333,-0.023087927693,0.000164046717,0.013308751543562519,0.0,0.013472798260562519,-1.713669814279252,57.17934110398554,2000.0
0.5736842105263157,3.201,1.25,0.036358621971,0.000362746014,0.013308751543562519,0.0,0.013671497557562518,2.659446912667434,57.17934110398554,2000.0
0.5736842105263157,3.201,3.333333,0.098530330166,0.002608802144,0.013308751543562519,0.0,0.01591755368756252,6.190042270313719,57.17934110398554,2000.0
0.5736842105263157,3.201,5.416667,0.161827827137,0.006953886213,0.013308751543562519,0.0,0.020262637756562518,7.986513359278131,57.17934110398554,2000.0
0.5736842105263157,3.201,7.5,0.224908548365,0.013346824405,0.013308751543562519,0.0,0.02665557594856252,8.437579769388883,57.17934110398554,2000.0
0.5736842105263157,3.201,9.583333,0.287537795551,0.021737950202,0.013308751543562519,0.0,0.035046701745562514,8.204418140072397,57.17934110398554,2000.0
0.5736842105263157,3.201,11.666667,0.349832121183,0.032152102949,0.013308751543562519,0.0,0.045460854492562514,7.695238575866039,57.17934110398554,2000.0
0.5736842105263157,3.201,13.75,0.415718467434,0.045605893078,0.013308751543562519,0.0,0.05891464462156251,7.056284054743306,57.17934110398554,2000.0
0.5736842105263157,3.201,15.833333,0.474475261377,0.05970056349,0.013308751543562519,0.0,0.07300931503356252,6.498831843017331,57.17934110398554,2000.0
0.5736842105263157,3.201,17.916667,0.52287141039,0.073027566136,0.013308751543562519,0.0,0.08633631767956253,6.056216253403795,57.17934110398554,2000.0
0.5736842105263157,3.201,20.0,0.562672136492,0.085721562624,0.013308751543562519,0.0,0.09903031416756253,5.681817140758943,57.17934110398554,2000.0
0.6363157894736842,3.201,-5.0,-0.150659208095,0.005918979203,0.013088243882294903,0.0,0.019007223085294903,-7.92641867877895,57.17934110398554,2000.0
0.6363157894736842,3.201,-2.916667,-0.086715980108,0.001789854254,0.013088243882294903,0.0,0.014878098136294904,-5.828431787021059,57.17934110398554,2000.0
0.6363157894736842,3.201,-0.833333,-0.023388598373,0.000167965908,0.013088243882294903,0.0,0.013256209790294904,-1.7643503492320398,57.17934110398554,2000.0
0.6363157894736842,3.201,1.25,0.036719345704,0.000369851271,0.013088243882294903,0.0,0.013458095153294903,2.728420722676353,57.17934110398554,2000.0
0.6363157894736842,3.201,3.333333,0.099496490098,0.002659967448,0.013088243882294903,0.0,0.015748211330294904,6.317954973502176,57.17934110398554,2000.0
0.6363157894736842,3.201,5.416667,0.163411396879,0.007090954875,0.013088243882294903,0.0,0.020179198757294903,8.098012158184714,57.17934110398554,2000.0
0.6363157894736842,3.201,7.5,0.227075209563,0.01360793863,0.013088243882294903,0.0,0.026696182512294903,8.505905646188204,57.17934110398554,2000.0
0.6363157894736842,3.201,9.583333,0.290245899867,0.022155561677,0.013088243882294903,0.0,0.035243805559294905,8.235373429770071,57.17934110398554,2000.0
0.6363157894736842,3.201,11.666667,0.352017905267,0.032535830738,0.013088243882294903,0.0,0.045624074620294906,7.715617427786958,57.17934110398554,2000.0
0.6363157894736842,3.201,13.75,0.412640735707,0.044752663754,0.013088243882294903,0.0,0.0578409076362949,7.1340639794537015,57.17934110398554,2000.0
0.6363157894736842,3.201,15.833333,0.477974551559,0.060571010995,0.013088243882294903,0.0,0.07365925487729491,6.488995203049946,57.17934110398554,2000.0
0.6363157894736842,3.201,17.916667,0.525720101231,0.073838091923,0.013088243882294903,0.0,0.08692633580529491,6.0478806147834545,57.17934110398554,2000.0
0.6363157894736842,3.201,20.0,0.564826996238,0.086447638279,0.013088243882294903,0.0,0.0995358821612949,5.674606824930882,57.17934110398554,2000.0
0.6989473684210525,3.201,-5.0,-0.151685751345,0.005995110246,0.012892830173943565,0.0,0.018887940419943565,-8.030825382360732,57.17934110398554,2000.0
0.6989473684210525,3.201,-2.916667,-0.087165419184,0.00177523601,0.012892830173943565,0.0,0.014668066183943566,-5.942529716658617,57.17934110398554,2000.0
0.6989473684210525,3.201,-0.833333,-0.023630175749,0.000171559827,0.012892830173943565,0.0,0.013064390000943565,-1.8087469638684492,57.17934110398554,2000.0
0.6989473684210525,3.201,1.25,0.036967558309,0.000374921911,0.012892830173943565,0.0,0.013267752084943565,2.7862714099814476,57.17934110398554,2000.0
0.6989473684210525,3.201,3.333333,0.10018534215,0.002698742351,0.012892830173943565,0.0,0.015591572524943566,6.425608577308184,57.17934110398554,2000.0
0.6989473684210525,3.201,5.416667,0.164589669181,0.007199266011,0.012892830173943565,0.0,0.020092096184943564,8.191761957835874,57.17934110398554,2000.0
0.6989473684210525,3.201,7.5,0.22871413232,0.01381570108,0.012892830173943565,0.0,0.026708531253943565,8.563336191922945,57.17934110398554,2000.0
0.6989473684210525,3.201,9.583333,0.29227728113,0.022484281574,0.012892830173943565,0.0,0.035377111747943564,8.261762102356753,57.17934110398554,2000.0
0.6989473684210525,3.201,11.666667,0.3542957523,0.032975462331,0.012892830173943565,0.0,0.045868292504943564,7.724197543691319,57.17934110398554,2000.0
0.6989473684210525,3.201,13.75,0.415068939721,0.045292228717,0.012892830173943565,0.0,0.05818505889094357,7.1336000621562485,57.17934110398554,2000.0
0.6989473684210525,3.201,15.833333,0.479455709869,0.06091936155,0.012892830173943565,0.0,0.07381219172394357,6.495616762907634,57.17934110398554,2000.0
0.6989473684210525,3.201,17.916667,0.528167595497,0.074542801891,0.012892830173943565,0.0,0.08743563206494356,6.040644792327903,57.17934110398554,2000.0
0.6989473684210525,3.201,20.0,0.566092814972,0.086811908138,0.012892830173943565,0.0,0.09970473831194356,5.677692199551044,57.17934110398554,2000.0
0.7615789473684209,3.201,-5.0,-0.15293285481,0.006079217162,0.012717739932481391,0.0,0.01879695709448139,-8.136043192592041,57.17934110398554,2000.0
0.7615789473684209,3.201,-2.916667,-0.087718428984,0.001855197215,0.012717739932481391,0.0,0.014572937147481391,-6.019269011886199,57.17934110398554,2000.0
0.7615789473684209,3.201,-0.833333,-0.023966943756,0.000176392194,0.012717739932481391,0.0,0.01289413212648139,-1.858748112777421,57.17934110398554,2000.0
0.7615789473684209,3.201,1.25,0.037359716304,0.00038289295,0.012717739932481391,0.0,0.013100632882481391,2.8517489680944097,57.17934110398554,2000.0
0.7615789473684209,3.201,3.333333,0.101254442307,0.002757321633,0.012717739932481391,0.0,0.015475061565481391,6.543072018069236,57.17934110398554,2000.0
0.7615789473684209,3.201,5.416667,0.166349628846,0.007357849497,0.012717739932481391,0.0,0.020075589429481393,8.286164121373808,57.17934110398554,2000.0
0.7615789473684209,3.201,7.5,0.231106237582,0.014115650108,0.012717739932481391,0.0,0.02683339004048139,8.612636615550569,57.17934110398554,2000.0
0.7615789473684209,3.201,9.583333,0.29521691604,0.022957942426,0.012717739932481391,0.0,0.03567568235848139,8.275018066187494,57.17934110398554,2000.0
0.7615789473684209,3.201,11.666667,0.357614202157,0.033612723306,0.012717739932481391,0.0,0.04633046323848139,7.71877026819734,57.17934110398554,2000.0
0.7615789473684209,3.201,13.75,0.418635606883,0.046091796995,0.012717739932481391,0.0,0.05880953692748139,7.118498610169701,57.17934110398554,2000.0
0.7615789473684209,3.201,15.833333,0.475691037519,0.059757739132,0.012717739932481391,0.0,0.07247547906448139,6.563475587319374,57.17934110398554,2000.0
0.7615789473684209,3.201,17.916667,0.530582465875,0.075235108504,0.012717739932481391,0.0,0.08795284843648139,6.032578538467472,57.17934110398554,2000.0
0.7615789473684209,3.201,20.0,0.568204800961,0.08749409771,0.012717739932481391,0.0,0.10021183764248139,5.670036737457542,57.17934110398554,2000.0
0.8242105263157894,3.201,-5.0,-0.154935501886,0.006232058181,0.012559414917426768,0.0,0.01879147309842677,-8.244989686251435,57.17934110398554,2000.0
0.8242105263157894,3.201,-2.916667,-0.087742150251,0.001882616602,0.012559414917426768,0.0,0.014442031519426768,-6.075471455173964,57.17934110398554,2000.0
0.8242105263157894,3.201,-0.833333,-0.02415444881,0.000179392804,0.012559414917426768,0.0,0.012738807721426769,-1.8961310460296876,57.17934110398554,2000.0
0.8242105263157894,3.201,1.25,0.037794054885,0.000392310583,0.012559414917426768,0.0,0.012951725500426768,2.918071023336208,57.17934110398554,2000.0
0.8242105263157894,3.201,3.333333,0.10262528529,0.002836329553,0.012559414917426768,0.0,0.015395744470426768,6.66582155134686,57.17934110398554,2000.0
0.8242105263157894,3.201,5.416667,0.168230192491,0.007539266031,0.012559414917426768,0.0,0.02009868094842677,8.370210608481164,57.17934110398554,2000.0
0.8242105263157894,3.201,7.5,0.234328039011,0.014548410058,0.012559414917426768,0.0,0.02710782497542677,8.644295114913065,57.17934110398554,2000.0
0.8242105263157894,3.201,9.583333,0.299208953704,0.023645014163,0.012559414917426768,0.0,0.03620442908042677,8.264429554718806,57.17934110398554,2000.0
0.8242105263157894,3.201,11.666667,0.362164571706,0.034548950921,0.012559414917426768,0.0,0.04710836583842677,7.68790352329689,57.17934110398554,2000.0
0.8242105263157894,3.201,13.75,0.423532738765,0.047272643975,0.012559414917426768,0.0,0.059832058892426765,7.078692370029884,57.17934110398554,2000.0
0.8242105263157894,3.201,15.833333,0.480170389455,0.061009967631,0.012559414917426768,0.0,0.07356938254842676,6.526769327429514,57.17934110398554,2000.0
0.8242105263157894,3.201,17.916667,0.525767580968,0.073676333649,0.012559414917426768,0.0,0.08623574856642677,6.0968634204294645,57.17934110398554,2000.0
0.8242105263157894,3.201,20.0,0.560877742805,0.084871822393,0.012559414917426768,0.0,0.09743123731042676,5.756652160928442,57.17934110398554,2000.0
0.8868421052631578,3.201,-5.0,-0.157637409026,0.006420528946,0.012415134908089036,0.011211193891624463,0.030046857745713498,-5.246385840412502,57.17934110398554,2000.0
0.8868421052631578,3.201,-2.916667,-0.089009172812,0.001935515964,0.012415134908089036,0.02362410618577811,0.037974757057867146,-2.3439036799199267,57.17934110398554,2000.0
0.8868421052631578,3.201,-0.833333,-0.024668051388,0.000186818004,0.012415134908089036,0.031099333759174817,0.043701286671263856,-0.5644696819469318,57.17934110398554,2000.0
0.8868421052631578,3.201,1.25,0.038433738509,0.000405695507,0.012415134908089036,0.03621347064075314,0.04903430105584218,0.7838133241713826,57.17934110398554,2000.0
0.8868421052631578,3.201,3.333333,0.104390151476,0.002936161215,0.012415134908089036,0.04010389844611942,0.05545519456920846,1.882423320068247,57.17934110398554,2000.0
0.8868421052631578,3.201,5.416667,0.17111990064,0.00780846544,0.012415134908089036,0.043049912650709204,0.06327351299879824,2.704447604217109,57.17934110398554,2000.0
0.8868421052631578,3.201,7.5,0.238304527517,0.015065838706,0.012415134908089036,0.04533258153833062,0.07281355515241966,3.2728044526621485,57.17934110398554,2000.0
0.8868421052631578,3.201,9.583333,0.304094913589,0.024462955538,0.012415134908089036,0.04709879997345892,0.08397689041954795,3.6211737785210185,57.17934110398554,2000.0
0.8868421052631578,3.201,11.666667,0.367696380707,0.035655227677,0.012415134908089036,0.048483430287411394,0.09655379287250043,3.808202347809828,57.17934110398554,2000.0
0.8868421052631578,3.201,13.75,0.428748109232,0.048500469343,0.012415134908089036,0.04958657477739565,0.11050217902848469,3.8799968742831714,57.17934110398554,2000.0
0.8868421052631578,3.201,15.833333,0.485826927955,0.062582320474,0.012415134908089036,0.05046149067337586,0.1254589460554649,3.872397650624435,57.17934110398554,2000.0
0.8868421052631578,3.201,17.916667,0.530645407316,0.075196633227,0.012415134908089036,0.05106242424794698,0.13867419238303602,3.826562089146976,57.17934110398554,2000.0
0.8868421052631578,3.201,20.0,0.564459953472,0.086082477172,0.012415134908089036,0.0514733209178088,0.14997093299789782,3.763795704864436,57.17934110398554,2000.0
0.9494736842105262,3.201,-5.0,-0.158592297098,0.006525329972,0.012282776644055513,0.03294034934044538,0.05174845595650089,-3.064676890674974,57.17934110398554,2000.0
0.9494736842105262,3.201,-2.916667,-0.08907524889,0.001954720092,0.012282776644055513,0.038910201765486915,0.053147698501542426,-1.6759944720356028,57.17934110398554,2000.0
0.9494736842105262,3.201,-0.833333,-0.024649519931,0.000188774546,0.012282776644055513,0.042450121461701934,0.054921672651757444,-0.44881225827362414,57.17934110398554,2000.0
0.9494736842105262,3.201,1.25,0.038441314578,0.000409913989,0.012282776644055513,0.044867761359701566,0.057560451992757077,0.667842472516323,57.17934110398554,2000.0
0.9494736842105262,3.201,3.333333,0.104935333446,0.002993749183,0.012282776644055513,0.04672014510544498,0.06199667093250049,1.69259626150329,57.17934110398554,2000.0
0.9494736842105262,3.201,5.416667,0.172417065241,0.007997114282,0.012282776644055513,0.04812367344332536,0.06840356436938087,2.520585978677131,57.17934110398554,2000.0
0.9494736842105262,3.201,7.5,0.239657824163,0.015367743026,0.012282776644055513,0.04919864849715947,0.07684916816721499,3.1185480582110143,57.17934110398554,2000.0
0.9494736842105262,3.201,9.583333,0.305992568997,0.024992112656,0.012282776644055513,0.05003615345982873,0.08731104275988424,3.504626211354685,57.17934110398554,2000.0
0.9494736842105262,3.201,11.666667,0.37080969955,0.03659271707,0.012282776644055513,0.050698291459618496,0.09957378517367402,3.7239691039488285,57.17934110398554,2000.0
0.9494736842105262,3.201,13.75,0.431925831574,0.049661619452,0.012282776644055513,0.05121577250971212,0.11316016860576764,3.8169422765598924,57.17934110398554,2000.0
0.9494736842105262,3.201,15.833333,0.487896966721,0.063671796095,0.012282776644055513,0.05161857936778866,0.12757315210684417,3.8244486293823012,57.17934110398554,2000.0
0.9494736842105262,3.201,17.916667,0.532056231997,0.076153957355,0.012282776644055513,0.051897309612048234,0.14033404361110374,3.791355385379217,57.17934110398554,2000.0
0.9494736842105262,3.201,20.0,0.564617655451,0.086650512703,0.012282776644055513,0.05208403901962618,0.1510173283666817,3.7387607207569244,57.17934110398554,2000.0
1.0121052631578946,3.201,-5.0,-0.16128648952,0.014110739189,0.01216065306863321,0.046784529521748316,0.07305592177938153,-2.2077127437671953,57.17934110398554,2000.0
1.0121052631578946,3.201,-2.916667,-0.101764489668,0.005184845698,0.01216065306863321,0.048029556838942306,0.06537505560557552,-1.5566256690008995,57.17934110398554,2000.0
1.0121052631578946,3.201,-0.833333,-0.024613549091,0.000358014732,0.01216065306863321,0.04905199055476781,0.06157065835540102,-0.3997610184533764,57.17934110398554,2000.0
1.0121052631578946,3.201,1.25,0.042805966634,0.000934029505,0.01216065306863321,0.0496427299663863,0.06273741254001951,0.6823036669976554,57.17934110398554,2000.0
1.0121052631578946,3.201,3.333333,0.116043707527,0.006758775572,0.01216065306863321,0.05009828510348723,0.06901771374412044,1.6813612220947505,57.17934110398554,2000.0
1.0121052631578946,3.201,5.416667,0.188943798452,0.017915902706,0.01216065306863321,0.050429753802945454,0.08050630957757866,2.3469439779738903,57.17934110398554,2000.0
1.0121052631578946,3.201,7.5,0.260748414952,0.034328168068,0.01216065306863321,0.05067753928486188,0.0971663604214951,2.683525592817382,57.17934110398554,2000.0
1.0121052631578946,3.201,9.583333,0.330061825623,0.055724658832,0.01216065306863321,0.05086522380731831,0.11875053570795152,2.7794554664977325,57.17934110398554,2000.0
1.0121052631578946,3.201,11.666667,0.394479251542,0.081440954609,0.01216065306863321,0.05100662712257033,0.14460823480020352,2.727916927324562,57.17934110398554,2000.0
1.0121052631578946,3.201,13.75,0.452360752943,0.110660214642,0.01216065306863321,0.05111301835960824,0.17393388607024146,2.60076264127347,57.17934110398554,2000.0
1.0121052631578946,3.201,15.833333,0.497752787854,0.141102866258,0.01216065306863321,0.05118550083132338,0.20444902015795657,2.434605885953564,57.17934110398554,2000.0
1.0121052631578946,3.201,17.916667,0.525789760558,0.169887167834,0.01216065306863321,0.05122619498225821,0.23327401588489144,2.253957683900164,57.17934110398554,2000.0
1.0121052631578946,3.201,20.0,0.536603808483,0.195126691388,0.01216065306863321,0.051241140209959804,0.258528484666593,2.0756080676178574,57.17934110398554,2000.0
1.074736842105263,3.201,-5.0,-0.17479868173,0.015292903009,0.012047402910866612,0.0530962886327199,0.08043659455258652,-2.173123846208121,57.17934110398554,2000.0
1.074736842105263,3.201,-2.916667,-0.102317031959,0.005212997484,0.012047402910866612,0.05176179131244886,0.06902219170731547,-1.4823787745377506,57.17934110398554,2000.0
1.074736842105263,3.201,-0.833333,-0.024507688887,0.000356474879,0.012047402910866612,0.05090435639221161,0.06330823418207822,-0.38711692410365517,57.17934110398554,2000.0
1.074736842105263,3.201,1.25,0.043048706898,0.000939326127,0.012047402910866612,0.05041336948760075,0.06340009852546737,0.6790006309013485,57.17934110398554,2000.0
1.074736842105263,3.201,3.333333,0.116876703514,0.006807292096,0.012047402910866612,0.050033020100552175,0.06888771510741878,1.6966262174866806,57.17934110398554,2000.0
1.074736842105263,3.201,5.416667,0.190589612363,0.018071961154,0.012047402910866612,0.04975612414559065,0.07987548821045726,2.3860838491632297,57.17934110398554,2000.0
1.074736842105263,3.201,7.5,0.263128233478,0.034641452762,0.012047402910866612,0.04954979720368786,0.09623865287655448,2.7341221599965158,57.17934110398554,2000.0
1.074736842105263,3.201,9.583333,0.33287722322,0.056199744874,0.012047402910866612,0.04939432278510658,0.11764147056997319,2.8295908033723918,57.17934110398554,2000.0
1.074736842105263,3.201,11.666667,0.397512165048,0.082066956756,0.012047402910866612,0.04927756144483908,0.14339192111170568,2.7722075411649496,57.17934110398554,2000.0
1.074736842105263,3.201,13.75,0.454786720392,0.111254690527,0.012047402910866612,0.0491908285392387,0.1724929219771053,2.636552938980088,57.17934110398554,2000.0
1.074736842105263,3.201,15.833333,0.497445352286,0.141023491664,0.012047402910866612,0.04913444116658586,0.20220533574145247,2.460100028824426,57.17934110398554,2000.0
1.074736842105263,3.201,17.916667,0.520389759788,0.16817717473,0.012047402910866612,0.04910659539089437,0.22933117303176098,2.269162769755375,57.17934110398554,2000.0
1.074736842105263,3.201,20.0,0.522618610391,0.190130734579,0.012047402910866612,0.04910397559446111,0.25128211308432774,2.0798082441133183,57.17934110398554,2000.0
1.1373684210526314,3.201,-5.0,-0.172983722707,0.015134114704,0.011941912886212628,0.0510213820003629,0.07809740959057553,-2.2149738847148006,57.17934110398554,2000.0
1.1373684210526314,3.201,-2.916667,-0.101120224816,0.005152020764,0.011941912886212628,0.04918867747941038,0.06628261112962301,-1.525592053370501,57.17934110398554,2000.0
1.1373684210526314,3.201,-0.833333,-0.02409686763,0.000350499308,0.011941912886212628,0.048005329431818164,0.06029774162603079,-0.399631345721865,57.17934110398554,2000.0
1.1373684210526314,3.201,1.25,0.04255215508,0.000928491303,0.011941912886212628,0.047326425103949646,0.06019682929316227,0.7068836611438184,57.17934110398554,2000.0
1.1373684210526314,3.201,3.333333,0.115642217835,0.006735391499,0.011941912886212628,0.04679666666778677,0.0654739710529994,1.7662319235439494,57.17934110398554,2000.0
1.1373684210526314,3.201,5.416667,0.188741802466,0.017896749213,0.011941912886212628,0.04640945888254311,0.07624812098175573,2.4753633274603737,57.17934110398554,2000.0
1.1373684210526314,3.201,7.5,0.26068885672,0.034320290353,0.011941912886212628,0.046120442332969046,0.09238264557218168,2.821837966485978,57.17934110398554,2000.0
1.1373684210526314,3.201,9.583333,0.329862312491,0.055690859672,0.011941912886212628,0.045902418474451014,0.11353519103266363,2.9053750602850523,57.17934110398554,2000.0
1.1373684210526314,3.201,11.666667,0.394063494381,0.081355582612,0.011941912886212628,0.04573829569712698,0.1390357911953396,2.834259373022569,57.17934110398554,2000.0
1.1373684210526314,3.201,13.75,0.450547737774,0.11022050104,0.011941912886212628,0.0456171273146376,0.16777954124085023,2.6853556425406566,57.17934110398554,2000.0
1.1373684210526314,3.201,15.833333,0.491546932879,0.139357177809,0.011941912886212628,0.045540154369137054,0.1968392450643497,2.4971998481212725,57.17934110398554,2000.0
1.1373684210526314,3.201,17.916667,0.512708347517,0.165704534775,0.011941912886212628,0.04550353269286687,0.22314998035407949,2.297595306544364,57.17934110398554,2000.0
1.1373684210526314,3.201,20.0,0.51370978956,0.186903689916,0.011941912886212628,0.045501848116965796,0.24434745091917842,2.102374252841775,57.17934110398554,2000.0
1.2,3.201,-5.0,-0.17033313973,0.014902218721,0.011843261648814874,0.04037095282263113,0.067116433192446,-2.5378753254303015,57.17934110398554,2000.0
1.2,3.201,-2.916667,-0.099506869177,0.00506982126,0.011843261648814874,0.04037095282263113,0.057284035731446005,-1.7370785404069535,57.17934110398554,2000.0
1.2,3.201,-0.833333,-0.023656085336,0.0003440879,0.011843261648814874,0.04037095282263113,0.05255830237144601,-0.45009226456393175,57.17934110398554,2000.0
1.2,3.201,1.25,0.04194263304,0.000915191519,0.011843261648814874,0.04037095282263113,0.05312940599044601,0.7894429131683184,57.17934110398554,2000.0
1.2,3.201,3.333333,0.114055895602,0.006642998718,0.011843261648814874,0.04037095282263113,0.058857213189446006,1.9378405707875404,57.17934110398554,2000.0
1.2,3.201,5.416667,0.18630015545,0.017665228986,0.011843261648814874,0.04037095282263113,0.06987944345744601,2.6660223126054214,57.17934110398554,2000.0
1.2,3.201,7.5,0.257454447762,0.033894472101,0.011843261648814874,0.04037095282263113,0.08610868657244601,2.989877769711367,57.17934110398554,2000.0
1.2,3.201,9.583333,0.325992507417,0.055037711558,0.011843261648814874,0.04037095282263113,0.10725192602944601,3.039502594363655,57.17934110398554,2000.0
1.2,3.201,11.666667,0.389935823745,0.080505649728,0.011843261648814874,0.04037095282263113,0.132719864199446,2.9380366390295602,57.17934110398554,2000.0
1.2,3.201,13.75,0.445980463525,0.109107766409,0.011843261648814874,0.04037095282263113,0.161321980880446,2.764536246647699,57.17934110398554,2000.0
1.2,3.201,15.833333,0.486361032474,0.137894111358,0.011843261648814874,0.04037095282263113,0.19010832582944603,2.558336308270551,57.17934110398554,2000.0
1.2,3.201,17.916667,0.507140126558,0.163913415648,0.011843261648814874,0.04037095282263113,0.21612763011944602,2.346484465117772,57.17934110398554,2000.0
1.2,3.201,20.0,0.508120333408,0.18487753468,0.011843261648814874,0.04037095282263113,0.23709174915144604,2.1431379844577814,57.17934110398554,2000.0
0.01,3.201,-5.0,-0.143769845682,0.00541010167,0.028585291927789892,0.0,0.03399539359778989,-4.229097841401276,57.17934110398554,3000.0
0.01,3.201,-2.916667,-0.082993533372,0.001676633787,0.028585291927789892,0.0,0.030261925714789892,-2.7425066783320604,57.17934110398554,3000.0
0.01,3.201,-0.833333,-0.022135019161,0.000150594394,0.028585291927789892,0.0,0.028735886321789892,-0.7702918543429588,57.17934110398554,3000.0
0.01,3.201,1.25,0.035050573776,0.000337258693,0.028585291927789892,0.0,0.028922550620789893,1.2118769964501406,57.17934110398554,3000.0
0.01,3.201,3.333333,0.095017554368,0.002425190355,0.028585291927789892,0.0,0.03101048228278989,3.0640463279970516,57.17934110398554,3000.0
0.01,3.201,5.416667,0.156089626199,0.006465084796,0.028585291927789892,0.0,0.03505037672378989,4.453293824173269,57.17934110398554,3000.0
0.01,3.201,7.5,0.217099263575,0.01242245198,0.028585291927789892,0.0,0.04100774390778989,5.2941040614955535,57.17934110398554,3000.0
0.01,3.201,9.583333,0.277820685904,0.020265615907,0.028585291927789892,0.0,0.04885090783478989,5.687114082783656,57.17934110398554,3000.0
0.01,3.201,11.666667,0.344181623435,0.031254952444,0.028585291927789892,0.0,0.05984024437178989,5.75167476417017,57.17934110398554,3000.0
0.01,3.201,13.75,0.404693263142,0.04329420396,0.028585291927789892,0.0,0.07187949588778988,5.630162790425815,57.17934110398554,3000.0
0.01,3.201,15.833333,0.461859165835,0.056604918712,0.028585291927789892,0.0,0.08519021063978989,5.421505151429675,57.17934110398554,3000.0
0.01,3.201,17.916667,0.513246349725,0.0704158324,0.028585291927789892,0.0,0.0990011243277899,5.18424768617431,57.17934110398554,3000.0
0.01,3.201,20.0,0.556008149009,0.08370013044,0.028585291927789892,0.0,0.1122854223677899,4.951739391314753,57.17934110398554,3000.0
0.07263157894736841,3.201,-5.0,-0.143846817824,0.005415709882,0.019148295775452465,0.0,0.024564005657452467,-5.856000028251025,57.17934110398554,3000.0
0.07263157894736841,3.201,-2.916667,-0.083035199327,0.001677892194,0.019148295775452465,0.0,0.020826187969452466,-3.987057038416957,57.17934110398554,3000.0
0.07263157894736841,3.201,-0.833333,-0.022147921265,0.000150767047,0.019148295775452465,0.0,0.019299062822452466,-1.1476164137479867,57.17934110398554,3000.0
0.07263157894736841,3.201,1.25,0.035069082898,0.000337611573,0.019148295775452465,0.0,0.019485907348452465,1.7997151618800613,57.17934110398554,3000.0
0.07263157894736841,3.201,3.333333,0.095067910098,0.002427780803,0.019148295775452465,0.0,0.021576076578452466,4.406172259925243,57.17934110398554,3000.0
0.07263157894736841,3.201,5.416667,0.156172115648,0.006471974981,0.019148295775452465,0.0,0.025620270756452464,6.09564657347222,57.17934110398554,3000.0
0.07263157894736841,3.201,7.5,0.21721187601,0.012435503319,0.019148295775452465,0.0,0.03158379909445247,6.877319456105334,57.17934110398554,3000.0
0.07263157894736841,3.201,9.583333,0.277959676509,0.020286123728,0.019148295775452465,0.0,0.039434419503452466,7.048656478502613,57.17934110398554,3000.0
0.07263157894736841,3.201,11.666667,0.344345497394,0.031284316892,0.019148295775452465,0.0,0.05043261266745247,6.82783380001705,57.17934110398554,3000.0
0.07263157894736841,3.201,13.75,0.404871541962,0.043332005764,0.019148295775452465,0.0,0.06248030153945247,6.47998700368545,57.17934110398554,3000.0
0.07263157894736841,3.201,15.833333,0.462044547368,0.056649542858,0.019148295775452465,0.0,0.07579783863345246,6.0957483181332055,57.17934110398554,3000.0
0.07263157894736841,3.201,17.916667,0.513395736054,0.070456228024,0.019148295775452465,0.0,0.08960452379945247,5.7295738461046,57.17934110398554,3000.0
0.07263157894736841,3.201,20.0,0.555906281155,0.0836567098,0.019148295775452465,0.0,0.10280500557545247,5.407385350969116,57.17934110398554,3000.0
0.13526315789473684,3.201,-5.0,-0.144144951151,0.005437425554,0.017092496615026757,0.0,0.02252992216902676,-6.397933826383332,57.17934110398554,3000.0
0.13526315789473684,3.201,-2.916667,-0.083206763861,0.001683829709,0.017092496615026757,0.0,0.018776326324026756,-4.43147197300923,57.17934110398554,3000.0
0.13526315789473684,3.201,-0.833333,-0.022195723117,0.00015138596,0.017092496615026757,0.0,0.017243882575026757,-1.2871650581258705,57.17934110398554,3000.0
0.13526315789473684,3.201,1.25,0.035143488132,0.000339011197,0.017092496615026757,0.0,0.017431507812026757,2.016089974026973,57.17934110398554,3000.0
0.13526315789473684,3.201,3.333333,0.095267286228,0.00243780653,0.017092496615026757,0.0,0.019530303145026757,4.8779215315077735,57.17934110398554,3000.0
0.13526315789473684,3.201,5.416667,0.156496463431,0.006498554086,0.017092496615026757,0.0,0.023591050701026756,6.63372163513636,57.17934110398554,3000.0
0.13526315789473684,3.201,7.5,0.217655122943,0.012485935742,0.017092496615026757,0.0,0.029578432357026757,7.358575340159739,57.17934110398554,3000.0
0.13526315789473684,3.201,9.583333,0.27851570507,0.020366558873,0.017092496615026757,0.0,0.037459055488026756,7.4352036227668235,57.17934110398554,3000.0
0.13526315789473684,3.201,11.666667,0.345012836642,0.031401646436,0.017092496615026757,0.0,0.048494143051026756,7.114525898085648,57.17934110398554,3000.0
0.13526315789473684,3.201,13.75,0.405623648656,0.043487267738,0.017092496615026757,0.0,0.060579764353026755,6.695695385875725,57.17934110398554,3000.0
0.13526315789473684,3.201,15.833333,0.462862156312,0.056843264797,0.017092496615026757,0.0,0.07393576141202676,6.260328526713576,57.17934110398554,3000.0
0.13526315789473684,3.201,17.916667,0.514085554888,0.070632361783,0.017092496615026757,0.0,0.08772485839802677,5.860203872378819,57.17934110398554,3000.0
0.13526315789473684,3.201,20.0,0.556230494568,0.0837387333,0.017092496615026757,0.0,0.10083122991502677,5.516450558390993,57.17934110398554,3000.0
0.19789473684210523,3.201,-5.0,-0.144439739446,0.005460333309,0.015983833233494147,0.0,0.021444166542494147,-6.7356191792194675,57.17934110398554,3000.0
0.19789473684210523,3.201,-2.916667,-0.083370958599,0.00169117465,0.015983833233494147,0.0,0.017675007883494145,-4.7168838140579386,57.17934110398554,3000.0
0.19789473684210523,3.201,-0.833333,-0.022239280174,0.000152017872,0.015983833233494147,0.0,0.016135851105494148,-1.3782526889100801,57.17934110398554,3000.0
0.19789473684210523,3.201,1.25,0.035216346674,0.000340436896,0.015983833233494147,0.0,0.016324270129494146,2.157299921812264,57.17934110398554,3000.0
0.19789473684210523,3.201,3.333333,0.095462092103,0.002447655008,0.015983833233494147,0.0,0.018431488241494147,5.179293763597973,57.17934110398554,3000.0
0.19789473684210523,3.201,5.416667,0.156813306015,0.006524305506,0.015983833233494147,0.0,0.022508138739494147,6.966960166272915,57.17934110398554,3000.0
0.19789473684210523,3.201,7.5,0.218086903688,0.012534703591,0.015983833233494147,0.0,0.028518536824494147,7.647198207612404,57.17934110398554,3000.0
0.19789473684210523,3.201,9.583333,0.279054432285,0.020444803408,0.015983833233494147,0.0,0.03642863664149415,7.660304035840369,57.17934110398554,3000.0
0.19789473684210523,3.201,11.666667,0.345642661439,0.031514698299,0.015983833233494147,0.0,0.04749853153249414,7.276912575761274,57.17934110398554,3000.0
0.19789473684210523,3.201,13.75,0.406313639365,0.043628718326,0.015983833233494147,0.0,0.059612551559494145,6.815907535168888,57.17934110398554,3000.0
0.19789473684210523,3.201,15.833333,0.463567461439,0.057007316101,0.015983833233494147,0.0,0.07299114933449415,6.351009206809782,57.17934110398554,3000.0
0.19789473684210523,3.201,17.916667,0.514624075635,0.070762207167,0.015983833233494147,0.0,0.08674604040049415,5.932536785068849,57.17934110398554,3000.0
0.19789473684210523,3.201,20.0,0.556599706234,0.083837948072,0.015983833233494147,0.0,0.09982178130549414,5.575934419869594,57.17934110398554,3000.0
0.26052631578947366,3.201,-5.0,-0.144883554158,0.005493312409,0.015244232396079097,0.0,0.020737544805079097,-6.986533628730953,57.17934110398554,3000.0
0.26052631578947366,3.201,-2.916667,-0.083608787107,0.001697787304,0.015244232396079097,0.0,0.016942019700079098,-4.934995271349475,57.17934110398554,3000.0
0.26052631578947366,3.201,-0.833333,-0.022313367526,0.000153012713,0.015244232396079097,0.0,0.015397245109079097,-1.4491792114709379,57.17934110398554,3000.0
0.26052631578947366,3.201,1.25,0.035322980124,0.000342484021,0.015244232396079097,0.0,0.015586716417079097,2.2662233134167344,57.17934110398554,3000.0
0.26052631578947366,3.201,3.333333,0.095751908832,0.002462574937,0.015244232396079097,0.0,0.017706807333079097,5.407632614442039,57.17934110398554,3000.0
0.26052631578947366,3.201,5.416667,0.157288415986,0.006564187271,0.015244232396079097,0.0,0.021808419667079096,7.212279403419347,57.17934110398554,3000.0
0.26052631578947366,3.201,7.5,0.218733817042,0.012610096741,0.015244232396079097,0.0,0.027854329137079095,7.852776348177281,57.17934110398554,3000.0
0.26052631578947366,3.201,9.583333,0.279855780665,0.020564208909,0.015244232396079097,0.0,0.0358084413050791,7.815357788983265,57.17934110398554,3000.0
0.26052631578947366,3.201,11.666667,0.346586057901,0.031685668772,0.015244232396079097,0.0,0.046929901168079095,7.385186187793249,57.17934110398554,3000.0
0.26052631578947366,3.201,13.75,0.407342823158,0.043843949381,0.015244232396079097,0.0,0.0590881817770791,6.893812111104973,57.17934110398554,3000.0
0.26052631578947366,3.201,15.833333,0.46462549048,0.057263716807,0.015244232396079097,0.0,0.0725079492030791,6.40792486322685,57.17934110398554,3000.0
0.26052631578947366,3.201,17.916667,0.515466091171,0.070990841956,0.015244232396079097,0.0,0.0862350743520791,5.977452852495538,57.17934110398554,3000.0
0.26052631578947366,3.201,20.0,0.556812924554,0.083881015377,0.015244232396079097,0.0,0.0991252477730791,5.61726640854079,57.17934110398554,3000.0
0.3231578947368421,3.201,-5.0,-0.14546135336,0.005535858762,0.014697716931660951,0.0,0.020233575693660952,-7.189107627949918,57.17934110398554,3000.0
0.3231578947368421,3.201,-2.916667,-0.083916993413,0.001707284535,0.014697716931660951,0.0,0.016405001466660952,-5.1153298330110015,57.17934110398554,3000.0
0.3231578947368421,3.201,-0.833333,-0.022412623778,0.000154355875,0.014697716931660951,0.0,0.01485207280666095,-1.5090569558713882,57.17934110398554,3000.0
0.3231578947368421,3.201,1.25,0.035461949444,0.000345161315,0.014697716931660951,0.0,0.015042878246660951,2.357391242721216,57.17934110398554,3000.0
0.3231578947368421,3.201,3.333333,0.096129285453,0.002482067248,0.014697716931660951,0.0,0.01717978417966095,5.59548853744082,57.17934110398554,3000.0
0.3231578947368421,3.201,5.416667,0.157907546488,0.006616379091,0.014697716931660951,0.0,0.02131409602266095,7.408596936042428,57.17934110398554,3000.0
0.3231578947368421,3.201,7.5,0.219576973984,0.01270750678,0.014697716931660951,0.0,0.027405223711660952,8.012230671577031,57.17934110398554,3000.0
0.3231578947368421,3.201,9.583333,0.28090689026,0.020721094642,0.014697716931660951,0.0,0.035418811573660954,7.931008347803944,57.17934110398554,3000.0
0.3231578947368421,3.201,11.666667,0.347811274547,0.031907397496,0.014697716931660951,0.0,0.04660511442766095,7.462942186031152,57.17934110398554,3000.0
0.3231578947368421,3.201,13.75,0.408682513679,0.044126429361,0.014697716931660951,0.0,0.05882414629266095,6.947529873969259,57.17934110398554,3000.0
0.3231578947368421,3.201,15.833333,0.465978074943,0.057594099925,0.014697716931660951,0.0,0.07229181685666096,6.445792832499061,57.17934110398554,3000.0
0.3231578947368421,3.201,17.916667,0.516567022646,0.071278335779,0.014697716931660951,0.0,0.08597605271066096,6.008266329514173,57.17934110398554,3000.0
0.3231578947368421,3.201,20.0,0.557602874466,0.084122592,0.014697716931660951,0.0,0.09882030893166095,5.642593921170692,57.17934110398554,3000.0
0.38578947368421046,3.201,-5.0,-0.146282824113,0.005595503585,0.014268597007942637,0.0,0.019864100592942635,-7.364180594462541,57.17934110398554,3000.0
0.38578947368421046,3.201,-2.916667,-0.084366677165,0.001720809926,0.014268597007942637,0.0,0.015989406933942636,-5.276410658228024,57.17934110398554,3000.0
0.38578947368421046,3.201,-0.833333,-0.022552680281,0.000156228657,0.014268597007942637,0.0,0.014424825664942638,-1.563462935695014,57.17934110398554,3000.0
0.38578947368421046,3.201,1.25,0.035662529513,0.000348963599,0.014268597007942637,0.0,0.014617560606942637,2.439704576703586,57.17934110398554,3000.0
0.38578947368421046,3.201,3.333333,0.096665996558,0.002509349012,0.014268597007942637,0.0,0.016777946019942636,5.76149168933436,57.17934110398554,3000.0
0.38578947368421046,3.201,5.416667,0.158786302066,0.006689300144,0.014268597007942637,0.0,0.020957897151942635,7.576442470101622,57.17934110398554,3000.0
0.38578947368421046,3.201,7.5,0.220774889678,0.012845395693,0.014268597007942637,0.0,0.027113992700942637,8.142470646542757,57.17934110398554,3000.0
0.38578947368421046,3.201,9.583333,0.282403250866,0.020941772865,0.014268597007942637,0.0,0.03521036987294264,8.020456811020676,57.17934110398554,3000.0
0.38578947368421046,3.201,11.666667,0.343980927054,0.031065564918,0.014268597007942637,0.0,0.04533416192594264,7.587675881511238,57.17934110398554,3000.0
0.38578947368421046,3.201,13.75,0.410643865073,0.044533440798,0.014268597007942637,0.0,0.058802037805942634,6.983497177907322,57.17934110398554,3000.0
0.38578947368421046,3.201,15.833333,0.467983652316,0.058073005369,0.014268597007942637,0.0,0.07234160237694263,6.46908054203068,57.17934110398554,3000.0
0.38578947368421046,3.201,17.916667,0.517283351749,0.071440497317,0.014268597007942637,0.0,0.08570909432494264,6.035337974612838,57.17934110398554,3000.0
0.38578947368421046,3.201,20.0,0.558885284582,0.08453303607,0.014268597007942637,0.0,0.09880163307794264,5.656640150280781,57.17934110398554,3000.0
0.4484210526315789,3.201,-5.0,-0.14720622549,0.005667443288,0.013917781571351547,0.0,0.019585224859351547,-7.516187664279587,57.17934110398554,3000.0
0.4484210526315789,3.201,-2.916667,-0.084808797395,0.001726925779,0.013917781571351547,0.0,0.015644707350351547,-5.42092577993121,57.17934110398554,3000.0
0.4484210526315789,3.201,-0.833333,-0.022703346444,0.0001586369,0.013917781571351547,0.0,0.014076418471351547,-1.6128638467381495,57.17934110398554,3000.0
0.4484210526315789,3.201,1.25,0.035878583318,0.000353336274,0.013917781571351547,0.0,0.014271117845351547,2.5140695849334977,57.17934110398554,3000.0
0.4484210526315789,3.201,3.333333,0.097256497513,0.00254137903,0.013917781571351547,0.0,0.016459160601351545,5.908958534921506,57.17934110398554,3000.0
0.4484210526315789,3.201,5.416667,0.159781212049,0.006777037671,0.013917781571351547,0.0,0.020694819242351545,7.720831488202171,57.17934110398554,3000.0
0.4484210526315789,3.201,7.5,0.222137424669,0.013011723462,0.013917781571351547,0.0,0.026929505033351547,8.248849148689816,57.17934110398554,3000.0
0.4484210526315789,3.201,9.583333,0.284100999511,0.021205985717,0.013917781571351547,0.0,0.03512376728835155,8.088568551848345,57.17934110398554,3000.0
0.4484210526315789,3.201,11.666667,0.345827596879,0.031402641906,0.013917781571351547,0.0,0.045320423477351546,7.630722979714082,57.17934110398554,3000.0
0.4484210526315789,3.201,13.75,0.412700990492,0.044976254642,0.013917781571351547,0.0,0.05889403621335155,7.007517518360183,57.17934110398554,3000.0
0.4484210526315789,3.201,15.833333,0.470018328446,0.058575993876,0.013917781571351547,0.0,0.07249377544735155,6.483568079404966,57.17934110398554,3000.0
0.4484210526315789,3.201,17.916667,0.518881007248,0.071880480587,0.013917781571351547,0.0,0.08579826215835154,6.047686680300581,57.17934110398554,3000.0
0.4484210526315789,3.201,20.0,0.560029780529,0.084896768933,0.013917781571351547,0.0,0.09881455050435153,5.667482953376767,57.17934110398554,3000.0
0.5110526315789473,3.201,-5.0,-0.148335964713,0.005750952507,0.013622603843614649,0.0,0.01937355635061465,-7.65662029358352,57.17934110398554,3000.0
0.5110526315789473,3.201,-2.916667,-0.085428978494,0.001747109102,0.013622603843614649,0.0,0.01536971294561465,-5.55826766552429,57.17934110398554,3000.0
0.5110526315789473,3.201,-0.833333,-0.022904859362,0.000161367999,0.013622603843614649,0.0,0.013783971842614649,-1.6617024195585726,57.17934110398554,3000.0
0.5110526315789473,3.201,1.25,0.036155403011,0.000358732965,0.013622603843614649,0.0,0.01398133680861465,2.58597611272212,57.17934110398554,3000.0
0.5110526315789473,3.201,3.333333,0.097980829938,0.002579352939,0.013622603843614649,0.0,0.01620195678261465,6.047468910862506,57.17934110398554,3000.0
0.5110526315789473,3.201,5.416667,0.160955823497,0.006877083566,0.013622603843614649,0.0,0.02049968740961465,7.851623309217358,57.17934110398554,3000.0
0.5110526315789473,3.201,7.5,0.223739036062,0.013201900978,0.013622603843614649,0.0,0.02682450482161465,8.340844968057548,57.17934110398554,3000.0
0.5110526315789473,3.201,9.583333,0.286100360579,0.02150735194,0.013622603843614649,0.0,0.03512995578361465,8.144056950747522,57.17934110398554,3000.0
0.5110526315789473,3.201,11.666667,0.348138342168,0.03182317281,0.013622603843614649,0.0,0.04544577665361465,7.66052134660372,57.17934110398554,3000.0
0.5110526315789473,3.201,13.75,0.415332237527,0.045533860957,0.013622603843614649,0.0,0.05915646480061465,7.0209103760149745,57.17934110398554,3000.0
0.5110526315789473,3.201,15.833333,0.472652715154,0.059220167594,0.013622603843614649,0.0,0.07284277143761465,6.488670129180875,57.17934110398554,3000.0
0.5110526315789473,3.201,17.916667,0.521028146399,0.072465769483,0.013622603843614649,0.0,0.08608837332661465,6.052247548251926,57.17934110398554,3000.0
0.5110526315789473,3.201,20.0,0.561623640308,0.085374733824,0.013622603843614649,0.0,0.09899733766761465,5.6731186266206635,57.17934110398554,3000.0
0.5736842105263157,3.201,-5.0,-0.149160828981,0.005808511335,0.01336881892332169,0.0,0.01917733025832169,-7.777976755459696,57.17934110398554,3000.0
0.5736842105263157,3.201,-2.916667,-0.085912890806,0.00177263379,0.01336881892332169,0.0,0.01514145271332169,-5.674019027937291,57.17934110398554,3000.0
0.5736842105263157,3.201,-0.833333,-0.023087927693,0.000164046717,0.01336881892332169,0.0,0.01353286564032169,-1.706063468494702,57.17934110398554,3000.0
0.5736842105263157,3.201,1.25,0.036358621971,0.000362746014,0.01336881892332169,0.0,0.013731564937321689,2.6478134238129796,57.17934110398554,3000.0
0.5736842105263157,3.201,3.333333,0.098530330166,0.002608802144,0.01336881892332169,0.0,0.01597762106732169,6.166770994933636,57.17934110398554,3000.0
0.5736842105263157,3.201,5.416667,0.161827827137,0.006953886213,0.01336881892332169,0.0,0.02032270513632169,7.962907794581625,57.17934110398554,3000.0
0.5736842105263157,3.201,7.5,0.224908548365,0.013346824405,0.01336881892332169,0.0,0.02671564332832169,8.418608737996243,57.17934110398554,3000.0
0.5736842105263157,3.201,9.583333,0.287537795551,0.021737950202,0.01336881892332169,0.0,0.03510676912532169,8.190380451261912,57.17934110398554,3000.0
0.5736842105263157,3.201,11.666667,0.349832121183,0.032152102949,0.01336881892332169,0.0,0.045520921872321686,7.685084281997157,57.17934110398554,3000.0
0.5736842105263157,3.201,13.75,0.415718467434,0.045605893078,0.01336881892332169,0.0,0.058974712001321684,7.049097033736821,57.17934110398554,3000.0
0.5736842105263157,3.201,15.833333,0.474475261377,0.05970056349,0.01336881892332169,0.0,0.07306938241332168,6.493489416580806,57.17934110398554,3000.0
0.5736842105263157,3.201,17.916667,0.52287141039,0.073027566136,0.01336881892332169,0.0,0.08639638505932169,6.052005648511622,57.17934110398554,3000.0
0.5736842105263157,3.201,20.0,0.562672136492,0.085721562624,0.01336881892332169,0.0,0.0990903815473217,5.678372892562632,57.17934110398554,3000.0
0.6363157894736842,3.201,-5.0,-0.150659208095,0.005918979203,0.013146926366270784,0.0,0.019065905569270784,-7.902022148783897,57.17934110398554,3000.0
0.6363157894736842,3.201,-2.916667,-0.086715980108,0.001789854254,0.013146926366270784,0.0,0.014936780620270785,-5.80553348894455,57.17934110398554,3000.0
0.6363157894736842,3.201,-0.833333,-0.023388598373,0.000167965908,0.013146926366270784,0.0,0.013314892274270785,-1.756574359838816,57.17934110398554,3000.0
0.6363157894736842,3.201,1.25,0.036719345704,0.000369851271,0.013146926366270784,0.0,0.013516777637270784,2.7165754064601244,57.17934110398554,3000.0
0.6363157894736842,3.201,3.333333,0.099496490098,0.002659967448,0.013146926366270784,0.0,0.015806893814270785,6.294499809201764,57.17934110398554,3000.0
0.6363157894736842,3.201,5.416667,0.163411396879,0.007090954875,0.013146926366270784,0.0,0.020237881241270784,8.074530872617128,57.17934110398554,3000.0
0.6363157894736842,3.201,7.5,0.227075209563,0.01360793863,0.013146926366270784,0.0,0.026754864996270784,8.487249313149245,57.17934110398554,3000.0
0.6363157894736842,3.201,9.583333,0.290245899867,0.022155561677,0.013146926366270784,0.0,0.03530248804327078,8.221683964916052,57.17934110398554,3000.0
0.6363157894736842,3.201,11.666667,0.352017905267,0.032535830738,0.013146926366270784,0.0,0.04568275710427079,7.705706213473936,57.17934110398554,3000.0
0.6363157894736842,3.201,13.75,0.412640735707,0.044752663754,0.013146926366270784,0.0,0.05789959012027078,7.126833451667795,57.17934110398554,3000.0
0.6363157894736842,3.201,15.833333,0.477974551559,0.060571010995,0.013146926366270784,0.0,0.07371793736127079,6.483829698280647,57.17934110398554,3000.0
0.6363157894736842,3.201,17.916667,0.525720101231,0.073838091923,0.013146926366270784,0.0,0.08698501828927079,6.043800548304825,57.17934110398554,3000.0
0.6363157894736842,3.201,20.0,0.564826996238,0.086447638279,0.013146926366270784,0.0,0.09959456464527078,5.671263268731209,57.17934110398554,3000.0
0.6989473684210525,3.201,-5.0,-0.151685751345,0.005995110246,0.012950293115470485,0.0,0.018945403361470485,-8.006467239092165,57.17934110398554,3000.0
0.6989473684210525,3.201,-2.916667,-0.087165419184,0.00177523601,0.012950293115470485,0.0,0.014725529125470486,-5.919340381000743,57.17934110398554,3000.0
0.6989473684210525,3.201,-0.833333,-0.023630175749,0.000171559827,0.012950293115470485,0.0,0.013121852942470485,-1.800826137329892,57.17934110398554,3000.0
0.6989473684210525,3.201,1.25,0.036967558309,0.000374921911,0.012950293115470485,0.0,0.013325215026470485,2.7742560428153764,57.17934110398554,3000.0
0.6989473684210525,3.201,3.333333,0.10018534215,0.002698742351,0.012950293115470485,0.0,0.015649035466470486,6.402013872654095,57.17934110398554,3000.0
0.6989473684210525,3.201,5.416667,0.164589669181,0.007199266011,0.012950293115470485,0.0,0.020149559126470484,8.168400516752671,57.17934110398554,3000.0
0.6989473684210525,3.201,7.5,0.22871413232,0.01381570108,0.012950293115470485,0.0,0.026765994195470485,8.54495187623946,57.17934110398554,3000.0
0.6989473684210525,3.201,9.583333,0.29227728113,0.022484281574,0.012950293115470485,0.0,0.035434574689470484,8.2483643077802,57.17934110398554,3000.0
0.6989473684210525,3.201,11.666667,0.3542957523,0.032975462331,0.012950293115470485,0.0,0.045925755446470484,7.714532920704053,57.17934110398554,3000.0
0.6989473684210525,3.201,13.75,0.415068939721,0.045292228717,0.012950293115470485,0.0,0.05824252183247049,7.126561945839321,57.17934110398554,3000.0
0.6989473684210525,3.201,15.833333,0.479455709869,0.06091936155,0.012950293115470485,0.0,0.07386965466547049,6.490563845739975,57.17934110398554,3000.0
0.6989473684210525,3.201,17.916667,0.528167595497,0.074542801891,0.012950293115470485,0.0,0.08749309500647048,6.0366774710385975,57.17934110398554,3000.0
0.6989473684210525,3.201,20.0,0.566092814972,0.086811908138,0.012950293115470485,0.0,0.09976220125347048,5.674421853761041,57.17934110398554,3000.0
0.7615789473684209,3.201,-5.0,-0.15293285481,0.006079217162,0.012774116408415755,0.0,0.018853333570415756,-8.111714262032626,57.17934110398554,3000.0
0.7615789473684209,3.201,-2.916667,-0.087718428984,0.001855197215,0.012774116408415755,0.0,0.014629313623415754,-5.99607276472612,57.17934110398554,3000.0
0.7615789473684209,3.201,-0.833333,-0.023966943756,0.000176392194,0.012774116408415755,0.0,0.012950508602415754,-1.850656564293488,57.17934110398554,3000.0
0.7615789473684209,3.201,1.25,0.037359716304,0.00038289295,0.012774116408415755,0.0,0.013157009358415754,2.8395295075246882,57.17934110398554,3000.0
0.7615789473684209,3.201,3.333333,0.101254442307,0.002757321633,0.012774116408415755,0.0,0.015531438041415754,6.519321780571597,57.17934110398554,3000.0
0.7615789473684209,3.201,5.416667,0.166349628846,0.007357849497,0.012774116408415755,0.0,0.020131965905415754,8.262959992459049,57.17934110398554,3000.0
0.7615789473684209,3.201,7.5,0.231106237582,0.014115650108,0.012774116408415755,0.0,0.026889766516415753,8.594579556535514,57.17934110398554,3000.0
0.7615789473684209,3.201,9.583333,0.29521691604,0.022957942426,0.012774116408415755,0.0,0.035732058834415756,8.261962105459714,57.17934110398554,3000.0
0.7615789473684209,3.201,11.666667,0.357614202157,0.033612723306,0.012774116408415755,0.0,0.046386839714415755,7.709389222432055,57.17934110398554,3000.0
0.7615789473684209,3.201,13.75,0.418635606883,0.046091796995,0.012774116408415755,0.0,0.05886591340341576,7.111681152622839,57.17934110398554,3000.0
0.7615789473684209,3.201,15.833333,0.475691037519,0.059757739132,0.012774116408415755,0.0,0.07253185554041575,6.55837402717401,57.17934110398554,3000.0
0.7615789473684209,3.201,17.916667,0.530582465875,0.075235108504,0.012774116408415755,0.0,0.08800922491241575,6.02871422175369,57.17934110398554,3000.0
0.7615789473684209,3.201,20.0,0.568204800961,0.08749409771,0.012774116408415755,0.0,0.10026821411841574,5.666848721270291,57.17934110398554,3000.0
0.8242105263157894,3.201,-5.0,-0.154935501886,0.006232058181,0.012614814079069846,0.0,0.018846872260069848,-8.220754072507615,57.17934110398554,3000.0
0.8242105263157894,3.201,-2.916667,-0.087742150251,0.001882616602,0.012614814079069846,0.0,0.014497430681069847,-6.052255201714475,57.17934110398554,3000.0
0.8242105263157894,3.201,-0.833333,-0.02415444881,0.000179392804,0.012614814079069846,0.0,0.012794206883069847,-1.8879207621664136,57.17934110398554,3000.0
0.8242105263157894,3.201,1.25,0.037794054885,0.000392310583,0.012614814079069846,0.0,0.013007124662069847,2.9056425510559967,57.17934110398554,3000.0
0.8242105263157894,3.201,3.333333,0.10262528529,0.002836329553,0.012614814079069846,0.0,0.015451143632069847,6.641921642420992,57.17934110398554,3000.0
0.8242105263157894,3.201,5.416667,0.168230192491,0.007539266031,0.012614814079069846,0.0,0.020154080110069847,8.347202728788645,57.17934110398554,3000.0
0.8242105263157894,3.201,7.5,0.234328039011,0.014548410058,0.012614814079069846,0.0,0.027163224137069848,8.626665149488305,57.17934110398554,3000.0
0.8242105263157894,3.201,9.583333,0.299208953704,0.023645014163,0.012614814079069846,0.0,0.036259828242069844,8.251802841052843,57.17934110398554,3000.0
0.8242105263157894,3.201,11.666667,0.362164571706,0.034548950921,0.012614814079069846,0.0,0.04716376500006984,7.678873213482081,57.17934110398554,3000.0
0.8242105263157894,3.201,13.75,0.423532738765,0.047272643975,0.012614814079069846,0.0,0.05988745805406985,7.072144193908017,57.17934110398554,3000.0
0.8242105263157894,3.201,15.833333,0.480170389455,0.061009967631,0.012614814079069846,0.0,0.07362478171006985,6.521858242593959,57.17934110398554,3000.0
0.8242105263157894,3.201,17.916667,0.525767580968,0.073676333649,0.012614814079069846,0.0,0.08629114772806985,6.092949216817194,57.17934110398554,3000.0
0.8242105263157894,3.201,20.0,0.560877742805,0.084871822393,0.012614814079069846,0.0,0.09748663647206984,5.75338080276975,57.17934110398554,3000.0
0.8868421052631578,3.201,-5.0,-0.157637409026,0.006420528946,0.012469647719074103,0.011211193891624463,0.030101370556698565,-5.2368847700497945,57.17934110398554,3000.0
0.8868421052631578,3.201,-2.916667,-0.089009172812,0.001935515964,0.012469647719074103,0.02362410618577811,0.03802926986885222,-2.340543826346315,57.17934110398554,3000.0
0.8868421052631578,3.201,-0.833333,-0.024668051388,0.000186818004,0.012469647719074103,0.031099333759174817,0.04375579948224892,-0.5637664419320566,57.17934110398554,3000.0
0.8868421052631578,3.201,1.25,0.038433738509,0.000405695507,0.012469647719074103,0.03621347064075314,0.049088813866827244,0.7829429045335392,57.17934110398554,3000.0
0.8868421052631578,3.201,3.333333,0.104390151476,0.002936161215,0.012469647719074103,0.04010389844611942,0.05550970738019352,1.8805747031058493,57.17934110398554,3000.0
0.8868421052631578,3.201,5.416667,0.17111990064,0.00780846544,0.012469647719074103,0.043049912650709204,0.0633280258097833,2.702119613739235,57.17934110398554,3000.0
0.8868421052631578,3.201,7.5,0.238304527517,0.015065838706,0.012469647719074103,0.04533258153833062,0.07286806796340473,3.2703560582487183,57.17934110398554,3000.0
0.8868421052631578,3.201,9.583333,0.304094913589,0.024462955538,0.012469647719074103,0.04709879997345892,0.08403140323053303,3.6188246524307273,57.17934110398554,3000.0
0.8868421052631578,3.201,11.666667,0.367696380707,0.035655227677,0.012469647719074103,0.048483430287411394,0.0966083056834855,3.806053507569744,57.17934110398554,3000.0
0.8868421052631578,3.201,13.75,0.428748109232,0.048500469343,0.012469647719074103,0.04958657477739565,0.11055669183946976,3.878083742362242,57.17934110398554,3000.0
0.8868421052631578,3.201,15.833333,0.485826927955,0.062582320474,0.012469647719074103,0.05046149067337586,0.12551345886644996,3.8707157968766857,57.17934110398554,3000.0
0.8868421052631578,3.201,17.916667,0.530645407316,0.075196633227,0.012469647719074103,0.05106242424794698,0.13872870519402108,3.8250584590540075,57.17934110398554,3000.0
0.8868421052631578,3.201,20.0,0.564459953472,0.086082477172,0.012469647719074103,0.0514733209178088,0.1500254458088829,3.762428102970374,57.17934110398554,3000.0
0.9494736842105262,3.201,-5.0,-0.158592297098,0.006525329972,0.012336479945057901,0.03294034934044538,0.05180215925750328,-3.0614997399945003,57.17934110398554,3000.0
0.9494736842105262,3.201,-2.916667,-0.08907524889,0.001954720092,0.012336479945057901,0.038910201765486915,0.05320140180254482,-1.674302666320706,57.17934110398554,3000.0
0.9494736842105262,3.201,-0.833333,-0.024649519931,0.000188774546,0.012336479945057901,0.042450121461701934,0.054975375952759836,-0.44837383107995943,57.17934110398554,3000.0
0.9494736842105262,3.201,1.25,0.038441314578,0.000409913989,0.012336479945057901,0.044867761359701566,0.05761415529375947,0.6672199632537841,57.17934110398554,3000.0
0.9494736842105262,3.201,3.333333,0.104935333446,0.002993749183,0.012336479945057901,0.04672014510544498,0.062050374233502875,1.6911313548426956,57.17934110398554,3000.0
0.9494736842105262,3.201,5.416667,0.172417065241,0.007997114282,0.012336479945057901,0.04812367344332536,0.06845726767038326,2.518608631462996,57.17934110398554,3000.0
0.9494736842105262,3.201,7.5,0.239657824163,0.015367743026,0.012336479945057901,0.04919864849715947,0.07690287146821737,3.1163702939499007,57.17934110398554,3000.0
0.9494736842105262,3.201,9.583333,0.305992568997,0.024992112656,0.012336479945057901,0.05003615345982873,0.08736474606088664,3.5024719099366037,57.17934110398554,3000.0
0.9494736842105262,3.201,11.666667,0.37080969955,0.03659271707,0.012336479945057901,0.050698291459618496,0.0996274884746764,3.721961731919534,57.17934110398554,3000.0
0.9494736842105262,3.201,13.75,0.431925831574,0.049661619452,0.012336479945057901,0.05121577250971212,0.11321387190677001,3.8151316998475653,57.17934110398554,3000.0
0.9494736842105262,3.201,15.833333,0.487896966721,0.063671796095,0.012336479945057901,0.05161857936778866,0.12762685540784657,3.8228393637206532,57.17934110398554,3000.0
0.9494736842105262,3.201,17.916667,0.532056231997,0.076153957355,0.012336479945057901,0.051897309612048234,0.14038774691210615,3.7899050572419926,57.17934110398554,3000.0
0.9494736842105262,3.201,20.0,0.564617655451,0.086650512703,0.012336479945057901,0.05208403901962618,0.1510710316676841,3.737431651972881,57.17934110398554,3000.0
1.0121052631578946,3.201,-5.0,-0.16128648952,0.014110739189,0.012213612532355212,0.046784529521748316,0.07310888124310352,-2.206113495071632,57.17934110398554,3000.0
1.0121052631578946,3.201,-2.916667,-0.101764489668,0.005184845698,0.012213612532355212,0.048029556838942306,0.06542801506929752,-1.5553656879276716,57.17934110398554,3000.0
1.0121052631578946,3.201,-0.833333,-0.024613549091,0.000358014732,0.012213612532355212,0.04905199055476781,0.061623617819123025,-0.39941746301305164,57.17934110398554,3000.0
1.0121052631578946,3.201,1.25,0.042805966634,0.000934029505,0.012213612532355212,0.0496427299663863,0.06279037200374152,0.6817281896569956,57.17934110398554,3000.0
1.0121052631578946,3.201,3.333333,0.116043707527,0.006758775572,0.012213612532355212,0.05009828510348723,0.06907067320784244,1.6800720499394834,57.17934110398554,3000.0
1.0121052631578946,3.201,5.416667,0.188943799794,0.017915902879,0.012213612532355212,0.05042975380821227,0.08055926921956748,2.345401114290476,57.17934110398554,3000.0
1.0121052631578946,3.201,7.5,0.260748414952,0.034328168068,0.012213612532355212,0.05067753928486188,0.09721931988521709,2.682063763250505,57.17934110398554,3000.0
1.0121052631578946,3.201,9.583333,0.330061825623,0.055724658832,0.012213612532355212,0.05086522380731831,0.11880349517167352,2.7782164585819116,57.17934110398554,3000.0
1.0121052631578946,3.201,11.666667,0.394479251542,0.081440954609,0.012213612532355212,0.05100662712257033,0.14466119426392554,2.726918255785284,57.17934110398554,3000.0
1.0121052631578946,3.201,13.75,0.452360752943,0.110660214642,0.012213612532355212,0.05111301835960824,0.17398684553396346,2.5999710009955663,57.17934110398554,3000.0
1.0121052631578946,3.201,15.833333,0.497752787854,0.141102866258,0.012213612532355212,0.05118550083132338,0.2045019796216786,2.4339754009952617,57.17934110398554,3000.0
1.0121052631578946,3.201,17.916667,0.525789760558,0.169887167834,0.012213612532355212,0.05122619498225821,0.2333269753486134,2.25344609114492,57.17934110398554,3000.0
1.0121052631578946,3.201,20.0,0.536603808483,0.195126691388,0.012213612532355212,0.051241140209959804,0.25858144413031503,2.0751829671605226,57.17934110398554,3000.0
1.074736842105263,3.201,-5.0,-0.17479868173,0.015292903009,0.012099675238613206,0.0530962886327199,0.0804888668803331,-2.1717125424300243,57.17934110398554,3000.0
1.074736842105263,3.201,-2.916667,-0.102317031959,0.005212997484,0.012099675238613206,0.05176179131244886,0.06907446403506207,-1.4812569795266752,57.17934110398554,3000.0
1.074736842105263,3.201,-0.833333,-0.024507703895,0.000356475095,0.012099675238613206,0.05090435652215801,0.06336050685577121,-0.3867977879467943,57.17934110398554,3000.0
1.074736842105263,3.201,1.25,0.043048713025,0.000939326254,0.012099675238613206,0.050413369450301684,0.06345237094291489,0.6784413629512582,57.17934110398554,3000.0
1.074736842105263,3.201,3.333333,0.116876703514,0.006807292096,0.012099675238613206,0.050033020100552175,0.06893998743516538,1.695339785547781,57.17934110398554,3000.0
1.074736842105263,3.201,5.416667,0.190589612363,0.018071961154,0.012099675238613206,0.04975612414559065,0.07992776053820386,2.384523363092377,57.17934110398554,3000.0
1.074736842105263,3.201,7.5,0.263128233478,0.034641452762,0.012099675238613206,0.04954979720368786,0.09629092520430108,2.7326379190948593,57.17934110398554,3000.0
1.074736842105263,3.201,9.583333,0.33287722322,0.056199744874,0.012099675238613206,0.04939432278510658,0.11769374289771979,2.828334073029546,57.17934110398554,3000.0
1.074736842105263,3.201,11.666667,0.397512165048,0.082066956756,0.012099675238613206,0.04927756144483908,0.14344419343945228,2.771197324315464,57.17934110398554,3000.0
1.074736842105263,3.201,13.75,0.454786720392,0.111254690527,0.012099675238613206,0.0491908285392387,0.1725451943048519,2.635754198917214,57.17934110398554,3000.0
1.074736842105263,3.201,15.833333,0.497445352286,0.141023491664,0.012099675238613206,0.04913444116658586,0.20225760806919907,2.4594642299725376,57.17934110398554,3000.0
1.074736842105263,3.201,17.916667,0.520389759788,0.16817717473,0.012099675238613206,0.04910659539089437,0.22938344535950758,2.26864566870728,57.17934110398554,3000.0
1.074736842105263,3.201,20.0,0.522618610391,0.190130734579,0.012099675238613206,0.04910397559446111,0.2513343854120743,2.079375687230948,57.17934110398554,3000.0
1.1373684210526314,3.201,-5.0,-0.172983722707,0.015134114704,0.01199354747258291,0.0510213820003629,0.07814904417694582,-2.213510408589625,57.17934110398554,3000.0
1.1373684210526314,3.201,-2.916667,-0.101120224816,0.005152020764,0.01199354747258291,0.04918867747941038,0.06633424571599329,-1.5244045322975572,57.17934110398554,3000.0
1.1373684210526314,3.201,-0.833333,-0.02409686763,0.000350499308,0.01199354747258291,0.048005329431818164,0.06034937621240107,-0.3992894233933835,57.17934110398554,3000.0
1.1373684210526314,3.201,1.25,0.04255215508,0.000928491303,0.01199354747258291,0.047326425103949646,0.06024846387953256,0.7062778424539335,57.17934110398554,3000.0
1.1373684210526314,3.201,3.333333,0.115642217835,0.006735391499,0.01199354747258291,0.04679666666778677,0.06552560563936968,1.7648401217602605,57.17934110398554,3000.0
1.1373684210526314,3.201,5.416667,0.188741802466,0.017896749213,0.01199354747258291,0.04640945888254311,0.07629975556812602,2.4736881666347865,57.17934110398554,3000.0
1.1373684210526314,3.201,7.5,0.26068885672,0.034320290353,0.01199354747258291,0.046120442332969046,0.09243428015855196,2.8202616634525843,57.17934110398554,3000.0
1.1373684210526314,3.201,9.583333,0.329862312491,0.055690859672,0.01199354747258291,0.045902418474451014,0.11358682561903391,2.9040543275445185,57.17934110398554,3000.0
1.1373684210526314,3.201,11.666667,0.39405593306,0.081354369149,0.01199354747258291,0.04573831324657926,0.13908622986816216,2.833177183920507,57.17934110398554,3000.0
1.1373684210526314,3.201,13.75,0.45054773832,0.110220501152,0.01199354747258291,0.04561712731355545,0.16783117593813834,2.68452947315384,57.17934110398554,3000.0
1.1373684210526314,3.201,15.833333,0.491546960427,0.139357185081,0.01199354747258291,0.04554015432015437,0.1968908868737373,2.496545006383259,57.17934110398554,3000.0
1.1373684210526314,3.201,17.916667,0.512627205798,0.165682895962,0.01199354747258291,0.04550366937259102,0.22318011280717392,2.296921528312455,57.17934110398554,3000.0
1.1373684210526314,3.201,20.0,0.51370978956,0.186903689916,0.01199354747258291,0.045501848116965796,0.24439908550554873,2.1019300808649586,57.17934110398554,3000.0
1.2,3.201,-5.0,-0.170333143229,0.01490221905,0.011894301864874939,0.04037095282263113,0.06716747373750606,-2.535946846753098,57.17934110398554,3000.0
1.2,3.201,-2.916667,-0.099506869177,0.00506982126,0.011894301864874939,0.04037095282263113,0.05733507594750607,-1.7355321769889152,57.17934110398554,3000.0
1.2,3.201,-0.833333,-0.023656085336,0.0003440879,0.011894301864874939,0.04037095282263113,0.05260934258750607,-0.4496555967536071,57.17934110398554,3000.0
1.2,3.201,1.25,0.04194263304,0.000915191519,0.011894301864874939,0.04037095282263113,0.05318044620650607,0.7886852411341514,57.17934110398554,3000.0
1.2,3.201,3.333333,0.114055895602,0.006642998718,0.011894301864874939,0.04037095282263113,0.05890825340550607,1.9361615564609382,57.17934110398554,3000.0
1.2,3.201,5.416667,0.18630015545,0.017665228986,0.011894301864874939,0.04037095282263113,0.06993048367350607,2.6640764608436687,57.17934110398554,3000.0
1.2,3.201,7.5,0.257454447762,0.033894472101,0.011894301864874939,0.04037095282263113,0.08615972678850607,2.988106594093159,57.17934110398554,3000.0
1.2,3.201,9.583333,0.325992507417,0.055037711558,0.011894301864874939,0.04037095282263113,0.10730296624550607,3.0380568107608377,57.17934110398554,3000.0
1.2,3.201,11.666667,0.389935823745,0.080505649728,0.011894301864874939,0.04037095282263113,0.1327709044155061,2.936907189580461,57.17934110398554,3000.0
1.2,3.201,13.75,0.445980463525,0.109107766409,0.011894301864874939,0.04037095282263113,0.1613730210965061,2.763661859303544,57.17934110398554,3000.0
1.2,3.201,15.833333,0.486361032474,0.137894111358,0.011894301864874939,0.04037095282263113,0.1901593660455061,2.5576496314023855,57.17934110398554,3000.0
1.2,3.201,17.916667,0.507140126558,0.163913415649,0.011894301864874939,0.04037095282263113,0.21617867033650606,2.345930455435683,57.17934110398554,3000.0
1.2,3.201,20.0,0.508142576711,0.184885142992,0.011894301864874939,0.040370952822631125,0.23715039767950608,2.1427017693544963,57.17934110398554,3000.0
0.01,3.201,-5.0,-0.143769845682,0.00541010167,0.028761373206611464,0.0,0.034171474876611464,-4.207305836260603,57.17934110398554,4000.0
0.01,3.201,-2.916667,-0.082993533372,0.001676633787,0.028761373206611464,0.0,0.030438006993611464,-2.7266415107079527,57.17934110398554,4000.0
0.01,3.201,-0.833333,-0.022135019161,0.000150594394,0.028761373206611464,0.0,0.028911967600611464,-0.765600579897297,57.17934110398554,4000.0
0.01,3.201,1.25,0.035050573776,0.000337258693,0.028761373206611464,0.0,0.029098631899611465,1.2045437014675597,57.17934110398554,4000.0
0.01,3.201,3.333333,0.095017554368,0.002425190355,0.028761373206611464,0.0,0.031186563561611463,3.046746531732664,57.17934110398554,4000.0
0.01,3.201,5.416667,0.156089626199,0.006465084796,0.028761373206611464,0.0,0.03522645800261146,4.431033803836551,57.17934110398554,4000.0
0.01,3.201,7.5,0.217099263575,0.01242245198,0.028761373206611464,0.0,0.04118382518661146,5.2714691408892556,57.17934110398554,4000.0
0.01,3.201,9.583333,0.277820685904,0.020265615907,0.028761373206611464,0.0,0.04902698911361146,5.666688714254902,57.17934110398554,4000.0
0.01,3.201,11.666667,0.344181623435,0.031254952444,0.028761373206611464,0.0,0.06001632565061146,5.734799984901997,57.17934110398554,4000.0
0.01,3.201,13.75,0.404693263142,0.04329420396,0.028761373206611464,0.0,0.07205557716661146,5.616404434680229,57.17934110398554,4000.0
0.01,3.201,15.833333,0.461859165835,0.056604918712,0.028761373206611464,0.0,0.08536629191861146,5.410322452278216,57.17934110398554,4000.0
0.01,3.201,17.916667,0.513246349725,0.0704158324,0.028761373206611464,0.0,0.09917720560661147,5.175043464733245,57.17934110398554,4000.0
0.01,3.201,20.0,0.556008149009,0.08370013044,0.028761373206611464,0.0,0.11246150364661148,4.943986439627804,57.17934110398554,4000.0
0.07263157894736841,3.201,-5.0,-0.143846817824,0.005415709882,0.019248816244661984,0.0,0.024664526126661986,-5.832133854317344,57.17934110398554,4000.0
0.07263157894736841,3.201,-2.916667,-0.083035199327,0.001677892194,0.019248816244661984,0.0,0.020926708438661984,-3.9679053956518504,57.17934110398554,4000.0
0.07263157894736841,3.201,-0.833333,-0.022147921265,0.000150767047,0.019248816244661984,0.0,0.019399583291661984,-1.1416699488859259,57.17934110398554,4000.0
0.07263157894736841,3.201,1.25,0.035069082898,0.000337611573,0.019248816244661984,0.0,0.019586427817661983,1.790478755211126,57.17934110398554,4000.0
0.07263157894736841,3.201,3.333333,0.095067910098,0.002427780803,0.019248816244661984,0.0,0.021676597047661984,4.385739601514341,57.17934110398554,4000.0
0.07263157894736841,3.201,5.416667,0.156172115648,0.006471974981,0.019248816244661984,0.0,0.025720791225661982,6.071823929435925,57.17934110398554,4000.0
0.07263157894736841,3.201,7.5,0.21721187601,0.012435503319,0.019248816244661984,0.0,0.03168431956366198,6.85550073352736,57.17934110398554,4000.0
0.07263157894736841,3.201,9.583333,0.277959676509,0.020286123728,0.019248816244661984,0.0,0.039534939972661984,7.030734755161038,57.17934110398554,4000.0
0.07263157894736841,3.201,11.666667,0.344345497394,0.031284316892,0.019248816244661984,0.0,0.05053313313666198,6.814251878322107,57.17934110398554,4000.0
0.07263157894736841,3.201,13.75,0.404871541962,0.043332005764,0.019248816244661984,0.0,0.06258082200866198,6.469578522090371,57.17934110398554,4000.0
0.07263157894736841,3.201,15.833333,0.462044547368,0.056649542858,0.019248816244661984,0.0,0.07589835910266199,6.087675054252848,57.17934110398554,4000.0
0.07263157894736841,3.201,17.916667,0.513395736054,0.070456228024,0.019248816244661984,0.0,0.089705044268662,5.723153477483454,57.17934110398554,4000.0
0.07263157894736841,3.201,20.0,0.555906281155,0.0836567098,0.019248816244661984,0.0,0.102905526044662,5.402103293400699,57.17934110398554,4000.0
0.13526315789473684,3.201,-5.0,-0.144144951151,0.005437425554,0.01717826348169564,0.0,0.022615689035695642,-6.3736705489489065,57.17934110398554,4000.0
0.13526315789473684,3.201,-2.916667,-0.083206763861,0.001683829709,0.01717826348169564,0.0,0.01886209319069564,-4.411321851704376,57.17934110398554,4000.0
0.13526315789473684,3.201,-0.833333,-0.022195723117,0.00015138596,0.01717826348169564,0.0,0.01732964944169564,-1.2807946976467075,57.17934110398554,4000.0
0.13526315789473684,3.201,1.25,0.035143488132,0.000339011197,0.01717826348169564,0.0,0.01751727467869564,2.006218933972715,57.17934110398554,4000.0
0.13526315789473684,3.201,3.333333,0.095267286228,0.00243780653,0.01717826348169564,0.0,0.01961607001169564,4.856593913622811,57.17934110398554,4000.0
0.13526315789473684,3.201,5.416667,0.156496463431,0.006498554086,0.01717826348169564,0.0,0.02367681756769564,6.609691652332611,57.17934110398554,4000.0
0.13526315789473684,3.201,7.5,0.217655122943,0.012485935742,0.01717826348169564,0.0,0.02966419922369564,7.3372997970273195,57.17934110398554,4000.0
0.13526315789473684,3.201,9.583333,0.27851570507,0.020366558873,0.01717826348169564,0.0,0.03754482235469564,7.418218747682174,57.17934110398554,4000.0
0.13526315789473684,3.201,11.666667,0.345012836642,0.031401646436,0.01717826348169564,0.0,0.04857990991769564,7.101965343832928,57.17934110398554,4000.0
0.13526315789473684,3.201,13.75,0.405623648656,0.043487267738,0.01717826348169564,0.0,0.06066553121969564,6.686229239253912,57.17934110398554,4000.0
0.13526315789473684,3.201,15.833333,0.462862156312,0.056843264797,0.01717826348169564,0.0,0.07402152827869564,6.253074842892939,57.17934110398554,4000.0
0.13526315789473684,3.201,17.916667,0.514085554888,0.070632361783,0.01717826348169564,0.0,0.08781062526469564,5.8544800625020565,57.17934110398554,4000.0
0.13526315789473684,3.201,20.0,0.556230494568,0.0837387333,0.01717826348169564,0.0,0.10091699678169565,5.5117622631125425,57.17934110398554,4000.0
0.19789473684210523,3.201,-5.0,-0.144439739446,0.005460333309,0.016061929251178605,0.0,0.021522262560178605,-6.711178206386557,57.17934110398554,4000.0
0.19789473684210523,3.201,-2.916667,-0.083370958599,0.00169117465,0.016061929251178605,0.0,0.017753103901178603,-4.696134211970962,57.17934110398554,4000.0
0.19789473684210523,3.201,-0.833333,-0.022239280174,0.000152017872,0.016061929251178605,0.0,0.016213947123178606,-1.3716142038114763,57.17934110398554,4000.0
0.19789473684210523,3.201,1.25,0.035216346674,0.000340436896,0.016061929251178605,0.0,0.016402366147178604,2.1470284444331598,57.17934110398554,4000.0
0.19789473684210523,3.201,3.333333,0.095462092103,0.002447655008,0.016061929251178605,0.0,0.018509584259178605,5.157441181082276,57.17934110398554,4000.0
0.19789473684210523,3.201,5.416667,0.156813306015,0.006524305506,0.016061929251178605,0.0,0.022586234757178605,6.94287063341356,57.17934110398554,4000.0
0.19789473684210523,3.201,7.5,0.218086903688,0.012534703591,0.016061929251178605,0.0,0.028596632842178605,7.6263140801085045,57.17934110398554,4000.0
0.19789473684210523,3.201,9.583333,0.279054432285,0.020444803408,0.016061929251178605,0.0,0.0365067326591786,7.643916942395543,57.17934110398554,4000.0
0.19789473684210523,3.201,11.666667,0.345642661439,0.031514698299,0.016061929251178605,0.0,0.04757662755017861,7.26496767923397,57.17934110398554,4000.0
0.19789473684210523,3.201,13.75,0.406313639365,0.043628718326,0.016061929251178605,0.0,0.05969064757717861,6.806989970072714,57.17934110398554,4000.0
0.19789473684210523,3.201,15.833333,0.463567461439,0.057007316101,0.016061929251178605,0.0,0.07306924535217861,6.344221282219365,57.17934110398554,4000.0
0.19789473684210523,3.201,17.916667,0.514624075635,0.070762207167,0.016061929251178605,0.0,0.08682413641817861,5.927200624908855,57.17934110398554,4000.0
0.19789473684210523,3.201,20.0,0.556599706234,0.083837948072,0.016061929251178605,0.0,0.0998998773231786,5.571575472844536,57.17934110398554,4000.0
0.26052631578947366,3.201,-5.0,-0.144883554158,0.005493312409,0.015317327460720731,0.0,0.020810639869720732,-6.961994204166883,57.17934110398554,4000.0
0.26052631578947366,3.201,-2.916667,-0.083608787107,0.001697787304,0.015317327460720731,0.0,0.017015114764720733,-4.913795073563364,57.17934110398554,4000.0
0.26052631578947366,3.201,-0.833333,-0.022313367526,0.000153012713,0.015317327460720731,0.0,0.015470340173720731,-1.4423320544627347,57.17934110398554,4000.0
0.26052631578947366,3.201,1.25,0.035322980124,0.000342484021,0.015317327460720731,0.0,0.015659811481720732,2.2556452972139254,57.17934110398554,4000.0
0.26052631578947366,3.201,3.333333,0.095751908832,0.002462574937,0.015317327460720731,0.0,0.01777990239772073,5.385401263185493,57.17934110398554,4000.0
0.26052631578947366,3.201,5.416667,0.157288415986,0.006564187271,0.015317327460720731,0.0,0.02188151473172073,7.188186828674409,57.17934110398554,4000.0
0.26052631578947366,3.201,7.5,0.218733817042,0.012610096741,0.015317327460720731,0.0,0.02792742420172073,7.832223103071671,57.17934110398554,4000.0
0.26052631578947366,3.201,9.583333,0.279855780665,0.020564208909,0.015317327460720731,0.0,0.03588153636972073,7.799436952236004,57.17934110398554,4000.0
0.26052631578947366,3.201,11.666667,0.346586057901,0.031685668772,0.015317327460720731,0.0,0.04700299623272073,7.373701373950436,57.17934110398554,4000.0
0.26052631578947366,3.201,13.75,0.407342823158,0.043843949381,0.015317327460720731,0.0,0.059161276841720734,6.885294653930465,57.17934110398554,4000.0
0.26052631578947366,3.201,15.833333,0.46462549048,0.057263716807,0.015317327460720731,0.0,0.07258104426772073,6.401471557314515,57.17934110398554,4000.0
0.26052631578947366,3.201,17.916667,0.515466091171,0.070990841956,0.015317327460720731,0.0,0.08630816941672073,5.972390500859554,57.17934110398554,4000.0
0.26052631578947366,3.201,20.0,0.556812924554,0.083881015377,0.015317327460720731,0.0,0.09919834283772073,5.613127282427431,57.17934110398554,4000.0
0.3231578947368421,3.201,-5.0,-0.14546135336,0.005535858762,0.014767178240567409,0.0,0.020303037002567408,-7.164512055098248,57.17934110398554,4000.0
0.3231578947368421,3.201,-2.916667,-0.083916993413,0.001707284535,0.014767178240567409,0.0,0.016474462775567408,-5.0937620580535,57.17934110398554,4000.0
0.3231578947368421,3.201,-0.833333,-0.022412623778,0.000154355875,0.014767178240567409,0.0,0.014921534115567408,-1.5020321372061372,57.17934110398554,4000.0
0.3231578947368421,3.201,1.25,0.035461949444,0.000345161315,0.014767178240567409,0.0,0.015112339555567409,2.346555893189666,57.17934110398554,4000.0
0.3231578947368421,3.201,3.333333,0.096129285453,0.002482067248,0.014767178240567409,0.0,0.01724924548856741,5.5729559601150855,57.17934110398554,4000.0
0.3231578947368421,3.201,5.416667,0.157907546488,0.006616379091,0.014767178240567409,0.0,0.02138355733156741,7.384531209635989,57.17934110398554,4000.0
0.3231578947368421,3.201,7.5,0.219576973984,0.01270750678,0.014767178240567409,0.0,0.027474685020567408,7.991974205332138,57.17934110398554,4000.0
0.3231578947368421,3.201,9.583333,0.28090689026,0.020721094642,0.014767178240567409,0.0,0.03548827288256741,7.915484960046827,57.17934110398554,4000.0
0.3231578947368421,3.201,11.666667,0.347811274547,0.031907397496,0.014767178240567409,0.0,0.046674575736567414,7.4518358026446,57.17934110398554,4000.0
0.3231578947368421,3.201,13.75,0.408682513679,0.044126429361,0.014767178240567409,0.0,0.05889360760156741,6.939335699111141,57.17934110398554,4000.0
0.3231578947368421,3.201,15.833333,0.465978074943,0.057594099925,0.014767178240567409,0.0,0.07236127816556741,6.439605362923679,57.17934110398554,4000.0
0.3231578947368421,3.201,17.916667,0.516567022646,0.071278335779,0.014767178240567409,0.0,0.0860455140195674,6.003416081964816,57.17934110398554,4000.0
0.3231578947368421,3.201,20.0,0.557602874466,0.084122592,0.014767178240567409,0.0,0.0988897702405674,5.638630498478552,57.17934110398554,4000.0
0.38578947368421046,3.201,-5.0,-0.146282824113,0.005595503585,0.014335242639018137,0.0,0.019930746224018137,-7.3395558033204775,57.17934110398554,4000.0
0.38578947368421046,3.201,-2.916667,-0.084366677165,0.001720809926,0.014335242639018137,0.0,0.016056052565018138,-5.254509277629828,57.17934110398554,4000.0
0.38578947368421046,3.201,-0.833333,-0.022552680281,0.000156228657,0.014335242639018137,0.0,0.014491471296018138,-1.5562726392865893,57.17934110398554,4000.0
0.38578947368421046,3.201,1.25,0.035662529513,0.000348963599,0.014335242639018137,0.0,0.014684206238018136,2.4286317513484623,57.17934110398554,4000.0
0.38578947368421046,3.201,3.333333,0.096665996558,0.002509349012,0.014335242639018137,0.0,0.016844591651018138,5.738696346026127,57.17934110398554,4000.0
0.38578947368421046,3.201,5.416667,0.158786302066,0.006689300144,0.014335242639018137,0.0,0.021024542783018137,7.5524259292931815,57.17934110398554,4000.0
0.38578947368421046,3.201,7.5,0.220774889678,0.012845395693,0.014335242639018137,0.0,0.027180638332018135,8.122505696193768,57.17934110398554,4000.0
0.38578947368421046,3.201,9.583333,0.282403250866,0.020941772865,0.014335242639018137,0.0,0.035277015504018135,8.005304497310256,57.17934110398554,4000.0
0.38578947368421046,3.201,11.666667,0.343980927054,0.031065564918,0.014335242639018137,0.0,0.045400807557018134,7.576537633653322,57.17934110398554,4000.0
0.38578947368421046,3.201,13.75,0.410643865073,0.044533440798,0.014335242639018137,0.0,0.058868683437018135,6.975591113946615,57.17934110398554,4000.0
0.38578947368421046,3.201,15.833333,0.467983652316,0.058073005369,0.014335242639018137,0.0,0.07240824800801814,6.46312630384563,57.17934110398554,4000.0
0.38578947368421046,3.201,17.916667,0.517283351749,0.071440497317,0.014335242639018137,0.0,0.08577573995601814,6.030648666094155,57.17934110398554,4000.0
0.38578947368421046,3.201,20.0,0.558885284582,0.08453303607,0.014335242639018137,0.0,0.09886827870901814,5.652827093580441,57.17934110398554,4000.0
0.4484210526315789,3.201,-5.0,-0.14720622549,0.005667443288,0.013982150280855693,0.0,0.01964959356885569,-7.491565918356685,57.17934110398554,4000.0
0.4484210526315789,3.201,-2.916667,-0.084808797395,0.001726925779,0.013982150280855693,0.0,0.015709076059855692,-5.398713270714094,57.17934110398554,4000.0
0.4484210526315789,3.201,-0.833333,-0.022703346444,0.0001586369,0.013982150280855693,0.0,0.014140787180855693,-1.605522108043363,57.17934110398554,4000.0
0.4484210526315789,3.201,1.25,0.035878583318,0.000353336274,0.013982150280855693,0.0,0.014335486554855694,2.5027809960065333,57.17934110398554,4000.0
0.4484210526315789,3.201,3.333333,0.097256497513,0.00254137903,0.013982150280855693,0.0,0.016523529310855694,5.885939721673386,57.17934110398554,4000.0
0.4484210526315789,3.201,5.416667,0.159781212049,0.006777037671,0.013982150280855693,0.0,0.020759187951855693,7.6968912473629265,57.17934110398554,4000.0
0.4484210526315789,3.201,7.5,0.222137424669,0.013011723462,0.013982150280855693,0.0,0.026993873742855695,8.229179212479341,57.17934110398554,4000.0
0.4484210526315789,3.201,9.583333,0.284100999511,0.021205985717,0.013982150280855693,0.0,0.035188135997855696,8.073772351235444,57.17934110398554,4000.0
0.4484210526315789,3.201,11.666667,0.345827596879,0.031402641906,0.013982150280855693,0.0,0.04538479218685569,7.619900416315189,57.17934110398554,4000.0
0.4484210526315789,3.201,13.75,0.412700990492,0.044976254642,0.013982150280855693,0.0,0.058958404922855694,6.999866957594933,57.17934110398554,4000.0
0.4484210526315789,3.201,15.833333,0.470018328446,0.058575993876,0.013982150280855693,0.0,0.0725581441568557,6.477816293508246,57.17934110398554,4000.0
0.4484210526315789,3.201,17.916667,0.518881007248,0.071880480587,0.013982150280855693,0.0,0.0858626308678557,6.043152906024604,57.17934110398554,4000.0
0.4484210526315789,3.201,20.0,0.560029780529,0.084896768933,0.013982150280855693,0.0,0.09887891921385569,5.663793506053252,57.17934110398554,4000.0
0.5110526315789473,3.201,-5.0,-0.148335964713,0.005750952507,0.013685074395098883,0.0,0.019436026902098884,-7.6320106707086985,57.17934110398554,4000.0
0.5110526315789473,3.201,-2.916667,-0.085428978494,0.001747109102,0.013685074395098883,0.0,0.015432183497098883,-5.535767411660178,57.17934110398554,4000.0
0.5110526315789473,3.201,-0.833333,-0.022904859362,0.000161367999,0.013685074395098883,0.0,0.013846442394098882,-1.6542053698762116,57.17934110398554,4000.0
0.5110526315789473,3.201,1.25,0.036155403011,0.000358732965,0.013685074395098883,0.0,0.014043807360098883,2.574473010340796,57.17934110398554,4000.0
0.5110526315789473,3.201,3.333333,0.097980829938,0.002579352939,0.013685074395098883,0.0,0.016264427334098882,6.02424099695045,57.17934110398554,4000.0
0.5110526315789473,3.201,5.416667,0.160955823497,0.006877083566,0.013685074395098883,0.0,0.020562157961098882,7.827769040657549,57.17934110398554,4000.0
0.5110526315789473,3.201,7.5,0.223739036062,0.013201900978,0.013685074395098883,0.0,0.026886975373098882,8.321465429163025,57.17934110398554,4000.0
0.5110526315789473,3.201,9.583333,0.286100360579,0.02150735194,0.013685074395098883,0.0,0.03519242633509888,8.129600325217138,57.17934110398554,4000.0
0.5110526315789473,3.201,11.666667,0.348138342168,0.03182317281,0.013685074395098883,0.0,0.045508247205098884,7.65000551656038,57.17934110398554,4000.0
0.5110526315789473,3.201,13.75,0.415332237527,0.045533860957,0.013685074395098883,0.0,0.059218935352098885,7.013503958785362,57.17934110398554,4000.0
0.5110526315789473,3.201,15.833333,0.472652715154,0.059220167594,0.013685074395098883,0.0,0.07290524198909888,6.483110161333435,57.17934110398554,4000.0
0.5110526315789473,3.201,17.916667,0.521028146399,0.072465769483,0.013685074395098883,0.0,0.08615084387809888,6.04785888268536,57.17934110398554,4000.0
0.5110526315789473,3.201,20.0,0.561623640308,0.085374733824,0.013685074395098883,0.0,0.09905980821909888,5.66954096121214,57.17934110398554,4000.0
0.5736842105263157,3.201,-5.0,-0.149160828981,0.005808511335,0.01342967055936291,0.0,0.01923818189436291,-7.753374502852916,57.17934110398554,4000.0
0.5736842105263157,3.201,-2.916667,-0.085912890806,0.00177263379,0.01342967055936291,0.0,0.01520230434936291,-5.651307119739409,57.17934110398554,4000.0
0.5736842105263157,3.201,-0.833333,-0.023087927693,0.000164046717,0.01342967055936291,0.0,0.01359371727636291,-1.6984263556184043,57.17934110398554,4000.0
0.5736842105263157,3.201,1.25,0.036358621971,0.000362746014,0.01342967055936291,0.0,0.01379241657336291,2.63613136810404,57.17934110398554,4000.0
0.5736842105263157,3.201,3.333333,0.098530330166,0.002608802144,0.01342967055936291,0.0,0.01603847270336291,6.143373623433632,57.17934110398554,4000.0
0.5736842105263157,3.201,5.416667,0.161827827137,0.006953886213,0.01342967055936291,0.0,0.02038355677236291,7.939135889984353,57.17934110398554,4000.0
0.5736842105263157,3.201,7.5,0.224908548365,0.013346824405,0.01342967055936291,0.0,0.02677649496436291,8.399476804724923,57.17934110398554,4000.0
0.5736842105263157,3.201,9.583333,0.287537795551,0.021737950202,0.01342967055936291,0.0,0.03516762076136291,8.176208379354026,57.17934110398554,4000.0
0.5736842105263157,3.201,11.666667,0.349832121183,0.032152102949,0.01342967055936291,0.0,0.045581773508362906,7.674824699807175,57.17934110398554,4000.0
0.5736842105263157,3.201,13.75,0.415718467434,0.045605893078,0.01342967055936291,0.0,0.059035563637362905,7.0418310899448535,57.17934110398554,4000.0
0.5736842105263157,3.201,15.833333,0.474475261377,0.05970056349,0.01342967055936291,0.0,0.0731302340493629,6.488086186853022,57.17934110398554,4000.0
0.5736842105263157,3.201,17.916667,0.52287141039,0.073027566136,0.01342967055936291,0.0,0.08645723669536291,6.04774603463638,57.17934110398554,4000.0
0.5736842105263157,3.201,20.0,0.562672136492,0.085721562624,0.01342967055936291,0.0,0.09915123318336291,5.674887930555902,57.17934110398554,4000.0
0.6363157894736842,3.201,-5.0,-0.150659208095,0.005918979203,0.013206372538768657,0.0,0.01912535174176866,-7.877460771922381,57.17934110398554,4000.0
0.6363157894736842,3.201,-2.916667,-0.086715980108,0.001789854254,0.013206372538768657,0.0,0.014996226792768658,-5.782519916931062,57.17934110398554,4000.0
0.6363157894736842,3.201,-0.833333,-0.023388598373,0.000167965908,0.013206372538768657,0.0,0.013374338446768658,-1.748766749554694,57.17934110398554,4000.0
0.6363157894736842,3.201,1.25,0.036719345704,0.000369851271,0.013206372538768657,0.0,0.013576223809768657,2.7046803454712425,57.17934110398554,4000.0
0.6363157894736842,3.201,3.333333,0.099496490098,0.002659967448,0.013206372538768657,0.0,0.015866339986768657,6.270916303380153,57.17934110398554,4000.0
0.6363157894736842,3.201,5.416667,0.163411396879,0.007090954875,0.013206372538768657,0.0,0.02029732741376866,8.050882441209977,57.17934110398554,4000.0
0.6363157894736842,3.201,7.5,0.227075209563,0.01360793863,0.013206372538768657,0.0,0.02681431116876866,8.468433447116873,57.17934110398554,4000.0
0.6363157894736842,3.201,9.583333,0.290245899867,0.022155561677,0.013206372538768657,0.0,0.03536193421576866,8.207862672216981,57.17934110398554,4000.0
0.6363157894736842,3.201,11.666667,0.352017905267,0.032535830738,0.013206372538768657,0.0,0.04574220327676866,7.695691944200275,57.17934110398554,4000.0
0.6363157894736842,3.201,13.75,0.412640735707,0.044752663754,0.013206372538768657,0.0,0.057959036292768655,7.119523755064294,57.17934110398554,4000.0
0.6363157894736842,3.201,15.833333,0.477974551559,0.060571010995,0.013206372538768657,0.0,0.07377738353376866,6.478605348483606,57.17934110398554,4000.0
0.6363157894736842,3.201,17.916667,0.525720101231,0.073838091923,0.013206372538768657,0.0,0.08704446446176867,6.0396729933573745,57.17934110398554,4000.0
0.6363157894736842,3.201,20.0,0.564826996238,0.086447638279,0.013206372538768657,0.0,0.09965401081776866,5.6678802147849865,57.17934110398554,4000.0
0.6989473684210525,3.201,-5.0,-0.151685751345,0.005995110246,0.013008501696923263,0.0,0.019003611942923264,-7.981943211668565,57.17934110398554,4000.0
0.6989473684210525,3.201,-2.916667,-0.087165419184,0.00177523601,0.013008501696923263,0.0,0.014783737706923263,-5.896033933501148,57.17934110398554,4000.0
0.6989473684210525,3.201,-0.833333,-0.023630175749,0.000171559827,0.013008501696923263,0.0,0.013180061523923262,-1.792872947224763,57.17934110398554,4000.0
0.6989473684210525,3.201,1.25,0.036967558309,0.000374921911,0.013008501696923263,0.0,0.013383423607923262,2.762189959160707,57.17934110398554,4000.0
0.6989473684210525,3.201,3.333333,0.10018534215,0.002698742351,0.013008501696923263,0.0,0.01570724404792326,6.37828901393087,57.17934110398554,4000.0
0.6989473684210525,3.201,5.416667,0.164589669181,0.007199266011,0.013008501696923263,0.0,0.020207767707923263,8.144871395986309,57.17934110398554,4000.0
0.6989473684210525,3.201,7.5,0.22871413232,0.01381570108,0.013008501696923263,0.0,0.02682420277692326,8.526409311100263,57.17934110398554,4000.0
0.6989473684210525,3.201,9.583333,0.29227728113,0.022484281574,0.013008501696923263,0.0,0.03549278327092326,8.234836893432423,57.17934110398554,4000.0
0.6989473684210525,3.201,11.666667,0.3542957523,0.032975462331,0.013008501696923263,0.0,0.04598396402792326,7.704767516016187,57.17934110398554,4000.0
0.6989473684210525,3.201,13.75,0.415068939721,0.045292228717,0.013008501696923263,0.0,0.05830073041392326,7.1194466479938665,57.17934110398554,4000.0
0.6989473684210525,3.201,15.833333,0.479455709869,0.06091936155,0.013008501696923263,0.0,0.07392786324692327,6.485453370505119,57.17934110398554,4000.0
0.6989473684210525,3.201,17.916667,0.528167595497,0.074542801891,0.013008501696923263,0.0,0.08755130358792326,6.032663979315722,57.17934110398554,4000.0
0.6989473684210525,3.201,20.0,0.566092814972,0.086811908138,0.013008501696923263,0.0,0.09982040983492325,5.6711129107581195,57.17934110398554,4000.0
0.7615789473684209,3.201,-5.0,-0.15293285481,0.006079217162,0.012831222495919573,0.0,0.018910439657919574,-8.08721836067691,57.17934110398554,4000.0
0.7615789473684209,3.201,-2.916667,-0.087718428984,0.001855197215,0.012831222495919573,0.0,0.014686419710919572,-5.972757875003397,57.17934110398554,4000.0
0.7615789473684209,3.201,-0.833333,-0.023966943756,0.000176392194,0.012831222495919573,0.0,0.013007614689919572,-1.8425318036652416,57.17934110398554,4000.0
0.7615789473684209,3.201,1.25,0.037359716304,0.00038289295,0.012831222495919573,0.0,0.013214115445919572,2.8272582040696808,57.17934110398554,4000.0
0.7615789473684209,3.201,3.333333,0.101254442307,0.002757321633,0.012831222495919573,0.0,0.015588544128919572,6.495439309124107,57.17934110398554,4000.0
0.7615789473684209,3.201,5.416667,0.166349628846,0.007357849497,0.012831222495919573,0.0,0.020189071992919572,8.239587679133534,57.17934110398554,4000.0
0.7615789473684209,3.201,7.5,0.231106237582,0.014115650108,0.012831222495919573,0.0,0.02694687260391957,8.57636583580331,57.17934110398554,4000.0
0.7615789473684209,3.201,9.583333,0.29521691604,0.022957942426,0.012831222495919573,0.0,0.035789164921919574,8.248779111892334,57.17934110398554,4000.0
0.7615789473684209,3.201,11.666667,0.357614202157,0.033612723306,0.012831222495919573,0.0,0.04644394580191957,7.699909987885213,57.17934110398554,4000.0
0.7615789473684209,3.201,13.75,0.418635606883,0.046091796995,0.012831222495919573,0.0,0.058923019490919576,7.10478876506854,57.17934110398554,4000.0
0.7615789473684209,3.201,15.833333,0.475691037519,0.059757739132,0.012831222495919573,0.0,0.07258896162791957,6.5532145225788305,57.17934110398554,4000.0
0.7615789473684209,3.201,17.916667,0.530582465875,0.075235108504,0.012831222495919573,0.0,0.08806633099991958,6.024804937944838,57.17934110398554,4000.0
0.7615789473684209,3.201,20.0,0.568204800961,0.08749409771,0.012831222495919573,0.0,0.10032532020591957,5.663623099280911,57.17934110398554,4000.0
0.8242105263157894,3.201,-5.0,-0.154935501886,0.006232058181,0.012670928475633272,0.0,0.018902986656633272,-8.19635038104581,57.17934110398554,4000.0
0.8242105263157894,3.201,-2.916667,-0.087742150251,0.001882616602,0.012670928475633272,0.0,0.014553545077633272,-6.028919399565897,57.17934110398554,4000.0
0.8242105263157894,3.201,-0.833333,-0.02415444881,0.000179392804,0.012670928475633272,0.0,0.012850321279633273,-1.8796766465506867,57.17934110398554,4000.0
0.8242105263157894,3.201,1.25,0.037794054885,0.000392310583,0.012670928475633272,0.0,0.013063239058633273,2.893161084732852,57.17934110398554,4000.0
0.8242105263157894,3.201,3.333333,0.10262528529,0.002836329553,0.012670928475633272,0.0,0.015507258028633272,6.617887256438775,57.17934110398554,4000.0
0.8242105263157894,3.201,5.416667,0.168230192491,0.007539266031,0.012670928475633272,0.0,0.02021019450663327,8.32402639350079,57.17934110398554,4000.0
0.8242105263157894,3.201,7.5,0.234328039011,0.014548410058,0.012670928475633272,0.0,0.027219338533633272,8.608880730935294,57.17934110398554,4000.0
0.8242105263157894,3.201,9.583333,0.299208953704,0.023645014163,0.012670928475633272,0.0,0.036315942638633275,8.239052382071407,57.17934110398554,4000.0
0.8242105263157894,3.201,11.666667,0.362164571706,0.034548950921,0.012670928475633272,0.0,0.047219879396633274,7.669747918327423,57.17934110398554,4000.0
0.8242105263157894,3.201,13.75,0.423532738765,0.047272643975,0.012670928475633272,0.0,0.059943572450633274,7.065523815982136,57.17934110398554,4000.0
0.8242105263157894,3.201,15.833333,0.480170389455,0.061009967631,0.012670928475633272,0.0,0.07368089610663327,6.516891281562084,57.17934110398554,4000.0
0.8242105263157894,3.201,17.916667,0.525767580968,0.073676333649,0.012670928475633272,0.0,0.08634726212463327,6.088989598872392,57.17934110398554,4000.0
0.8242105263157894,3.201,20.0,0.560877742805,0.084871822393,0.012670928475633272,0.0,0.09754275086863326,5.750070997693802,57.17934110398554,4000.0
0.8868421052631578,3.201,-5.0,-0.157637409026,0.006420528946,0.012524862760784643,0.011211193891624463,0.030156585598409107,-5.22729632343776,57.17934110398554,4000.0
0.8868421052631578,3.201,-2.916667,-0.089009172812,0.001935515964,0.012524862760784643,0.02362410618577811,0.03808448491056275,-2.33715049635116,57.17934110398554,4000.0
0.8868421052631578,3.201,-0.833333,-0.024668051388,0.000186818004,0.012524862760784643,0.031099333759174817,0.04381101452395946,-0.5630559268265628,57.17934110398554,4000.0
0.8868421052631578,3.201,1.25,0.038433738509,0.000405695507,0.012524862760784643,0.03621347064075314,0.049144028908537786,0.7820632406945965,57.17934110398554,4000.0
0.8868421052631578,3.201,3.333333,0.104390151476,0.002936161215,0.012524862760784643,0.04010389844611942,0.05556492242190406,1.8787059699888775,57.17934110398554,4000.0
0.8868421052631578,3.201,5.416667,0.17111990064,0.00780846544,0.012524862760784643,0.043049912650709204,0.06338324085149386,2.6997657163181636,57.17934110398554,4000.0
0.8868421052631578,3.201,7.5,0.238304527517,0.015065838706,0.012524862760784643,0.04533258153833062,0.07292328300511526,3.267879855330758,57.17934110398554,4000.0
0.8868421052631578,3.201,9.583333,0.304094913589,0.024462955538,0.012524862760784643,0.04709879997345892,0.08408661827224356,3.6164483699944405,57.17934110398554,4000.0
0.8868421052631578,3.201,11.666667,0.367696380707,0.035655227677,0.012524862760784643,0.048483430287411394,0.09666352072519604,3.8038794567841276,57.17934110398554,4000.0
0.8868421052631578,3.201,13.75,0.428748109232,0.048500469343,0.012524862760784643,0.04958657477739565,0.11061190688118029,3.8761478878812095,57.17934110398554,4000.0
0.8868421052631578,3.201,15.833333,0.485826927955,0.062582320474,0.012524862760784643,0.05046149067337586,0.1255686739081605,3.869013766206755,57.17934110398554,4000.0
0.8868421052631578,3.201,17.916667,0.530645407316,0.075196633227,0.012524862760784643,0.05106242424794698,0.1387839202357316,3.823536663430976,57.17934110398554,4000.0
0.8868421052631578,3.201,20.0,0.564459953472,0.086082477172,0.012524862760784643,0.0514733209178088,0.15008066085059343,3.76104389648127,57.17934110398554,4000.0
0.9494736842105262,3.201,-5.0,-0.158592297098,0.006525329972,0.012390873628836814,0.03294034934044538,0.05185655294128219,-3.0582884534877586,57.17934110398554,4000.0
0.9494736842105262,3.201,-2.916667,-0.08907524889,0.001954720092,0.012390873628836814,0.038910201765486915,0.053255795486323726,-1.6725925897187064,57.17934110398554,4000.0
0.9494736842105262,3.201,-0.833333,-0.024649519931,0.000188774546,0.012390873628836814,0.042450121461701934,0.055029769636538745,-0.4479306399755157,57.17934110398554,4000.0
0.9494736842105262,3.201,1.25,0.038441314578,0.000409913989,0.012390873628836814,0.044867761359701566,0.057668548977538384,0.6665906331885115,57.17934110398554,4000.0
0.9494736842105262,3.201,3.333333,0.104935333446,0.002993749183,0.012390873628836814,0.04672014510544498,0.06210476791728179,1.6896501986089836,57.17934110398554,4000.0
0.9494736842105262,3.201,5.416667,0.172417065241,0.007997114282,0.012390873628836814,0.04812367344332536,0.06851166135416217,2.516609024406988,57.17934110398554,4000.0
0.9494736842105262,3.201,7.5,0.239657824163,0.015367743026,0.012390873628836814,0.04919864849715947,0.07695726515199629,3.1141676317324696,57.17934110398554,4000.0
0.9494736842105262,3.201,9.583333,0.305992568997,0.024992112656,0.012390873628836814,0.05003615345982873,0.08741913974466554,3.5002926120154614,57.17934110398554,4000.0
0.9494736842105262,3.201,11.666667,0.37080969955,0.03659271707,0.012390873628836814,0.050698291459618496,0.0996818821584553,3.7199307589372883,57.17934110398554,4000.0
0.9494736842105262,3.201,13.75,0.431925831574,0.049661619452,0.012390873628836814,0.05121577250971212,0.11326826559054892,3.813299597394381,57.17934110398554,4000.0
0.9494736842105262,3.201,15.833333,0.487896966721,0.063671796095,0.012390873628836814,0.05161857936778866,0.12768124909162548,3.8212107900893084,57.17934110398554,4000.0
0.9494736842105262,3.201,17.916667,0.532056231997,0.076153957355,0.012390873628836814,0.051897309612048234,0.14044214059588506,3.7884372150661254,57.17934110398554,4000.0
0.9494736842105262,3.201,20.0,0.564617655451,0.086650512703,0.012390873628836814,0.05208403901962618,0.151125425351463,3.7360864602227175,57.17934110398554,4000.0
1.0121052631578946,3.201,-5.0,-0.16128648952,0.014110739189,0.012267251516641696,0.046784529521748316,0.07316252022739,-2.204496086503303,57.17934110398554,4000.0
1.0121052631578946,3.201,-2.916667,-0.101764489668,0.005184845698,0.012267251516641696,0.048029556838942306,0.065481654053584,-1.5540916175502464,57.17934110398554,4000.0
1.0121052631578946,3.201,-0.833333,-0.024613549091,0.000358014732,0.012267251516641696,0.04905199055476781,0.061677256803409505,-0.39907010082263206,57.17934110398554,4000.0
1.0121052631578946,3.201,1.25,0.042805966634,0.000934029505,0.012267251516641696,0.0496427299663863,0.062844010988028,0.6811463170636051,57.17934110398554,4000.0
1.0121052631578946,3.201,3.333333,0.116043707527,0.006758775572,0.012267251516641696,0.05009828510348723,0.06912431219212893,1.678768350048244,57.17934110398554,4000.0
1.0121052631578946,3.201,5.416667,0.188943798452,0.017915902706,0.012267251516641696,0.050429753802945454,0.08061290802558715,2.343840497504789,57.17934110398554,4000.0
1.0121052631578946,3.201,7.5,0.260748414952,0.034328168068,0.012267251516641696,0.05067753928486188,0.09727295886950357,2.6805847995413274,57.17934110398554,4000.0
1.0121052631578946,3.201,9.583333,0.330061825623,0.055724658832,0.012267251516641696,0.05086522380731831,0.11885713415596001,2.7769626784868033,57.17934110398554,4000.0
1.0121052631578946,3.201,11.666667,0.394479251542,0.081440954609,0.012267251516641696,0.05100662712257033,0.14471483324821202,2.7259075154058117,57.17934110398554,4000.0
1.0121052631578946,3.201,13.75,0.452360752943,0.110660214642,0.012267251516641696,0.05111301835960824,0.17404048451824994,2.5991696943107816,57.17934110398554,4000.0
1.0121052631578946,3.201,15.833333,0.497752787854,0.141102866258,0.012267251516641696,0.05118550083132338,0.2045556186059651,2.4333371590873765,57.17934110398554,4000.0
1.0121052631578946,3.201,17.916667,0.525789760558,0.169887167834,0.012267251516641696,0.05122619498225821,0.23338061433289992,2.2529281708377047,57.17934110398554,4000.0
1.0121052631578946,3.201,20.0,0.536603808483,0.195126691388,0.012267251516641696,0.051241140209959804,0.25863508311460154,2.074752589714328,57.17934110398554,4000.0
1.074736842105263,3.201,-5.0,-0.17479868173,0.015292903009,0.012152617073819306,0.0530962886327199,0.0805418087155392,-2.170285029820487,57.17934110398554,4000.0
1.074736842105263,3.201,-2.916667,-0.102317031959,0.005212997484,0.012152617073819306,0.05176179131244886,0.06912740587026817,-1.4801225457674343,57.17934110398554,4000.0
1.074736842105263,3.201,-0.833333,-0.024507703895,0.000356475095,0.012152617073819306,0.05090435652215801,0.06341344869097731,-0.386474862996799,57.17934110398554,4000.0
1.074736842105263,3.201,1.25,0.043048713025,0.000939326254,0.012152617073819306,0.050413369450301684,0.06350531277812099,0.6778757735656921,57.17934110398554,4000.0
1.074736842105263,3.201,3.333333,0.116876703514,0.006807292096,0.012152617073819306,0.050033020100552175,0.06899292927037148,1.694038863837484,57.17934110398554,4000.0
1.074736842105263,3.201,5.416667,0.190589612363,0.018071961154,0.012152617073819306,0.04975612414559065,0.07998070237340996,2.382944969315031,57.17934110398554,4000.0
1.074736842105263,3.201,7.5,0.263128233478,0.034641452762,0.012152617073819306,0.04954979720368786,0.09634386703950718,2.731136309590942,57.17934110398554,4000.0
1.074736842105263,3.201,9.583333,0.33287722322,0.056199744874,0.012152617073819306,0.04939432278510658,0.11774668473292589,2.827062383752334,57.17934110398554,4000.0
1.074736842105263,3.201,11.666667,0.397512165048,0.082066956756,0.012152617073819306,0.04927756144483908,0.14349713527465838,2.7701749187337312,57.17934110398554,4000.0
1.074736842105263,3.201,13.75,0.454786720392,0.111254690527,0.012152617073819306,0.0491908285392387,0.172598136140058,2.6349457216789105,57.17934110398554,4000.0
1.074736842105263,3.201,15.833333,0.497445352286,0.141023491664,0.012152617073819306,0.04913444116658586,0.20231054990440517,2.458820622656854,57.17934110398554,4000.0
1.074736842105263,3.201,17.916667,0.520389759788,0.16817717473,0.012152617073819306,0.04910659539089437,0.22943638719471368,2.2681221847621122,57.17934110398554,4000.0
1.074736842105263,3.201,20.0,0.522618610391,0.190130734579,0.012152617073819306,0.04910397559446111,0.2513873272472804,2.078937773489749,57.17934110398554,4000.0
1.1373684210526314,3.201,-5.0,-0.172983722707,0.015134114704,0.012045842291396545,0.0510213820003629,0.07820133899575944,-2.21203018936006,57.17934110398554,4000.0
1.1373684210526314,3.201,-2.916667,-0.101120224816,0.005152020764,0.012045842291396545,0.04918867747941038,0.06638654053480693,-1.5232037096884414,57.17934110398554,4000.0
1.1373684210526314,3.201,-0.833333,-0.02409686763,0.000350499308,0.012045842291396545,0.048005329431818164,0.06040167103121471,-0.398943724877199,57.17934110398554,4000.0
1.1373684210526314,3.201,1.25,0.04255215508,0.000928491303,0.012045842291396545,0.047326425103949646,0.06030075869834619,0.7056653348735898,57.17934110398554,4000.0
1.1373684210526314,3.201,3.333333,0.115642217835,0.006735391499,0.012045842291396545,0.04679666666778677,0.06557790045818332,1.7634327574842215,57.17934110398554,4000.0
1.1373684210526314,3.201,5.416667,0.188741802466,0.017896749213,0.012045842291396545,0.04640945888254311,0.07635205038693965,2.471993895507554,57.17934110398554,4000.0
1.1373684210526314,3.201,7.5,0.26068885672,0.034320290353,0.012045842291396545,0.046120442332969046,0.0924865749773656,2.8186669987919744,57.17934110398554,4000.0
1.1373684210526314,3.201,9.583333,0.329862312491,0.055690859672,0.012045842291396545,0.045902418474451014,0.11363912043784755,2.9027179304103385,57.17934110398554,4000.0
1.1373684210526314,3.201,11.666667,0.39405593306,0.081354369149,0.012045842291396545,0.04573831324657926,0.1391385246869758,2.832112342333079,57.17934110398554,4000.0
1.1373684210526314,3.201,13.75,0.450585464624,0.110279816531,0.012045842291396545,0.045617052545334054,0.1679427113677306,2.682971240337959,57.17934110398554,4000.0
1.1373684210526314,3.201,15.833333,0.491546960427,0.139357185081,0.012045842291396545,0.04554015432015437,0.19694318169255093,2.4958820925029874,57.17934110398554,4000.0
1.1373684210526314,3.201,17.916667,0.512708347517,0.165704534775,0.012045842291396545,0.04550353269286687,0.2232539097592634,2.2965257274547075,57.17934110398554,4000.0
1.1373684210526314,3.201,20.0,0.513709789538,0.186903689908,0.012045842291396545,0.04550184811700276,0.2444513803163993,2.101480420659082,57.17934110398554,4000.0
1.2,3.201,-5.0,-0.17033313973,0.014902218721,0.011945993685128784,0.04037095282263113,0.06721916522875991,-2.5339966533402065,57.17934110398554,4000.0
1.2,3.201,-2.916667,-0.099506869177,0.00506982126,0.011945993685128784,0.04037095282263113,0.057386767767759916,-1.733968875537599,57.17934110398554,4000.0
1.2,3.201,-0.833333,-0.023656085336,0.0003440879,0.011945993685128784,0.04037095282263113,0.05266103440775992,-0.44921421696407343,57.17934110398554,4000.0
1.2,3.201,1.25,0.04194263304,0.000915191519,0.011945993685128784,0.04037095282263113,0.05323213802675991,0.7879193771799162,57.17934110398554,4000.0
1.2,3.201,3.333333,0.114055898786,0.006642998988,0.011945993685128784,0.04037095282263113,0.05895994549575992,1.934464115035559,57.17934110398554,4000.0
1.2,3.201,5.416667,0.18630015546,0.017665228987,0.011945993685128784,0.04037095282263113,0.06998217549475991,2.6621086604252495,57.17934110398554,4000.0
1.2,3.201,7.5,0.257454447762,0.033894472101,0.011945993685128784,0.04037095282263113,0.08621141860875992,2.986314944315742,57.17934110398554,4000.0
1.2,3.201,9.583333,0.325992507417,0.055037711558,0.011945993685128784,0.04037095282263113,0.10735465806575992,3.036593970774084,57.17934110398554,4000.0
1.2,3.201,11.666667,0.389935823745,0.080505649728,0.011945993685128784,0.04037095282263113,0.13282259623575993,2.935764205759572,57.17934110398554,4000.0
1.2,3.201,13.75,0.445980463525,0.109107766409,0.011945993685128784,0.04037095282263113,0.16142471291675992,2.762776872677319,57.17934110398554,4000.0
1.2,3.201,15.833333,0.486361032474,0.137894111358,0.011945993685128784,0.04037095282263113,0.19021105786575992,2.556954563689172,57.17934110398554,4000.0
1.2,3.201,17.916667,0.507140126558,0.163913415649,0.011945993685128784,0.04037095282263113,0.2162303621567599,2.3453696395806807,57.17934110398554,4000.0
1.2,3.201,20.0,0.508120333408,0.18487753468,0.011945993685128784,0.04037095282263113,0.23719448118775993,2.1422097633282573,57.17934110398554,4000.0
0.01,3.201,-5.0,-0.143769845682,0.00541010167,0.02894017613754492,0.0,0.03435027780754492,-4.1854056170230285,57.17934110398554,5000.0
0.01,3.201,-2.916667,-0.082993533372,0.001676633787,0.02894017613754492,0.0,0.03061680992454492,-2.71071785651534,57.17934110398554,5000.0
0.01,3.201,-0.833333,-0.022135019161,0.000150594394,0.02894017613754492,0.0,0.02909077053154492,-0.7608949077851902,57.17934110398554,5000.0
0.01,3.201,1.25,0.035050573776,0.000337258693,0.02894017613754492,0.0,0.029277434830544923,1.1971873211867594,57.17934110398554,5000.0
0.01,3.201,3.333333,0.095017554368,0.002425190355,0.02894017613754492,0.0,0.03136536649254492,3.029378100542337,57.17934110398554,5000.0
0.01,3.201,5.416667,0.156089626199,0.006465084796,0.02894017613754492,0.0,0.03540526093354492,4.408656286758558,57.17934110398554,5000.0
0.01,3.201,7.5,0.217099263575,0.01242245198,0.02894017613754492,0.0,0.041362628117544924,5.248681562449178,57.17934110398554,5000.0
0.01,3.201,9.583333,0.277820685904,0.020265615907,0.02894017613754492,0.0,0.04920579204454492,5.646097224743279,57.17934110398554,5000.0
0.01,3.201,11.666667,0.344181623435,0.031254952444,0.02894017613754492,0.0,0.060195128581544924,5.71776539971578,57.17934110398554,5000.0
0.01,3.201,13.75,0.404693263142,0.04329420396,0.02894017613754492,0.0,0.07223438009754492,5.602502057822112,57.17934110398554,5000.0
0.01,3.201,15.833333,0.461859165835,0.056604918712,0.02894017613754492,0.0,0.08554509484954492,5.399014012987057,57.17934110398554,5000.0
0.01,3.201,17.916667,0.513246349725,0.0704158324,0.02894017613754492,0.0,0.09935600853754492,5.165730359740177,57.17934110398554,5000.0
0.01,3.201,20.0,0.556008149009,0.08370013044,0.02894017613754492,0.0,0.11264030657754492,4.936138456141608,57.17934110398554,5000.0
0.07263157894736841,3.201,-5.0,-0.143846817824,0.005415709882,0.019350759318069653,0.0,0.024766469200069655,-5.808127782041512,57.17934110398554,5000.0
0.07263157894736841,3.201,-2.916667,-0.083035199327,0.001677892194,0.019350759318069653,0.0,0.021028651512069653,-3.9486697128125847,57.17934110398554,5000.0
0.07263157894736841,3.201,-0.833333,-0.022147921265,0.000150767047,0.019350759318069653,0.0,0.019501526365069653,-1.135701936883795,57.17934110398554,5000.0
0.07263157894736841,3.201,1.25,0.035069082898,0.000337611573,0.019350759318069653,0.0,0.019688370891069652,1.78120795732809,57.17934110398554,5000.0
0.07263157894736841,3.201,3.333333,0.095067910098,0.002427780803,0.019350759318069653,0.0,0.021778540121069653,4.365210412153684,57.17934110398554,5000.0
0.07263157894736841,3.201,5.416667,0.156172115648,0.006471974981,0.019350759318069653,0.0,0.02582273429906965,6.047853563424792,57.17934110398554,5000.0
0.07263157894736841,3.201,7.5,0.21721187601,0.012435503319,0.019350759318069653,0.0,0.03178626263706966,6.833514165854905,57.17934110398554,5000.0
0.07263157894736841,3.201,9.583333,0.277959676509,0.020286123728,0.019350759318069653,0.0,0.03963688304606965,7.01265223569496,57.17934110398554,5000.0
0.07263157894736841,3.201,11.666667,0.344345497394,0.031284316892,0.019350759318069653,0.0,0.05063507621006966,6.800532815738529,57.17934110398554,5000.0
0.07263157894736841,3.201,13.75,0.404871541962,0.043332005764,0.019350759318069653,0.0,0.06268276508206966,6.459056830564309,57.17934110398554,5000.0
0.07263157894736841,3.201,15.833333,0.462044547368,0.056649542858,0.019350759318069653,0.0,0.07600030217606965,6.079509345865269,57.17934110398554,5000.0
0.07263157894736841,3.201,17.916667,0.513395736054,0.070456228024,0.019350759318069653,0.0,0.08980698734206966,5.716656924460734,57.17934110398554,5000.0
0.07263157894736841,3.201,20.0,0.555906281155,0.0836567098,0.019350759318069653,0.0,0.10300746911806966,5.396757011064962,57.17934110398554,5000.0
0.13526315789473684,3.201,-5.0,-0.144144951151,0.005437425554,0.01726521576945094,0.0,0.022702641323450942,-6.349259061856556,57.17934110398554,5000.0
0.13526315789473684,3.201,-2.916667,-0.083206763861,0.001683829709,0.01726521576945094,0.0,0.01894904547845094,-4.391079432239668,57.17934110398554,5000.0
0.13526315789473684,3.201,-0.833333,-0.022195723117,0.00015138596,0.01726521576945094,0.0,0.01741660172945094,-1.274400337206294,57.17934110398554,5000.0
0.13526315789473684,3.201,1.25,0.035143488132,0.000339011197,0.01726521576945094,0.0,0.01760422696645094,1.9963096476189675,57.17934110398554,5000.0
0.13526315789473684,3.201,3.333333,0.095267286228,0.00243780653,0.01726521576945094,0.0,0.01970302229945094,4.835161062100346,57.17934110398554,5000.0
0.13526315789473684,3.201,5.416667,0.156496463431,0.006498554086,0.01726521576945094,0.0,0.02376376985545094,6.585506608712707,57.17934110398554,5000.0
0.13526315789473684,3.201,7.5,0.217655122943,0.012485935742,0.01726521576945094,0.0,0.02975115151145094,7.315855416864338,57.17934110398554,5000.0
0.13526315789473684,3.201,9.583333,0.27851570507,0.020366558873,0.01726521576945094,0.0,0.03763177464245094,7.401078150479178,57.17934110398554,5000.0
0.13526315789473684,3.201,11.666667,0.345012836642,0.031401646436,0.01726521576945094,0.0,0.04866686220545094,7.0892763783599095,57.17934110398554,5000.0
0.13526315789473684,3.201,13.75,0.405623648656,0.043487267738,0.01726521576945094,0.0,0.06075248350745094,6.676659541107527,57.17934110398554,5000.0
0.13526315789473684,3.201,15.833333,0.462862156312,0.056843264797,0.01726521576945094,0.0,0.07410848056645095,6.2457380420445245,57.17934110398554,5000.0
0.13526315789473684,3.201,17.916667,0.514085554888,0.070632361783,0.01726521576945094,0.0,0.08789757755245095,5.848688544132297,57.17934110398554,5000.0
0.13526315789473684,3.201,20.0,0.556230494568,0.0837387333,0.01726521576945094,0.0,0.10100394906945095,5.507017296774529,57.17934110398554,5000.0
0.19789473684210523,3.201,-5.0,-0.144439739446,0.005460333309,0.01614108997765905,0.0,0.02160142328665905,-6.686584375910331,57.17934110398554,5000.0
0.19789473684210523,3.201,-2.916667,-0.083370958599,0.00169117465,0.01614108997765905,0.0,0.017832264627659047,-4.675287202147394,57.17934110398554,5000.0
0.19789473684210523,3.201,-0.833333,-0.022239280174,0.000152017872,0.01614108997765905,0.0,0.01629310784965905,-1.3649501604732446,57.17934110398554,5000.0
0.19789473684210523,3.201,1.25,0.035216346674,0.000340436896,0.01614108997765905,0.0,0.016481526873659048,2.1367162729493914,57.17934110398554,5000.0
0.19789473684210523,3.201,3.333333,0.095462092103,0.002447655008,0.01614108997765905,0.0,0.018588744985659048,5.135478063561991,57.17934110398554,5000.0
0.19789473684210523,3.201,5.416667,0.156813306015,0.006524305506,0.01614108997765905,0.0,0.022665395483659048,6.918622096316689,57.17934110398554,5000.0
0.19789473684210523,3.201,7.5,0.218086903688,0.012534703591,0.01614108997765905,0.0,0.02867579356865905,7.6052613213939475,57.17934110398554,5000.0
0.19789473684210523,3.201,9.583333,0.279054432285,0.020444803408,0.01614108997765905,0.0,0.03658589338565905,7.627377835042395,57.17934110398554,5000.0
0.19789473684210523,3.201,11.666667,0.345642661439,0.031514698299,0.01614108997765905,0.0,0.04765578827665905,7.252899887678274,57.17934110398554,5000.0
0.19789473684210523,3.201,13.75,0.406313639365,0.043628718326,0.01614108997765905,0.0,0.05976980830365905,6.797974611207275,57.17934110398554,5000.0
0.19789473684210523,3.201,15.833333,0.463567461439,0.057007316101,0.01614108997765905,0.0,0.07314840607865905,6.3373556074552,57.17934110398554,5000.0
0.19789473684210523,3.201,17.916667,0.514624075635,0.070762207167,0.01614108997765905,0.0,0.08690329714465905,5.921801502863094,57.17934110398554,5000.0
0.19789473684210523,3.201,20.0,0.556599706234,0.083837948072,0.01614108997765905,0.0,0.09997903804965905,5.567164048503247,57.17934110398554,5000.0
0.26052631578947366,3.201,-5.0,-0.144883554158,0.005493312409,0.015391409571698295,0.0,0.020884721980698295,-6.9372986766068365,57.17934110398554,5000.0
0.26052631578947366,3.201,-2.916667,-0.083608787107,0.001697787304,0.015391409571698295,0.0,0.017089196875698296,-4.892493644677704,57.17934110398554,5000.0
0.26052631578947366,3.201,-0.833333,-0.022313367526,0.000153012713,0.015391409571698295,0.0,0.015544422284698295,-1.435458141661846,57.17934110398554,5000.0
0.26052631578947366,3.201,1.25,0.035322980124,0.000342484021,0.015391409571698295,0.0,0.015733893592698295,2.245024724229259,57.17934110398554,5000.0
0.26052631578947366,3.201,3.333333,0.095751908832,0.002462574937,0.015391409571698295,0.0,0.017853984508698295,5.363055444870055,57.17934110398554,5000.0
0.26052631578947366,3.201,5.416667,0.157288415986,0.006564187271,0.015391409571698295,0.0,0.021955596842698294,7.16393260055278,57.17934110398554,5000.0
0.26052631578947366,3.201,7.5,0.218733817042,0.012610096741,0.015391409571698295,0.0,0.028001506312698293,7.81150180277292,57.17934110398554,5000.0
0.26052631578947366,3.201,9.583333,0.279855780665,0.020564208909,0.015391409571698295,0.0,0.035955618480698295,7.783367175709472,57.17934110398554,5000.0
0.26052631578947366,3.201,11.666667,0.346586057901,0.031685668772,0.015391409571698295,0.0,0.04707707834369829,7.362097863649471,57.17934110398554,5000.0
0.26052631578947366,3.201,13.75,0.407342823158,0.043843949381,0.015391409571698295,0.0,0.0592353589526983,6.876683628831875,57.17934110398554,5000.0
0.26052631578947366,3.201,15.833333,0.46462549048,0.057263716807,0.015391409571698295,0.0,0.0726551263786983,6.394944357515056,57.17934110398554,5000.0
0.26052631578947366,3.201,17.916667,0.515466091171,0.070990841956,0.015391409571698295,0.0,0.0863822515276983,5.967268530917104,57.17934110398554,5000.0
0.26052631578947366,3.201,20.0,0.556812924554,0.083881015377,0.015391409571698295,0.0,0.0992724249486983,5.608938482582127,57.17934110398554,5000.0
0.3231578947368421,3.201,-5.0,-0.14546135336,0.005535858762,0.01483757070362176,0.0,0.02037342946562176,-7.1397578697024136,57.17934110398554,5000.0
0.3231578947368421,3.201,-2.916667,-0.083916993413,0.001707284535,0.01483757070362176,0.0,0.01654485523862176,-5.072089915728424,57.17934110398554,5000.0
0.3231578947368421,3.201,-0.833333,-0.022412623778,0.000154355875,0.01483757070362176,0.0,0.014991926578621759,-1.494979558528524,57.17934110398554,5000.0
0.3231578947368421,3.201,1.25,0.035461949444,0.000345161315,0.01483757070362176,0.0,0.01518273201862176,2.335676438239547,57.17934110398554,5000.0
0.3231578947368421,3.201,3.333333,0.096129285453,0.002482067248,0.01483757070362176,0.0,0.01731963795162176,5.550305712019733,57.17934110398554,5000.0
0.3231578947368421,3.201,5.416667,0.157907546488,0.006616379091,0.01483757070362176,0.0,0.02145394979462176,7.360301855818898,57.17934110398554,5000.0
0.3231578947368421,3.201,7.5,0.219576973984,0.01270750678,0.01483757070362176,0.0,0.027545077483621762,7.971550420018239,57.17934110398554,5000.0
0.3231578947368421,3.201,9.583333,0.28090689026,0.020721094642,0.01483757070362176,0.0,0.03555866534562176,7.899815348232335,57.17934110398554,5000.0
0.3231578947368421,3.201,11.666667,0.347811274547,0.031907397496,0.01483757070362176,0.0,0.04674496819962176,7.440614208179402,57.17934110398554,5000.0
0.3231578947368421,3.201,13.75,0.408682513679,0.044126429361,0.01483757070362176,0.0,0.05896400006462176,6.931051374247053,57.17934110398554,5000.0
0.3231578947368421,3.201,15.833333,0.465978074943,0.057594099925,0.01483757070362176,0.0,0.07243167062862177,6.433347055215736,57.17934110398554,5000.0
0.3231578947368421,3.201,17.916667,0.516567022646,0.071278335779,0.01483757070362176,0.0,0.08611590648262177,5.998508797561615,57.17934110398554,5000.0
0.3231578947368421,3.201,20.0,0.557602874466,0.084122592,0.01483757070362176,0.0,0.09896016270362176,5.63461962098808,57.17934110398554,5000.0
0.38578947368421046,3.201,-5.0,-0.146282824113,0.005595503585,0.014402776438523014,0.0,0.019998280023523014,-7.314770267289715,57.17934110398554,5000.0
0.38578947368421046,3.201,-2.916667,-0.084366677165,0.001720809926,0.014402776438523014,0.0,0.016123586364523015,-5.232500714024353,57.17934110398554,5000.0
0.38578947368421046,3.201,-0.833333,-0.022552680281,0.000156228657,0.014402776438523014,0.0,0.014559005095523015,-1.5490536704280082,57.17934110398554,5000.0
0.38578947368421046,3.201,1.25,0.035662529513,0.000348963599,0.014402776438523014,0.0,0.014751740037523014,2.417513420266871,57.17934110398554,5000.0
0.38578947368421046,3.201,3.333333,0.096665996558,0.002509349012,0.014402776438523014,0.0,0.016912125450523015,5.715780481926981,57.17934110398554,5000.0
0.38578947368421046,3.201,5.416667,0.158786302066,0.006689300144,0.014402776438523014,0.0,0.021092076582523014,7.528244146314688,57.17934110398554,5000.0
0.38578947368421046,3.201,7.5,0.220774889678,0.012845395693,0.014402776438523014,0.0,0.027248172131523016,8.102374302846858,57.17934110398554,5000.0
0.38578947368421046,3.201,9.583333,0.282403250866,0.020941772865,0.014402776438523014,0.0,0.035344549303523015,7.990008542501094,57.17934110398554,5000.0
0.38578947368421046,3.201,11.666667,0.343980927054,0.031065564918,0.014402776438523014,0.0,0.045468341356523015,7.565284256947094,57.17934110398554,5000.0
0.38578947368421046,3.201,13.75,0.410643865073,0.044533440798,0.014402776438523014,0.0,0.058936217236523016,6.9675979275188755,57.17934110398554,5000.0
0.38578947368421046,3.201,15.833333,0.467983652316,0.058073005369,0.014402776438523014,0.0,0.07247578180752301,6.457103885527498,57.17934110398554,5000.0
0.38578947368421046,3.201,17.916667,0.517283351749,0.071440497317,0.014402776438523014,0.0,0.08584327375552302,6.025904291839974,57.17934110398554,5000.0
0.38578947368421046,3.201,20.0,0.558885284582,0.08453303607,0.014402776438523014,0.0,0.09893581250852301,5.6489684615856754,57.17934110398554,5000.0
0.4484210526315789,3.201,-5.0,-0.14720622549,0.005667443288,0.014047372610668098,0.0,0.0197148158986681,-7.466781645165909,57.17934110398554,5000.0
0.4484210526315789,3.201,-2.916667,-0.084808797395,0.001726925779,0.014047372610668098,0.0,0.0157742983896681,-5.3763910951848315,57.17934110398554,5000.0
0.4484210526315789,3.201,-0.833333,-0.022703346444,0.0001586369,0.014047372610668098,0.0,0.014206009510668098,-1.598150868965051,57.17934110398554,5000.0
0.4484210526315789,3.201,1.25,0.035878583318,0.000353336274,0.014047372610668098,0.0,0.014400708884668099,2.491445636832406,57.17934110398554,5000.0
0.4484210526315789,3.201,3.333333,0.097256497513,0.00254137903,0.014047372610668098,0.0,0.016588751640668097,5.862797853611309,57.17934110398554,5000.0
0.4484210526315789,3.201,5.416667,0.159781212049,0.006777037671,0.014047372610668098,0.0,0.0208244102816681,7.672784481664612,57.17934110398554,5000.0
0.4484210526315789,3.201,7.5,0.222137424669,0.013011723462,0.014047372610668098,0.0,0.0270590960726681,8.209343877284097,57.17934110398554,5000.0
0.4484210526315789,3.201,9.583333,0.284100999511,0.021205985717,0.014047372610668098,0.0,0.0352533583276681,8.058835044036849,57.17934110398554,5000.0
0.4484210526315789,3.201,11.666667,0.345827596879,0.031402641906,0.014047372610668098,0.0,0.045450014516668094,7.608965597847566,57.17934110398554,5000.0
0.4484210526315789,3.201,13.75,0.412700990492,0.044976254642,0.014047372610668098,0.0,0.059023627252668104,6.9921319597203215,57.17934110398554,5000.0
0.4484210526315789,3.201,15.833333,0.470018328446,0.058575993876,0.014047372610668098,0.0,0.0726233664866681,6.471998630527325,57.17934110398554,5000.0
0.4484210526315789,3.201,17.916667,0.518881007248,0.071880480587,0.014047372610668098,0.0,0.0859278531976681,6.038565935708508,57.17934110398554,5000.0
0.4484210526315789,3.201,20.0,0.560029780529,0.084896768933,0.014047372610668098,0.0,0.0989441415436681,5.6600600277262085,57.17934110398554,5000.0
0.5110526315789473,3.201,-5.0,-0.148335964713,0.005750952507,0.013748369914780043,0.0,0.019499322421780044,-7.607236882616703,57.17934110398554,5000.0
0.5110526315789473,3.201,-2.916667,-0.085428978494,0.001747109102,0.013748369914780043,0.0,0.015495479016780044,-5.51315505648383,57.17934110398554,5000.0
0.5110526315789473,3.201,-0.833333,-0.022904859362,0.000161367999,0.013748369914780043,0.0,0.013909737913780043,-1.6466779966651064,57.17934110398554,5000.0
0.5110526315789473,3.201,1.25,0.036155403011,0.000358732965,0.013748369914780043,0.0,0.014107102879780044,2.5629219067241773,57.17934110398554,5000.0
0.5110526315789473,3.201,3.333333,0.097980829938,0.002579352939,0.013748369914780043,0.0,0.016327722853780043,6.000887620120058,57.17934110398554,5000.0
0.5110526315789473,3.201,5.416667,0.160955823497,0.006877083566,0.013748369914780043,0.0,0.020625453480780043,7.803747134432108,57.17934110398554,5000.0
0.5110526315789473,3.201,7.5,0.223739036062,0.013201900978,0.013748369914780043,0.0,0.026950270892780043,8.301921600422187,57.17934110398554,5000.0
0.5110526315789473,3.201,9.583333,0.286100360579,0.02150735194,0.013748369914780043,0.0,0.03525572185478004,8.115005041095477,57.17934110398554,5000.0
0.5110526315789473,3.201,11.666667,0.348138342168,0.03182317281,0.013748369914780043,0.0,0.04557154272478005,7.639380221786869,57.17934110398554,5000.0
0.5110526315789473,3.201,13.75,0.415332237527,0.045533860957,0.013748369914780043,0.0,0.05928223087178004,7.006015654594899,57.17934110398554,5000.0
0.5110526315789473,3.201,15.833333,0.472652715154,0.059220167594,0.013748369914780043,0.0,0.07296853750878005,6.477486479664298,57.17934110398554,5000.0
0.5110526315789473,3.201,17.916667,0.521028146399,0.072465769483,0.013748369914780043,0.0,0.08621413939778004,6.04341874822932,57.17934110398554,5000.0
0.5110526315789473,3.201,20.0,0.561623640308,0.085374733824,0.013748369914780043,0.0,0.09912310373878004,5.665920649418441,57.17934110398554,5000.0
0.5736842105263157,3.201,-5.0,-0.149160828981,0.005808511335,0.013491322835888653,0.0,0.019299834170888652,-7.728606767305294,57.17934110398554,5000.0
0.5736842105263157,3.201,-2.916667,-0.085912890806,0.00177263379,0.013491322835888653,0.0,0.015263956625888654,-5.62848106239284,57.17934110398554,5000.0
0.5736842105263157,3.201,-0.833333,-0.023087927693,0.000164046717,0.013491322835888653,0.0,0.013655369552888654,-1.6907581741803526,57.17934110398554,5000.0
0.5736842105263157,3.201,1.25,0.036358621971,0.000362746014,0.013491322835888653,0.0,0.013854068849888653,2.62440026572354,57.17934110398554,5000.0
0.5736842105263157,3.201,3.333333,0.098530330166,0.002608802144,0.013491322835888653,0.0,0.016100124979888653,6.119848776893248,57.17934110398554,5000.0
0.5736842105263157,3.201,5.416667,0.161827827137,0.006953886213,0.013491322835888653,0.0,0.020445209048888652,7.915195523314863,57.17934110398554,5000.0
0.5736842105263157,3.201,7.5,0.224908548365,0.013346824405,0.013491322835888653,0.0,0.026838147240888656,8.380181625292883,57.17934110398554,5000.0
0.5736842105263157,3.201,9.583333,0.287537795551,0.021737950202,0.013491322835888653,0.0,0.035229273037888656,8.161899771299755,57.17934110398554,5000.0
0.5736842105263157,3.201,11.666667,0.349832121183,0.032152102949,0.013491322835888653,0.0,0.045643425784888655,7.664458028012882,57.17934110398554,5000.0
0.5736842105263157,3.201,13.75,0.415718467434,0.045605893078,0.013491322835888653,0.0,0.059097215913888654,7.034484806183576,57.17934110398554,5000.0
0.5736842105263157,3.201,15.833333,0.474475261377,0.05970056349,0.013491322835888653,0.0,0.07319188632588865,6.4826210280247105,57.17934110398554,5000.0
0.5736842105263157,3.201,17.916667,0.52287141039,0.073027566136,0.013491322835888653,0.0,0.08651888897188866,6.043436486567565,57.17934110398554,5000.0
0.5736842105263157,3.201,20.0,0.562672136492,0.085721562624,0.013491322835888653,0.0,0.09921288545988866,5.671361475717647,57.17934110398554,5000.0
0.6363157894736842,3.201,-5.0,-0.150659208095,0.005918979203,0.013266598314751969,0.0,0.01918557751775197,-7.852732499482934,57.17934110398554,5000.0
0.6363157894736842,3.201,-2.916667,-0.086715980108,0.001789854254,0.013266598314751969,0.0,0.015056452568751969,-5.759389850433268,57.17934110398554,5000.0
0.6363157894736842,3.201,-0.833333,-0.023388598373,0.000167965908,0.013266598314751969,0.0,0.01343456422275197,-1.7409272072547375,57.17934110398554,5000.0
0.6363157894736842,3.201,1.25,0.036719345704,0.000369851271,0.013266598314751969,0.0,0.013636449585751968,2.692735046105122,57.17934110398554,5000.0
0.6363157894736842,3.201,3.333333,0.099496490098,0.002659967448,0.013266598314751969,0.0,0.01592656576275197,6.247203043024882,57.17934110398554,5000.0
0.6363157894736842,3.201,5.416667,0.163411396879,0.007090954875,0.013266598314751969,0.0,0.020357553189751968,8.027064714302778,57.17934110398554,5000.0
0.6363157894736842,3.201,7.5,0.227075209563,0.01360793863,0.013266598314751969,0.0,0.02687453694475197,8.449455707081235,57.17934110398554,5000.0
0.6363157894736842,3.201,9.583333,0.290245899867,0.022155561677,0.013266598314751969,0.0,0.03542215999175197,8.19390742785261,57.17934110398554,5000.0
0.6363157894736842,3.201,11.666667,0.352017905267,0.032535830738,0.013266598314751969,0.0,0.045802429052751975,7.685572851640049,57.17934110398554,5000.0
0.6363157894736842,3.201,13.75,0.412640735707,0.044752663754,0.013266598314751969,0.0,0.058019262068751964,7.112133470743334,57.17934110398554,5000.0
0.6363157894736842,3.201,15.833333,0.477974551559,0.060571010995,0.013266598314751969,0.0,0.07383760930975197,6.473321062629155,57.17934110398554,5000.0
0.6363157894736842,3.201,17.916667,0.525720101231,0.073838091923,0.013266598314751969,0.0,0.08710469023775197,6.035497052983584,57.17934110398554,5000.0
0.6363157894736842,3.201,20.0,0.564826996238,0.086447638279,0.013266598314751969,0.0,0.09971423659375196,5.664456907383993,57.17934110398554,5000.0
0.6989473684210525,3.201,-5.0,-0.151685751345,0.005995110246,0.01306747142261809,0.0,0.01906258166861809,-7.957251225562682,57.17934110398554,5000.0
0.6989473684210525,3.201,-2.916667,-0.087165419184,0.00177523601,0.01306747142261809,0.0,0.01484270743261809,-5.872609130086786,57.17934110398554,5000.0
0.6989473684210525,3.201,-0.833333,-0.023630175749,0.000171559827,0.01306747142261809,0.0,0.01323903124961809,-1.7848870739452078,57.17934110398554,5000.0
0.6989473684210525,3.201,1.25,0.036967558309,0.000374921911,0.01306747142261809,0.0,0.01344239333361809,2.750072653844149,57.17934110398554,5000.0
0.6989473684210525,3.201,3.333333,0.10018534215,0.002698742351,0.01306747142261809,0.0,0.01576621377361809,6.35443255993662,57.17934110398554,5000.0
0.6989473684210525,3.201,5.416667,0.164589669181,0.007199266011,0.01306747142261809,0.0,0.02026673743361809,8.121172424525602,57.17934110398554,5000.0
0.6989473684210525,3.201,7.5,0.22871413232,0.01381570108,0.01306747142261809,0.0,0.02688317250261809,8.507706160711727,57.17934110398554,5000.0
0.6989473684210525,3.201,9.583333,0.29227728113,0.022484281574,0.01306747142261809,0.0,0.035551752996618086,8.221177761833665,57.17934110398554,5000.0
0.6989473684210525,3.201,11.666667,0.3542957523,0.032975462331,0.01306747142261809,0.0,0.04604293375361809,7.694899595144915,57.17934110398554,5000.0
0.6989473684210525,3.201,13.75,0.415068939721,0.045292228717,0.01306747142261809,0.0,0.05835970013961809,7.112252782793621,57.17934110398554,5000.0
0.6989473684210525,3.201,15.833333,0.479455709869,0.06091936155,0.01306747142261809,0.0,0.0739868329726181,6.480284269586758,57.17934110398554,5000.0
0.6989473684210525,3.201,17.916667,0.528167595497,0.074542801891,0.01306747142261809,0.0,0.08761027331361809,6.028603444784618,57.17934110398554,5000.0
0.6989473684210525,3.201,20.0,0.566092814972,0.086811908138,0.01306747142261809,0.0,0.09987937956061808,5.6677646323226405,57.17934110398554,5000.0
0.7615789473684209,3.201,-5.0,-0.15293285481,0.006079217162,0.012889073335519342,0.0,0.018968290497519344,-8.06255338771833,57.17934110398554,5000.0
0.7615789473684209,3.201,-2.916667,-0.087718428984,0.001855197215,0.012889073335519342,0.0,0.014744270550519342,-5.949323073219805,57.17934110398554,5000.0
0.7615789473684209,3.201,-0.833333,-0.023966943756,0.000176392194,0.012889073335519342,0.0,0.013065465529519342,-1.8343735017975824,57.17934110398554,5000.0
0.7615789473684209,3.201,1.25,0.037359716304,0.00038289295,0.012889073335519342,0.0,0.013271966285519342,2.8149345394858414,57.17934110398554,5000.0
0.7615789473684209,3.201,3.333333,0.101254442307,0.002757321633,0.012889073335519342,0.0,0.015646394968519342,6.471423130422353,57.17934110398554,5000.0
0.7615789473684209,3.201,5.416667,0.166349628846,0.007357849497,0.012889073335519342,0.0,0.020246922832519342,8.216044987281702,57.17934110398554,5000.0
0.7615789473684209,3.201,7.5,0.231106237582,0.014115650108,0.012889073335519342,0.0,0.02700472344351934,8.5579931253642,57.17934110398554,5000.0
0.7615789473684209,3.201,9.583333,0.29521691604,0.022957942426,0.012889073335519342,0.0,0.035847015761519344,8.235467019179493,57.17934110398554,5000.0
0.7615789473684209,3.201,11.666667,0.357614202157,0.033612723306,0.012889073335519342,0.0,0.04650179664151934,7.690330868586323,57.17934110398554,5000.0
0.7615789473684209,3.201,13.75,0.418635606883,0.046091796995,0.012889073335519342,0.0,0.058980870330519346,7.097820098907207,57.17934110398554,5000.0
0.7615789473684209,3.201,15.833333,0.475691037519,0.059757739132,0.012889073335519342,0.0,0.07264681246751933,6.547996000948882,57.17934110398554,5000.0
0.7615789473684209,3.201,17.916667,0.530582465875,0.075235108504,0.012889073335519342,0.0,0.08812418183951934,6.020849837122233,57.17934110398554,5000.0
0.7615789473684209,3.201,20.0,0.568204800961,0.08749409771,0.012889073335519342,0.0,0.10038317104551933,5.660359152266113,57.17934110398554,5000.0
0.8242105263157894,3.201,-5.0,-0.154935501886,0.006232058181,0.012727772922067851,0.0,0.01895983110306785,-8.171776480695032,57.17934110398554,5000.0
0.8242105263157894,3.201,-2.916667,-0.087742150251,0.001882616602,0.012727772922067851,0.0,0.014610389524067851,-6.005462763772411,57.17934110398554,5000.0
0.8242105263157894,3.201,-0.833333,-0.02415444881,0.000179392804,0.012727772922067851,0.0,0.012907165726067852,-1.8713983629432034,57.17934110398554,5000.0
0.8242105263157894,3.201,1.25,0.037794054885,0.000392310583,0.012727772922067851,0.0,0.013120083505067852,2.880626092844715,57.17934110398554,5000.0
0.8242105263157894,3.201,3.333333,0.10262528529,0.002836329553,0.012727772922067851,0.0,0.015564102475067851,6.593716885017658,57.17934110398554,5000.0
0.8242105263157894,3.201,5.416667,0.168230192491,0.007539266031,0.012727772922067851,0.0,0.02026703895306785,8.30067938787549,57.17934110398554,5000.0
0.8242105263157894,3.201,7.5,0.234328039011,0.014548410058,0.012727772922067851,0.0,0.02727618298006785,8.590939545398852,57.17934110398554,5000.0
0.8242105263157894,3.201,9.583333,0.299208953704,0.023645014163,0.012727772922067851,0.0,0.03637278708506785,8.226176152083614,57.17934110398554,5000.0
0.8242105263157894,3.201,11.666667,0.362164571706,0.034548950921,0.012727772922067851,0.0,0.04727672384306785,7.660525989664234,57.17934110398554,5000.0
0.8242105263157894,3.201,13.75,0.423532738765,0.047272643975,0.012727772922067851,0.0,0.06000041689706785,7.058829932658311,57.17934110398554,5000.0
0.8242105263157894,3.201,15.833333,0.480170389455,0.061009967631,0.012727772922067851,0.0,0.07373774055306785,6.511867408107375,57.17934110398554,5000.0
0.8242105263157894,3.201,17.916667,0.525767580968,0.073676333649,0.012727772922067851,0.0,0.08640410657106785,6.084983710068841,57.17934110398554,5000.0
0.8242105263157894,3.201,20.0,0.560877742805,0.084871822393,0.012727772922067851,0.0,0.09759959531506784,5.746722012467292,57.17934110398554,5000.0
0.8868421052631578,3.201,-5.0,-0.157637409026,0.006420528946,0.012580794554276567,0.011211193891624463,0.03021251739190103,-5.217619140477759,57.17934110398554,5000.0
0.8868421052631578,3.201,-2.916667,-0.089009172812,0.001935515964,0.012580794554276567,0.02362410618577811,0.03814041670405468,-2.333723134245083,57.17934110398554,5000.0
0.8868421052631578,3.201,-0.833333,-0.024668051388,0.000186818004,0.012580794554276567,0.031099333759174817,0.04386694631745138,-0.562338012075995,57.17934110398554,5000.0
0.8868421052631578,3.201,1.25,0.038433738509,0.000405695507,0.012580794554276567,0.03621347064075314,0.04919996070202971,0.7811741708853527,57.17934110398554,5000.0
0.8868421052631578,3.201,3.333333,0.104390151476,0.002936161215,0.012580794554276567,0.04010389844611942,0.05562085421539598,1.876816761420837,57.17934110398554,5000.0
0.8868421052631578,3.201,5.416667,0.17111990064,0.00780846544,0.012580794554276567,0.043049912650709204,0.06343917264498578,2.6973854403431488,57.17934110398554,5000.0
0.8868421052631578,3.201,7.5,0.238304527517,0.015065838706,0.012580794554276567,0.04533258153833062,0.0729792147986072,3.265375328778517,57.17934110398554,5000.0
0.8868421052631578,3.201,9.583333,0.304094913589,0.024462955538,0.012580794554276567,0.04709879997345892,0.08414255006573548,3.614044420467754,57.17934110398554,5000.0
0.8868421052631578,3.201,11.666667,0.367696380707,0.035655227677,0.012580794554276567,0.048483430287411394,0.09671945251868797,3.8016797152150374,57.17934110398554,5000.0
0.8868421052631578,3.201,13.75,0.428748109232,0.048500469343,0.012580794554276567,0.04958657477739565,0.11066783867467223,3.8741888733580607,57.17934110398554,5000.0
0.8868421052631578,3.201,15.833333,0.485826927955,0.062582320474,0.012580794554276567,0.05046149067337586,0.12562460570165243,3.8672911667384406,57.17934110398554,5000.0
0.8868421052631578,3.201,17.916667,0.530645407316,0.075196633227,0.012580794554276567,0.05106242424794698,0.13883985202922355,3.821996347304574,57.17934110398554,5000.0
0.8868421052631578,3.201,20.0,0.564459953472,0.086082477172,0.012580794554276567,0.0514733209178088,0.15013659264408535,3.7596427595110797,57.17934110398554,5000.0
0.9494736842105262,3.201,-5.0,-0.158592297098,0.006525329972,0.012445971949187363,0.03294034934044538,0.051911651261632746,-3.0550424277336288,57.17934110398554,5000.0
0.9494736842105262,3.201,-2.916667,-0.08907524889,0.001954720092,0.012445971949187363,0.038910201765486915,0.05331089380667428,-1.6708639178517803,57.17934110398554,5000.0
0.9494736842105262,3.201,-0.833333,-0.024649519931,0.000188774546,0.012445971949187363,0.042450121461701934,0.0550848679568893,-0.44748259994543854,57.17934110398554,5000.0
0.9494736842105262,3.201,1.25,0.038441314578,0.000409913989,0.012445971949187363,0.044867761359701566,0.057723647297888925,0.6659543597378657,57.17934110398554,5000.0
0.9494736842105262,3.201,3.333333,0.104935333446,0.002993749183,0.012445971949187363,0.04672014510544498,0.06215986623763234,1.6881524977039104,57.17934110398554,5000.0
0.9494736842105262,3.201,5.416667,0.172417065241,0.007997114282,0.012445971949187363,0.04812367344332536,0.06856675967451273,2.5145867481483153,57.17934110398554,5000.0
0.9494736842105262,3.201,7.5,0.239657824163,0.015367743026,0.012445971949187363,0.04919864849715947,0.07701236347234683,3.111939607580736,57.17934110398554,5000.0
0.9494736842105262,3.201,9.583333,0.305992568997,0.024992112656,0.012445971949187363,0.05003615345982873,0.08747423806501609,3.4980878458131643,57.17934110398554,5000.0
0.9494736842105262,3.201,11.666667,0.37080969955,0.03659271707,0.012445971949187363,0.050698291459618496,0.09973698047880586,3.7178757344553577,57.17934110398554,5000.0
0.9494736842105262,3.201,13.75,0.431925831574,0.049661619452,0.012445971949187363,0.05121577250971212,0.11332336391089948,3.8114455542777725,57.17934110398554,5000.0
0.9494736842105262,3.201,15.833333,0.487896966721,0.063671796095,0.012445971949187363,0.05161857936778866,0.12773634741197604,3.8195625333440275,57.17934110398554,5000.0
0.9494736842105262,3.201,17.916667,0.532056231997,0.076153957355,0.012445971949187363,0.051897309612048234,0.1404972389162356,3.786951516635937,57.17934110398554,5000.0
0.9494736842105262,3.201,20.0,0.564617655451,0.086650512703,0.012445971949187363,0.05208403901962618,0.15118052367181356,3.7347248292160042,57.17934110398554,5000.0
1.0121052631578946,3.201,-5.0,-0.16128648952,0.014110739189,0.012321584030689468,0.046784529521748316,0.07321685274143779,-2.202860181515537,57.17934110398554,5000.0
1.0121052631578946,3.201,-2.916667,-0.101764489668,0.005184845698,0.012321584030689468,0.048029556838942306,0.06553598656763177,-1.5528032001621153,57.17934110398554,5000.0
1.0121052631578946,3.201,-0.833333,-0.024613549091,0.000358014732,0.012321584030689468,0.04905199055476781,0.06173158931745728,-0.3987188627920107,57.17934110398554,5000.0
1.0121052631578946,3.201,1.25,0.042805966634,0.000934029505,0.012321584030689468,0.0496427299663863,0.06289834350207577,0.6805579328585548,57.17934110398554,5000.0
1.0121052631578946,3.201,3.333333,0.116043707527,0.006758775572,0.012321584030689468,0.05009828510348723,0.0691786447061767,1.6774498549353467,57.17934110398554,5000.0
1.0121052631578946,3.201,5.416667,0.188943798452,0.017915902706,0.012321584030689468,0.050429753802945454,0.08066724053963492,2.3422618300568323,57.17934110398554,5000.0
1.0121052631578946,3.201,7.5,0.260748414952,0.034328168068,0.012321584030689468,0.05067753928486188,0.09732729138355134,2.67908837537081,57.17934110398554,5000.0
1.0121052631578946,3.201,9.583333,0.330061825623,0.055724658832,0.012321584030689468,0.05086522380731831,0.11891146667000778,2.7756938406870164,57.17934110398554,5000.0
1.0121052631578946,3.201,11.666667,0.394479251542,0.081440954609,0.012321584030689468,0.05100662712257033,0.1447691657622598,2.7248844701489445,57.17934110398554,5000.0
1.0121052631578946,3.201,13.75,0.452360752943,0.110660214642,0.012321584030689468,0.05111301835960824,0.1740948170322977,2.5983585304499845,57.17934110398554,5000.0
1.0121052631578946,3.201,15.833333,0.497752787854,0.141102866258,0.012321584030689468,0.05118550083132338,0.20460995112001285,2.432691006128269,57.17934110398554,5000.0
1.0121052631578946,3.201,17.916667,0.525789760558,0.169887167834,0.012321584030689468,0.05122619498225821,0.2334349468469477,2.2524037966891717,57.17934110398554,5000.0
1.0121052631578946,3.201,20.0,0.536603808483,0.195126691388,0.012321584030689468,0.051241140209959804,0.2586894156286493,2.0743168296197285,57.17934110398554,5000.0
1.074736842105263,3.201,-5.0,-0.17479868173,0.015292903009,0.01220624220056964,0.0530962886327199,0.08059543384228954,-2.1688410049637414,57.17934110398554,5000.0
1.074736842105263,3.201,-2.916667,-0.102317031959,0.005212997484,0.01220624220056964,0.05176179131244886,0.0691810309970185,-1.4789752405310288,57.17934110398554,5000.0
1.074736842105263,3.201,-0.833333,-0.024507703895,0.000356475095,0.01220624220056964,0.05090435652215801,0.06346707381772765,-0.38614831944803635,57.17934110398554,5000.0
1.074736842105263,3.201,1.25,0.043048711345,0.000939326241,0.01220624220056964,0.05041336946052894,0.06355893790209859,0.6773038185645739,57.17934110398554,5000.0
1.074736842105263,3.201,3.333333,0.116876703514,0.006807292096,0.01220624220056964,0.050033020100552175,0.06904655439712182,1.6927231856029004,57.17934110398554,5000.0
1.074736842105263,3.201,5.416667,0.190589612363,0.018071961154,0.01220624220056964,0.04975612414559065,0.08003432750016029,2.3813483328465312,57.17934110398554,5000.0
1.074736842105263,3.201,7.5,0.263128233478,0.034641452762,0.01220624220056964,0.04954979720368786,0.09639749216625751,2.72961700107489,57.17934110398554,5000.0
1.074736842105263,3.201,9.583333,0.33287722322,0.056199744874,0.01220624220056964,0.04939432278510658,0.11780030985967622,2.8257754467413836,57.17934110398554,5000.0
1.074736842105263,3.201,11.666667,0.397512165048,0.082066956756,0.01220624220056964,0.04927756144483908,0.1435507604014087,2.769140086311233,57.17934110398554,5000.0
1.074736842105263,3.201,13.75,0.454786720392,0.111254690527,0.01220624220056964,0.0491908285392387,0.17265176126680834,2.6341273153257494,57.17934110398554,5000.0
1.074736842105263,3.201,15.833333,0.497445352286,0.141023491664,0.01220624220056964,0.04913444116658586,0.2023641750311555,2.4581690519550436,57.17934110398554,5000.0
1.074736842105263,3.201,17.916667,0.520389759788,0.16817717473,0.01220624220056964,0.04910659539089437,0.22949001232146402,2.2675921907183074,57.17934110398554,5000.0
1.074736842105263,3.201,20.0,0.522618610391,0.190130734579,0.01220624220056964,0.04910397559446111,0.25144095237403075,2.07849439582769,57.17934110398554,5000.0
1.1373684210526314,3.201,-5.0,-0.172983722707,0.015134114704,0.012098810918536243,0.0510213820003629,0.07825430762289914,-2.2105329145661075,57.17934110398554,5000.0
1.1373684210526314,3.201,-2.916667,-0.101120224816,0.005152020764,0.012098810918536243,0.04918867747941038,0.06643950916194663,-1.5219893417562576,57.17934110398554,5000.0
1.1373684210526314,3.201,-0.833333,-0.02409686763,0.000350499308,0.012098810918536243,0.048005329431818164,0.0604546396583544,-0.39859418178948625,57.17934110398554,5000.0
1.1373684210526314,3.201,1.25,0.04255215508,0.000928491303,0.012098810918536243,0.047326425103949646,0.06035372732548589,0.7050460172992709,57.17934110398554,5000.0
1.1373684210526314,3.201,3.333333,0.115642217835,0.006735391499,0.012098810918536243,0.04679666666778677,0.06563086908532301,1.7620095459144394,57.17934110398554,5000.0
1.1373684210526314,3.201,5.416667,0.188741802466,0.017896749213,0.012098810918536243,0.04640945888254311,0.07640501901407935,2.470280158312899,57.17934110398554,5000.0
1.1373684210526314,3.201,7.5,0.26068885672,0.034320290353,0.012098810918536243,0.046120442332969046,0.09253954360450528,2.817053624493004,57.17934110398554,5000.0
1.1373684210526314,3.201,9.583333,0.329862312491,0.055690859672,0.012098810918536243,0.045902418474451014,0.11369208906498726,2.901365567330267,57.17934110398554,5000.0
1.1373684210526314,3.201,11.666667,0.39405593306,0.081354369149,0.012098810918536243,0.04573831324657926,0.1391914933141155,2.8310345961353263,57.17934110398554,5000.0
1.1373684210526314,3.201,13.75,0.45054773832,0.110220501152,0.012098810918536243,0.04561712731355545,0.1679364393840917,2.6828467959210496,57.17934110398554,5000.0
1.1373684210526314,3.201,15.833333,0.491546960427,0.139357185081,0.012098810918536243,0.04554015432015437,0.19699615031969062,2.495210995896643,57.17934110398554,5000.0
1.1373684210526314,3.201,17.916667,0.512708347517,0.165704534775,0.012098810918536243,0.04550353269286687,0.2233068783864031,2.2959809891293443,57.17934110398554,5000.0
1.1373684210526314,3.201,20.0,0.51370978956,0.186903689916,0.012098810918536243,0.045501848116965796,0.24450434895150203,2.101025162795348,57.17934110398554,5000.0
1.2,3.201,-5.0,-0.17033313973,0.014902218721,0.01199835049205159,0.04037095282263113,0.06727152203568272,-2.5320244670493777,57.17934110398554,5000.0
1.2,3.201,-2.916667,-0.099506869177,0.00506982126,0.01199835049205159,0.04037095282263113,0.057439124574682726,-1.732388331364983,57.17934110398554,5000.0
1.2,3.201,-0.833333,-0.023656085336,0.0003440879,0.01199835049205159,0.04037095282263113,0.05271339121468272,-0.448768041495514,57.17934110398554,5000.0
1.2,3.201,1.25,0.04194263304,0.000915191519,0.01199835049205159,0.04037095282263113,0.05328449483368272,0.7871451755508961,57.17934110398554,5000.0
1.2,3.201,3.333333,0.114055895602,0.006642998718,0.01199835049205159,0.04037095282263113,0.05901230203268272,1.932747777553781,57.17934110398554,5000.0
1.2,3.201,5.416667,0.18630015545,0.017665228986,0.01199835049205159,0.04037095282263113,0.07003453230068271,2.6601185062555763,57.17934110398554,5000.0
1.2,3.201,7.5,0.257454447762,0.033894472101,0.01199835049205159,0.04037095282263113,0.08626377541568273,2.9845024347867213,57.17934110398554,5000.0
1.2,3.201,9.583333,0.325992507417,0.055037711558,0.01199835049205159,0.04037095282263113,0.10740701487268273,3.0351137474905374,57.17934110398554,5000.0
1.2,3.201,11.666667,0.389935823745,0.080505649728,0.01199835049205159,0.04037095282263113,0.1328749530426827,2.934607424619319,57.17934110398554,5000.0
1.2,3.201,13.75,0.445980463525,0.109107766409,0.01199835049205159,0.04037095282263113,0.1614770697236827,2.761881078769608,57.17934110398554,5000.0
1.2,3.201,15.833333,0.486350199285,0.137891414203,0.01199835049205159,0.04037095282263113,0.1902607175176827,2.5562302383296696,57.17934110398554,5000.0
1.2,3.201,17.916667,0.507140106122,0.16391340932,0.01199835049205159,0.04037095282263113,0.21628271263468274,2.3448018565339366,57.17934110398554,5000.0
1.2,3.201,20.0,0.508120333408,0.18487753468,0.01199835049205159,0.04037095282263113,0.2372468379946827,2.141737009870657,57.17934110398554,5000.0
0.01,3.201,-5.0,-0.143769845682,0.00541010167,0.02912176577238494,0.0,0.03453186744238494,-4.163396199810923,57.17934110398554,6000.0
0.01,3.201,-2.916667,-0.082993533372,0.001676633787,0.02912176577238494,0.0,0.030798399559384942,-2.694735264148168,57.17934110398554,6000.0
0.01,3.201,-0.833333,-0.022135019161,0.000150594394,0.02912176577238494,0.0,0.02927236016638494,-0.7561747339532553,57.17934110398554,6000.0
0.01,3.201,1.25,0.035050573776,0.000337258693,0.02912176577238494,0.0,0.029459024465384943,1.1898076875283248,57.17934110398554,6000.0
0.01,3.201,3.333333,0.095017554368,0.002425190355,0.02912176577238494,0.0,0.031546956127384944,3.011940485932276,57.17934110398554,6000.0
0.01,3.201,5.416667,0.156089626199,0.006465084796,0.02912176577238494,0.0,0.03558685056838494,4.386160160451757,57.17934110398554,6000.0
0.01,3.201,7.5,0.217099263575,0.01242245198,0.02912176577238494,0.0,0.04154421775238494,5.225739593148,57.17934110398554,6000.0
0.01,3.201,9.583333,0.277820685904,0.020265615907,0.02912176577238494,0.0,0.049387381679384945,5.625337413260088,57.17934110398554,6000.0
0.01,3.201,11.666667,0.344181623435,0.031254952444,0.02912176577238494,0.0,0.06037671821638494,5.700568590056233,57.17934110398554,6000.0
0.01,3.201,13.75,0.404693263142,0.04329420396,0.02912176577238494,0.0,0.07241596973238494,5.5884532740161355,57.17934110398554,6000.0
0.01,3.201,15.833333,0.461859165835,0.056604918712,0.02912176577238494,0.0,0.08572668448438495,5.387577609153044,57.17934110398554,6000.0
0.01,3.201,17.916667,0.513246349725,0.0704158324,0.02912176577238494,0.0,0.09953759817238494,5.156306352059354,57.17934110398554,6000.0
0.01,3.201,20.0,0.556008149009,0.08370013044,0.02912176577238494,0.0,0.11282189621238495,4.928193619103209,57.17934110398554,6000.0
0.07263157894736841,3.201,-5.0,-0.143846817824,0.005415709882,0.01945415668488865,0.0,0.02486986656688865,-5.783980281402691,57.17934110398554,6000.0
0.07263157894736841,3.201,-2.916667,-0.083035199327,0.001677892194,0.01945415668488865,0.0,0.02113204887888865,-3.9293491985982425,57.17934110398554,6000.0
0.07263157894736841,3.201,-0.833333,-0.022147921265,0.000150767047,0.01945415668488865,0.0,0.01960492373188865,-1.1297121869938724,57.17934110398554,6000.0
0.07263157894736841,3.201,1.25,0.035069082898,0.000337611573,0.01945415668488865,0.0,0.01979176825788865,1.7719024617227965,57.17934110398554,6000.0
0.07263157894736841,3.201,3.333333,0.095067910098,0.002427780803,0.01945415668488865,0.0,0.02188193748788865,4.344583753180849,57.17934110398554,6000.0
0.07263157894736841,3.201,5.416667,0.156172115648,0.006471974981,0.01945415668488865,0.0,0.025926131665888648,6.023733801116103,57.17934110398554,6000.0
0.07263157894736841,3.201,7.5,0.21721187601,0.012435503319,0.01945415668488865,0.0,0.031889660003888654,6.811357536690983,57.17934110398554,6000.0
0.07263157894736841,3.201,9.583333,0.277959676509,0.020286123728,0.01945415668488865,0.0,0.03974028041288865,6.994406522075057,57.17934110398554,6000.0
0.07263157894736841,3.201,11.666667,0.344345497394,0.031284316892,0.01945415668488865,0.0,0.050738473576888654,6.786674354169953,57.17934110398554,6000.0
0.07263157894736841,3.201,13.75,0.404871541962,0.043332005764,0.01945415668488865,0.0,0.06278616244888865,6.448419941122973,57.17934110398554,6000.0
0.07263157894736841,3.201,15.833333,0.462044547368,0.056649542858,0.01945415668488865,0.0,0.07610369954288865,6.071249494350959,57.17934110398554,6000.0
0.07263157894736841,3.201,17.916667,0.513395736054,0.070456228024,0.01945415668488865,0.0,0.08991038470888865,5.710082742013283,57.17934110398554,6000.0
0.07263157894736841,3.201,20.0,0.555906281155,0.0836567098,0.01945415668488865,0.0,0.10311086648488865,5.391345258809075,57.17934110398554,6000.0
0.13526315789473684,3.201,-5.0,-0.144144951151,0.005437425554,0.017353379399462927,0.0,0.022790804953462925,-6.324697677213813,57.17934110398554,6000.0
0.13526315789473684,3.201,-2.916667,-0.083206763861,0.001683829709,0.017353379399462927,0.0,0.019037209108462926,-4.370743809501505,57.17934110398554,6000.0
0.13526315789473684,3.201,-0.833333,-0.022195723117,0.00015138596,0.017353379399462927,0.0,0.017504765359462927,-1.2679817558937563,57.17934110398554,6000.0
0.13526315789473684,3.201,1.25,0.035143488132,0.000339011197,0.017353379399462927,0.0,0.017692390596462926,1.9863617604636148,57.17934110398554,6000.0
0.13526315789473684,3.201,3.333333,0.095267286228,0.00243780653,0.017353379399462927,0.0,0.019791185929462926,4.813621910659563,57.17934110398554,6000.0
0.13526315789473684,3.201,5.416667,0.156496463431,0.006498554086,0.017353379399462927,0.0,0.023851933485462926,6.561164675659528,57.17934110398554,6000.0
0.13526315789473684,3.201,7.5,0.217655122943,0.012485935742,0.017353379399462927,0.0,0.029839315141462926,7.294239894955211,57.17934110398554,6000.0
0.13526315789473684,3.201,9.583333,0.27851570507,0.020366558873,0.017353379399462927,0.0,0.03771993827246292,7.383779449960758,57.17934110398554,6000.0
0.13526315789473684,3.201,11.666667,0.345012836642,0.031401646436,0.017353379399462927,0.0,0.04875502583546293,7.076456851983619,57.17934110398554,6000.0
0.13526315789473684,3.201,13.75,0.405623648656,0.043487267738,0.017353379399462927,0.0,0.06084064713746293,6.666984454316155,57.17934110398554,6000.0
0.13526315789473684,3.201,15.833333,0.462862156312,0.056843264797,0.017353379399462927,0.0,0.07419664419646292,6.23831658863711,57.17934110398554,6000.0
0.13526315789473684,3.201,17.916667,0.514085554888,0.070632361783,0.017353379399462927,0.0,0.08798574118246293,5.84282803075899,57.17934110398554,6000.0
0.13526315789473684,3.201,20.0,0.556230494568,0.0837387333,0.017353379399462927,0.0,0.10109211269946293,5.502214561699976,57.17934110398554,6000.0
0.19789473684210523,3.201,-5.0,-0.144439739446,0.005460333309,0.01622133844786508,0.0,0.02168167175686508,-6.66183590756861,57.17934110398554,6000.0
0.19789473684210523,3.201,-2.916667,-0.083370958599,0.00169117465,0.01622133844786508,0.0,0.01791251309786508,-4.654341808070284,57.17934110398554,6000.0
0.19789473684210523,3.201,-0.833333,-0.022239280174,0.000152017872,0.01622133844786508,0.0,0.01637335631986508,-1.3582603187483342,57.17934110398554,6000.0
0.19789473684210523,3.201,1.25,0.035216346674,0.000340436896,0.01622133844786508,0.0,0.01656177534386508,2.1263630222496084,57.17934110398554,6000.0
0.19789473684210523,3.201,3.333333,0.095462092103,0.002447655008,0.01622133844786508,0.0,0.01866899345586508,5.113403265616844,57.17934110398554,6000.0
0.19789473684210523,3.201,5.416667,0.156813306015,0.006524305506,0.01622133844786508,0.0,0.02274564395386508,6.8942126383875495,57.17934110398554,6000.0
0.19789473684210523,3.201,7.5,0.218086903688,0.012534703591,0.01622133844786508,0.0,0.02875604203886508,7.584037587413656,57.17934110398554,6000.0
0.19789473684210523,3.201,9.583333,0.279054432285,0.020444803408,0.01622133844786508,0.0,0.03666614185586508,7.610684357846139,57.17934110398554,6000.0
0.19789473684210523,3.201,11.666667,0.345642661439,0.031514698299,0.01622133844786508,0.0,0.04773603674686508,7.2407071259785525,57.17934110398554,6000.0
0.19789473684210523,3.201,13.75,0.406313639365,0.043628718326,0.01622133844786508,0.0,0.05985005677386508,6.788859714873759,57.17934110398554,6000.0
0.19789473684210523,3.201,15.833333,0.463567461439,0.057007316101,0.01622133844786508,0.0,0.07322865454886508,6.330410742828328,57.17934110398554,6000.0
0.19789473684210523,3.201,17.916667,0.514624075635,0.070762207167,0.01622133844786508,0.0,0.08698354561486508,5.91633822232987,57.17934110398554,6000.0
0.19789473684210523,3.201,20.0,0.556599706234,0.083837948072,0.01622133844786508,0.0,0.10005928651986508,5.562699131614301,57.17934110398554,6000.0
0.26052631578947366,3.201,-5.0,-0.144883554158,0.005493312409,0.015466499926305347,0.0,0.020959812335305347,-6.912445199423552,57.17934110398554,6000.0
0.26052631578947366,3.201,-2.916667,-0.083608787107,0.001697787304,0.015466499926305347,0.0,0.017164287230305348,-4.871089954692667,57.17934110398554,6000.0
0.26052631578947366,3.201,-0.833333,-0.022313367526,0.000153012713,0.015466499926305347,0.0,0.015619512639305347,-1.4285572182226778,57.17934110398554,6000.0
0.26052631578947366,3.201,1.25,0.035322980124,0.000342484021,0.015466499926305347,0.0,0.015808983947305347,2.234361186129285,57.17934110398554,6000.0
0.26052631578947366,3.201,3.333333,0.095751908832,0.002462574937,0.015466499926305347,0.0,0.017929074863305347,5.340593954904569,57.17934110398554,6000.0
0.26052631578947366,3.201,5.416667,0.157288415986,0.006564187271,0.015466499926305347,0.0,0.022030687197305346,7.139514740386242,57.17934110398554,6000.0
0.26052631578947366,3.201,7.5,0.218733817042,0.012610096741,0.015466499926305347,0.0,0.028076596667305345,7.790610081196604,57.17934110398554,6000.0
0.26052631578947366,3.201,9.583333,0.279855780665,0.020564208909,0.015466499926305347,0.0,0.03603070883530535,7.7671461292701025,57.17934110398554,6000.0
0.26052631578947366,3.201,11.666667,0.346586057901,0.031685668772,0.015466499926305347,0.0,0.047152168698305345,7.350373640681693,57.17934110398554,6000.0
0.26052631578947366,3.201,13.75,0.407342823158,0.043843949381,0.015466499926305347,0.0,0.05931044930730535,6.867977361753471,57.17934110398554,6000.0
0.26052631578947366,3.201,15.833333,0.46462549048,0.057263716807,0.015466499926305347,0.0,0.07273021673330535,6.3883418934902485,57.17934110398554,6000.0
0.26052631578947366,3.201,17.916667,0.515466091171,0.070990841956,0.015466499926305347,0.0,0.08645734188230535,5.9620858095857905,57.17934110398554,6000.0
0.26052631578947366,3.201,20.0,0.556812924554,0.083881015377,0.015466499926305347,0.0,0.09934751530330535,5.604699049131373,57.17934110398554,6000.0
0.3231578947368421,3.201,-5.0,-0.14546135336,0.005535858762,0.01490891420552114,0.0,0.02044477296752114,-7.114843172437375,57.17934110398554,6000.0
0.3231578947368421,3.201,-2.916667,-0.083916993413,0.001707284535,0.01490891420552114,0.0,0.01661619874052114,-5.0503123321675005,57.17934110398554,6000.0
0.3231578947368421,3.201,-0.833333,-0.022412623778,0.000154355875,0.01490891420552114,0.0,0.01506327008052114,-1.4878989527634225,57.17934110398554,6000.0
0.3231578947368421,3.201,1.25,0.035461949444,0.000345161315,0.01490891420552114,0.0,0.01525407552052114,2.324752450339808,57.17934110398554,6000.0
0.3231578947368421,3.201,3.333333,0.096129285453,0.002482067248,0.01490891420552114,0.0,0.01739098145352114,5.527536540126478,57.17934110398554,6000.0
0.3231578947368421,3.201,5.416667,0.157907546488,0.006616379091,0.01490891420552114,0.0,0.021525293296521142,7.3359068474816365,57.17934110398554,6000.0
0.3231578947368421,3.201,7.5,0.219576973984,0.01270750678,0.01490891420552114,0.0,0.02761642098552114,7.950956936060643,57.17934110398554,6000.0
0.3231578947368421,3.201,9.583333,0.28090689026,0.020721094642,0.01490891420552114,0.0,0.03563000884752114,7.883997207582599,57.17934110398554,6000.0
0.3231578947368421,3.201,11.666667,0.347811274547,0.031907397496,0.01490891420552114,0.0,0.046816311701521146,7.4292754364009195,57.17934110398554,6000.0
0.3231578947368421,3.201,13.75,0.408682513679,0.044126429361,0.01490891420552114,0.0,0.05903534356652114,6.922675282112921,57.17934110398554,6000.0
0.3231578947368421,3.201,15.833333,0.465978074943,0.057594099925,0.01490891420552114,0.0,0.07250301413052114,6.42701659415343,57.17934110398554,6000.0
0.3231578947368421,3.201,17.916667,0.516567022646,0.071278335779,0.01490891420552114,0.0,0.08618724998452114,5.993543392308876,57.17934110398554,6000.0
0.3231578947368421,3.201,20.0,0.557602874466,0.084122592,0.01490891420552114,0.0,0.09903150620552113,5.6305603724616775,57.17934110398554,6000.0
0.38578947368421046,3.201,-5.0,-0.146282824113,0.005595503585,0.014471217287562302,0.0,0.020066720872562303,-7.2898220412790975,57.17934110398554,6000.0
0.38578947368421046,3.201,-2.916667,-0.084366677165,0.001720809926,0.014471217287562302,0.0,0.0161920272135623,-5.210383854489524,57.17934110398554,6000.0
0.38578947368421046,3.201,-0.833333,-0.022552680281,0.000156228657,0.014471217287562302,0.0,0.014627445944562303,-1.5418057510842398,57.17934110398554,6000.0
0.38578947368421046,3.201,1.25,0.035662529513,0.000348963599,0.014471217287562302,0.0,0.014820180886562302,2.4063491387838454,57.17934110398554,6000.0
0.38578947368421046,3.201,3.333333,0.096665996558,0.002509349012,0.014471217287562302,0.0,0.0169805662995623,5.692742800956627,57.17934110398554,6000.0
0.38578947368421046,3.201,5.416667,0.158786302066,0.006689300144,0.014471217287562302,0.0,0.021160517431562303,7.503895052639866,57.17934110398554,6000.0
0.38578947368421046,3.201,7.5,0.220774889678,0.012845395693,0.014471217287562302,0.0,0.027316612980562302,8.082074078330901,57.17934110398554,6000.0
0.38578947368421046,3.201,9.583333,0.282403250866,0.020941772865,0.014471217287562302,0.0,0.0354129901525623,7.974566667468117,57.17934110398554,6000.0
0.38578947368421046,3.201,11.666667,0.343980927054,0.031065564918,0.014471217287562302,0.0,0.0455367822055623,7.553913789981912,57.17934110398554,6000.0
0.38578947368421046,3.201,13.75,0.410643865073,0.044533440798,0.014471217287562302,0.0,0.0590046580855623,6.9595160517247265,57.17934110398554,6000.0
0.38578947368421046,3.201,15.833333,0.467983652316,0.058073005369,0.014471217287562302,0.0,0.0725442226565623,6.451012019682405,57.17934110398554,6000.0
0.38578947368421046,3.201,17.916667,0.517283351749,0.071440497317,0.014471217287562302,0.0,0.0859117146045623,6.021103805574961,57.17934110398554,6000.0
0.38578947368421046,3.201,20.0,0.558885284582,0.08453303607,0.014471217287562302,0.0,0.0990042533575623,5.6450633748384345,57.17934110398554,6000.0
0.4484210526315789,3.201,-5.0,-0.14720622549,0.005667443288,0.014113466639150607,0.0,0.019780909927150606,-7.441832859667883,57.17934110398554,6000.0
0.4484210526315789,3.201,-2.916667,-0.084808797395,0.001726925779,0.014113466639150607,0.0,0.015840392418150606,-5.3539581063548916,57.17934110398554,6000.0
0.4484210526315789,3.201,-0.833333,-0.022703346444,0.0001586369,0.014113466639150607,0.0,0.014272103539150607,-1.5907498415858023,57.17934110398554,6000.0
0.4484210526315789,3.201,1.25,0.035878583318,0.000353336274,0.014113466639150607,0.0,0.014466802913150608,2.4800630473361647,57.17934110398554,6000.0
0.4484210526315789,3.201,3.333333,0.097256497513,0.00254137903,0.014113466639150607,0.0,0.016654845669150608,5.8395315960895395,57.17934110398554,6000.0
0.4484210526315789,3.201,5.416667,0.159781212049,0.006777037671,0.014113466639150607,0.0,0.020890504310150607,7.648509087038315,57.17934110398554,6000.0
0.4484210526315789,3.201,7.5,0.222137424669,0.013011723462,0.014113466639150607,0.0,0.02712519010115061,8.18934075081661,57.17934110398554,6000.0
0.4484210526315789,3.201,9.583333,0.284100999511,0.021205985717,0.014113466639150607,0.0,0.03531945235615061,8.043754377791931,57.17934110398554,6000.0
0.4484210526315789,3.201,11.666667,0.345827596879,0.031402641906,0.014113466639150607,0.0,0.045516108545150605,7.59791660431492,57.17934110398554,6000.0
0.4484210526315789,3.201,13.75,0.412700990492,0.044976254642,0.014113466639150607,0.0,0.05908972128115061,6.984311002726797,57.17934110398554,6000.0
0.4484210526315789,3.201,15.833333,0.470018328446,0.058575993876,0.014113466639150607,0.0,0.07268946051515061,6.466113864581983,57.17934110398554,6000.0
0.4484210526315789,3.201,17.916667,0.518881007248,0.071880480587,0.014113466639150607,0.0,0.08599394722615061,6.033924758488225,57.17934110398554,6000.0
0.4484210526315789,3.201,20.0,0.560029780529,0.084896768933,0.014113466639150607,0.0,0.0990102355721506,5.656281669190615,57.17934110398554,6000.0
0.5110526315789473,3.201,-5.0,-0.148335964713,0.005750952507,0.01381250781795858,0.0,0.01956346032495858,-7.582296907043416,57.17934110398554,6000.0
0.5110526315789473,3.201,-2.916667,-0.085428978494,0.001747109102,0.01381250781795858,0.0,0.01555961691995858,-5.490429419532741,57.17934110398554,6000.0
0.5110526315789473,3.201,-0.833333,-0.022904859362,0.000161367999,0.01381250781795858,0.0,0.013973875816958579,-1.6391200023548838,57.17934110398554,6000.0
0.5110526315789473,3.201,1.25,0.036155403011,0.000358732965,0.01381250781795858,0.0,0.01417124078295858,2.551322327010219,57.17934110398554,6000.0
0.5110526315789473,3.201,3.333333,0.097980829938,0.002579352939,0.01381250781795858,0.0,0.01639186075695858,5.977407409125638,57.17934110398554,6000.0
0.5110526315789473,3.201,5.416667,0.160955823497,0.006877083566,0.01381250781795858,0.0,0.02068959138395858,7.779555454236525,57.17934110398554,6000.0
0.5110526315789473,3.201,7.5,0.223739036062,0.013201900978,0.01381250781795858,0.0,0.02701440879595858,8.28221108786478,57.17934110398554,6000.0
0.5110526315789473,3.201,9.583333,0.286100360579,0.02150735194,0.01381250781795858,0.0,0.03531985975795858,8.100268872515366,57.17934110398554,6000.0
0.5110526315789473,3.201,11.666667,0.348138342168,0.03182317281,0.01381250781795858,0.0,0.04563568062795858,7.628643582774001,57.17934110398554,6000.0
0.5110526315789473,3.201,13.75,0.415332237527,0.045533860957,0.01381250781795858,0.0,0.05934636877495858,6.9984439840277295,57.17934110398554,6000.0
0.5110526315789473,3.201,15.833333,0.472652715154,0.059220167594,0.01381250781795858,0.0,0.07303267541195858,6.471797897145179,57.17934110398554,6000.0
0.5110526315789473,3.201,17.916667,0.521028146399,0.072465769483,0.01381250781795858,0.0,0.08627827730095858,6.0389261665660445,57.17934110398554,6000.0
0.5110526315789473,3.201,20.0,0.561623640308,0.085374733824,0.01381250781795858,0.0,0.09918724164195858,5.662256869036872,57.17934110398554,6000.0
0.5736842105263157,3.201,-5.0,-0.149160828981,0.005808511335,0.013553792607172762,0.0,0.01936230394217276,-7.70367149624766,57.17934110398554,6000.0
0.5736842105263157,3.201,-2.916667,-0.085912890806,0.00177263379,0.013553792607172762,0.0,0.015326426397172762,-5.605539646335834,57.17934110398554,6000.0
0.5736842105263157,3.201,-0.833333,-0.023087927693,0.000164046717,0.013553792607172762,0.0,0.013717839324172762,-1.6830586178623497,57.17934110398554,6000.0
0.5736842105263157,3.201,1.25,0.036358621971,0.000362746014,0.013553792607172762,0.0,0.013916538621172762,2.6126196291140693,57.17934110398554,6000.0
0.5736842105263157,3.201,3.333333,0.098530330166,0.002608802144,0.013553792607172762,0.0,0.016162594751172762,6.096195053015892,57.17934110398554,6000.0
0.5736842105263157,3.201,5.416667,0.161827827137,0.006953886213,0.013553792607172762,0.0,0.02050767882017276,7.891084532580793,57.17934110398554,6000.0
0.5736842105263157,3.201,7.5,0.224908548365,0.013346824405,0.013553792607172762,0.0,0.026900617012172764,8.360720806635287,57.17934110398554,6000.0
0.5736842105263157,3.201,9.583333,0.287537795551,0.021737950202,0.013553792607172762,0.0,0.03529174280917276,8.147452425508027,57.17934110398554,6000.0
0.5736842105263157,3.201,11.666667,0.349832121183,0.032152102949,0.013553792607172762,0.0,0.04570589555617276,7.653982422312559,57.17934110398554,6000.0
0.5736842105263157,3.201,13.75,0.415718467434,0.045605893078,0.013553792607172762,0.0,0.059159685685172755,7.027056729920928,57.17934110398554,6000.0
0.5736842105263157,3.201,15.833333,0.474475261377,0.05970056349,0.013553792607172762,0.0,0.07325435609717276,6.477092785412011,57.17934110398554,6000.0
0.5736842105263157,3.201,17.916667,0.52287141039,0.073027566136,0.013553792607172762,0.0,0.08658135874317277,6.039076054939252,57.17934110398554,6000.0
0.5736842105263157,3.201,20.0,0.562672136492,0.085721562624,0.013553792607172762,0.0,0.09927535523117277,5.667792728434571,57.17934110398554,6000.0
0.6363157894736842,3.201,-5.0,-0.150659208095,0.005918979203,0.013327620064839984,0.0,0.019246599267839982,-7.82783524499018,57.17934110398554,6000.0
0.6363157894736842,3.201,-2.916667,-0.086715980108,0.001789854254,0.013327620064839984,0.0,0.015117474318839984,-5.736142048538569,57.17934110398554,6000.0
0.6363157894736842,3.201,-0.833333,-0.023388598373,0.000167965908,0.013327620064839984,0.0,0.013495585972839985,-1.733055416791076,57.17934110398554,6000.0
0.6363157894736842,3.201,1.25,0.036719345704,0.000369851271,0.013327620064839984,0.0,0.013697471335839984,2.680739006762683,57.17934110398554,6000.0
0.6363157894736842,3.201,3.333333,0.099496490098,0.002659967448,0.013327620064839984,0.0,0.015987587512839983,6.223358591037715,57.17934110398554,6000.0
0.6363157894736842,3.201,5.416667,0.163411396879,0.007090954875,0.013327620064839984,0.0,0.020418574939839985,8.003075501618753,57.17934110398554,6000.0
0.6363157894736842,3.201,7.5,0.227075209563,0.01360793863,0.013327620064839984,0.0,0.026935558694839982,8.43031370299739,57.17934110398554,6000.0
0.6363157894736842,3.201,9.583333,0.290245899867,0.022155561677,0.013327620064839984,0.0,0.03548318174183998,8.179816059864685,57.17934110398554,6000.0
0.6363157894736842,3.201,11.666667,0.352017905267,0.032535830738,0.013327620064839984,0.0,0.04586345080283999,7.675347125105599,57.17934110398554,6000.0
0.6363157894736842,3.201,13.75,0.412640735707,0.044752663754,0.013327620064839984,0.0,0.058080283818839985,7.104661144461355,57.17934110398554,6000.0
0.6363157894736842,3.201,15.833333,0.477974551559,0.060571010995,0.013327620064839984,0.0,0.07389863105983999,6.467975721660614,57.17934110398554,6000.0
0.6363157894736842,3.201,17.916667,0.525720101231,0.073838091923,0.013327620064839984,0.0,0.08716571198783998,6.031271806789582,57.17934110398554,6000.0
0.6363157894736842,3.201,20.0,0.564826996238,0.086447638279,0.013327620064839984,0.0,0.09977525834383998,5.6609925708388,57.17934110398554,6000.0
0.6989473684210525,3.201,-5.0,-0.151685751345,0.005995110246,0.013127218239940475,0.0,0.019122328485940476,-7.932389167800649,57.17934110398554,6000.0
0.6989473684210525,3.201,-2.916667,-0.087165419184,0.00177523601,0.013127218239940475,0.0,0.014902454249940475,-5.849064705858646,57.17934110398554,6000.0
0.6989473684210525,3.201,-0.833333,-0.023630175749,0.000171559827,0.013127218239940475,0.0,0.013298778066940475,-1.776868192705796,57.17934110398554,6000.0
0.6989473684210525,3.201,1.25,0.036967558309,0.000374921911,0.013127218239940475,0.0,0.013502140150940475,2.737903613481976,57.17934110398554,6000.0
0.6989473684210525,3.201,3.333333,0.10018534215,0.002698742351,0.013127218239940475,0.0,0.015825960590940474,6.330443044787487,57.17934110398554,6000.0
0.6989473684210525,3.201,5.416667,0.164589669181,0.007199266011,0.013127218239940475,0.0,0.020326484250940476,8.097301390100684,57.17934110398554,6000.0
0.6989473684210525,3.201,7.5,0.22871413232,0.01381570108,0.013127218239940475,0.0,0.026942919319940473,8.488840040089068,57.17934110398554,6000.0
0.6989473684210525,3.201,9.583333,0.29227728113,0.022484281574,0.013127218239940475,0.0,0.035611499813940475,8.20738476775935,57.17934110398554,6000.0
0.6989473684210525,3.201,11.666667,0.3542957523,0.032975462331,0.013127218239940475,0.0,0.046102680570940476,7.684927381930159,57.17934110398554,6000.0
0.6989473684210525,3.201,13.75,0.415068939721,0.045292228717,0.013127218239940475,0.0,0.05841944695694047,7.104978929823438,57.17934110398554,6000.0
0.6989473684210525,3.201,15.833333,0.479455709869,0.06091936155,0.013127218239940475,0.0,0.07404657978994048,6.475055447924091,57.17934110398554,6000.0
0.6989473684210525,3.201,17.916667,0.528167595497,0.074542801891,0.013127218239940475,0.0,0.08767002013094048,6.024494972262464,57.17934110398554,6000.0
0.6989473684210525,3.201,20.0,0.566092814972,0.086811908138,0.013127218239940475,0.0,0.09993912637794047,5.6643762607169785,57.17934110398554,6000.0
0.7615789473684209,3.201,-5.0,-0.15293285481,0.006079217162,0.012947684499683691,0.0,0.019026901661683693,-8.037717203215257,57.17934110398554,6000.0
0.7615789473684209,3.201,-2.916667,-0.087718428984,0.001855197215,0.012947684499683691,0.0,0.014802881714683691,-5.925767068515305,57.17934110398554,6000.0
0.7615789473684209,3.201,-0.833333,-0.023966943756,0.000176392194,0.012947684499683691,0.0,0.01312407669368369,-1.826181324247726,57.17934110398554,6000.0
0.7615789473684209,3.201,1.25,0.037359716304,0.00038289295,0.012947684499683691,0.0,0.013330577449683691,2.8025579870800326,57.17934110398554,6000.0
0.7615789473684209,3.201,3.333333,0.101254442307,0.002757321633,0.012947684499683691,0.0,0.01570500613268369,6.44727174580845,57.17934110398554,6000.0
0.7615789473684209,3.201,5.416667,0.166349628846,0.007357849497,0.012947684499683691,0.0,0.02030553399668369,8.19232968082338,57.17934110398554,6000.0
0.7615789473684209,3.201,7.5,0.231106237582,0.014115650108,0.012947684499683691,0.0,0.02706333460768369,8.539459047902598,57.17934110398554,6000.0
0.7615789473684209,3.201,9.583333,0.29521691604,0.022957942426,0.012947684499683691,0.0,0.03590562692568369,8.222023713749113,57.17934110398554,6000.0
0.7615789473684209,3.201,11.666667,0.357614202157,0.033612723306,0.012947684499683691,0.0,0.04656040780568369,7.680650127668031,57.17934110398554,6000.0
0.7615789473684209,3.201,13.75,0.418635606883,0.046091796995,0.012947684499683691,0.0,0.059039481494683695,7.090773771797043,57.17934110398554,6000.0
0.7615789473684209,3.201,15.833333,0.475691037519,0.059757739132,0.012947684499683691,0.0,0.0727054236316837,6.542717362170799,57.17934110398554,6000.0
0.7615789473684209,3.201,17.916667,0.530582465875,0.075235108504,0.012947684499683691,0.0,0.0881827930036837,6.016848047133592,57.17934110398554,6000.0
0.7615789473684209,3.201,20.0,0.568204800961,0.08749409771,0.012947684499683691,0.0,0.1004417822096837,5.657056141982901,57.17934110398554,6000.0
0.8242105263157894,3.201,-5.0,-0.154935501886,0.006232058181,0.01278536265532693,0.0,0.01901742083632693,-8.147030200333127,57.17934110398554,6000.0
0.8242105263157894,3.201,-2.916667,-0.087742150251,0.001882616602,0.01278536265532693,0.0,0.01466797925732693,-5.981883987678205,57.17934110398554,6000.0
0.8242105263157894,3.201,-0.833333,-0.02415444881,0.000179392804,0.01278536265532693,0.0,0.01296475545932693,-1.8630855696258528,57.17934110398554,6000.0
0.8242105263157894,3.201,1.25,0.037794054885,0.000392310583,0.01278536265532693,0.0,0.01317767323832693,2.8680370351783306,57.17934110398554,6000.0
0.8242105263157894,3.201,3.333333,0.10262528529,0.002836329553,0.01278536265532693,0.0,0.01562169220832693,6.5694089936874445,57.17934110398554,6000.0
0.8242105263157894,3.201,5.416667,0.168230192491,0.007539266031,0.01278536265532693,0.0,0.02032462868632693,8.277159454537744,57.17934110398554,6000.0
0.8242105263157894,3.201,7.5,0.234328039011,0.014548410058,0.01278536265532693,0.0,0.02733377271332693,8.572839229644664,57.17934110398554,6000.0
0.8242105263157894,3.201,9.583333,0.299208953704,0.023645014163,0.01278536265532693,0.0,0.036430376818326934,8.213172078787771,57.17934110398554,6000.0
0.8242105263157894,3.201,11.666667,0.362164571706,0.034548950921,0.01278536265532693,0.0,0.047334313576326933,7.65120573940524,57.17934110398554,6000.0
0.8242105263157894,3.201,13.75,0.423532738765,0.047272643975,0.01278536265532693,0.0,0.06005800663032693,7.052061207624774,57.17934110398554,6000.0
0.8242105263157894,3.201,15.833333,0.480170389455,0.061009967631,0.01278536265532693,0.0,0.07379533028632693,6.506785559356291,57.17934110398554,6000.0
0.8242105263157894,3.201,17.916667,0.525767580968,0.073676333649,0.01278536265532693,0.0,0.08646169630432693,6.080930671512725,57.17934110398554,6000.0
0.8242105263157894,3.201,20.0,0.560877742805,0.084871822393,0.01278536265532693,0.0,0.09765718504832692,5.74333309451263,57.17934110398554,6000.0
0.8868421052631578,3.201,-5.0,-0.157637409026,0.006420528946,0.012637458033651362,0.011211193891624463,0.030269180871275825,-5.207851831087747,57.17934110398554,6000.0
0.8868421052631578,3.201,-2.916667,-0.089009172812,0.001935515964,0.012637458033651362,0.02362410618577811,0.038197080183429474,-2.330261171392196,57.17934110398554,6000.0
0.8868421052631578,3.201,-0.833333,-0.024668051388,0.000186818004,0.012637458033651362,0.031099333759174817,0.04392360979682618,-0.5616125701440517,57.17934110398554,6000.0
0.8868421052631578,3.201,1.25,0.038433738509,0.000405695507,0.012637458033651362,0.03621347064075314,0.0492566241814045,0.7802755293877733,57.17934110398554,6000.0
0.8868421052631578,3.201,3.333333,0.104390151476,0.002936161215,0.012637458033651362,0.04010389844611942,0.05567751769477078,1.8749067091725662,57.17934110398554,6000.0
0.8868421052631578,3.201,5.416667,0.17111990064,0.00780846544,0.012637458033651362,0.043049912650709204,0.06349583612436056,2.6949783022756164,57.17934110398554,6000.0
0.8868421052631578,3.201,7.5,0.238304527517,0.015065838706,0.012637458033651362,0.04533258153833062,0.07303587827798198,3.262841950226007,57.17934110398554,6000.0
0.8868421052631578,3.201,9.583333,0.304094913589,0.024462955538,0.012637458033651362,0.04709879997345892,0.08419921354511029,3.611612279799729,57.17934110398554,6000.0
0.8868421052631578,3.201,11.666667,0.367696380707,0.035655227677,0.012637458033651362,0.048483430287411394,0.09677611599806277,3.7994537899657024,57.17934110398554,6000.0
0.8868421052631578,3.201,13.75,0.428748109232,0.048500469343,0.012637458033651362,0.04958657477739565,0.11072450215404701,3.8722062496654823,57.17934110398554,6000.0
0.8868421052631578,3.201,15.833333,0.485826927955,0.062582320474,0.012637458033651362,0.05046149067337586,0.12568126918102723,3.8655475960799746,57.17934110398554,6000.0
0.8868421052631578,3.201,17.916667,0.530645407316,0.075196633227,0.012637458033651362,0.05106242424794698,0.13889651550859833,3.8204371461222912,57.17934110398554,6000.0
0.8868421052631578,3.201,20.0,0.564459953472,0.086082477172,0.012637458033651362,0.0514733209178088,0.15019325612346016,3.758224357344041,57.17934110398554,6000.0
0.9494736842105262,3.201,-5.0,-0.158592297098,0.006525329972,0.012501789564817909,0.03294034934044538,0.05196746887726329,-3.051761044444229,57.17934110398554,6000.0
0.9494736842105262,3.201,-2.916667,-0.08907524889,0.001954720092,0.012501789564817909,0.038910201765486915,0.05336671142230483,-1.6691163183191882,57.17934110398554,6000.0
0.9494736842105262,3.201,-0.833333,-0.024649519931,0.000188774546,0.012501789564817909,0.042450121461701934,0.055140685572519846,-0.4470296238624288,57.17934110398554,6000.0
0.9494736842105262,3.201,1.25,0.038441314578,0.000409913989,0.012501789564817909,0.044867761359701566,0.05777946491351947,0.6653110172539058,57.17934110398554,6000.0
0.9494736842105262,3.201,3.333333,0.104935333446,0.002993749183,0.012501789564817909,0.04672014510544498,0.062215683853262885,1.686637949580244,57.17934110398554,6000.0
0.9494736842105262,3.201,5.416667,0.172417065241,0.007997114282,0.012501789564817909,0.04812367344332536,0.06862257729014326,2.512541382874663,57.17934110398554,6000.0
0.9494736842105262,3.201,7.5,0.239657824163,0.015367743026,0.012501789564817909,0.04919864849715947,0.07706818108797739,3.109685745527301,57.17934110398554,6000.0
0.9494736842105262,3.201,9.583333,0.305992568997,0.024992112656,0.012501789564817909,0.05003615345982873,0.08753005568064665,3.495857127218263,57.17934110398554,6000.0
0.9494736842105262,3.201,11.666667,0.37080969955,0.03659271707,0.012501789564817909,0.050698291459618496,0.0997927980944364,3.7157961960250234,57.17934110398554,6000.0
0.9494736842105262,3.201,13.75,0.431925831574,0.049661619452,0.012501789564817909,0.05121577250971212,0.11337918152653002,3.8095691445164652,57.17934110398554,6000.0
0.9494736842105262,3.201,15.833333,0.487896966721,0.063671796095,0.012501789564817909,0.05161857936778866,0.12779216502760657,3.8178942082685667,57.17934110398554,6000.0
0.9494736842105262,3.201,17.916667,0.532056231997,0.076153957355,0.012501789564817909,0.051897309612048234,0.14055305653186614,3.7854476104998285,57.17934110398554,6000.0
0.9494736842105262,3.201,20.0,0.564617655451,0.086650512703,0.012501789564817909,0.05208403901962618,0.1512363412874441,3.733346434094644,57.17934110398554,6000.0
1.0121052631578946,3.201,-5.0,-0.16128648952,0.014110739189,0.012376624481176783,0.046784529521748316,0.07327189319192509,-2.2012054349071266,57.17934110398554,6000.0
1.0121052631578946,3.201,-2.916667,-0.101764489668,0.005184845698,0.012376624481176783,0.048029556838942306,0.06559102701811909,-1.5515001715080363,57.17934110398554,6000.0
1.0121052631578946,3.201,-0.833333,-0.024613549091,0.000358014732,0.012376624481176783,0.04905199055476781,0.06178662976794459,-0.39836367808767764,57.17934110398554,6000.0
1.0121052631578946,3.201,1.25,0.042805966634,0.000934029505,0.012376624481176783,0.0496427299663863,0.06295338395256309,0.6799629177401384,57.17934110398554,6000.0
1.0121052631578946,3.201,3.333333,0.116043710784,0.006758775806,0.012376624481176783,0.050098285120619944,0.06923368540779673,1.6761163312408582,57.17934110398554,6000.0
1.0121052631578946,3.201,5.416667,0.188943798452,0.017915902706,0.012376624481176783,0.050429753802945454,0.08072228099012224,2.340664759895976,57.17934110398554,6000.0
1.0121052631578946,3.201,7.5,0.260748414952,0.034328168068,0.012376624481176783,0.05067753928486188,0.09738233183403866,2.677574155816825,57.17934110398554,6000.0
1.0121052631578946,3.201,9.583333,0.330061825623,0.055724658832,0.012376624481176783,0.05086522380731831,0.1189665071204951,2.77440965202666,57.17934110398554,6000.0
1.0121052631578946,3.201,11.666667,0.394479251542,0.081440954609,0.012376624481176783,0.05100662712257033,0.1448242062127471,2.7238488776006755,57.17934110398554,6000.0
1.0121052631578946,3.201,13.75,0.452360752943,0.110660214642,0.012376624481176783,0.05111301835960824,0.17414985748278503,2.5975373134469346,57.17934110398554,6000.0
1.0121052631578946,3.201,15.833333,0.497752787854,0.141102866258,0.012376624481176783,0.05118550083132338,0.20466499157050017,2.432036783792313,57.17934110398554,6000.0
1.0121052631578946,3.201,17.916667,0.525789760558,0.169887167834,0.012376624481176783,0.05122619498225821,0.23348998729743503,2.2518728389334064,57.17934110398554,6000.0
1.0121052631578946,3.201,20.0,0.536603808483,0.195126691388,0.012376624481176783,0.051241140209959804,0.2587444560791366,2.0738755782998517,57.17934110398554,6000.0
1.074736842105263,3.201,-5.0,-0.17479868173,0.015292903009,0.012260564793600019,0.0530962886327199,0.08064975643531992,-2.167380156568561,57.17934110398554,6000.0
1.074736842105263,3.201,-2.916667,-0.102317031959,0.005212997484,0.012260564793600019,0.05176179131244886,0.06923535359004887,-1.4778148251373402,57.17934110398554,6000.0
1.074736842105263,3.201,-0.833333,-0.024507703895,0.000356475095,0.012260564793600019,0.05090435652215801,0.06352139641075803,-0.3858180909078591,57.17934110398554,6000.0
1.074736842105263,3.201,1.25,0.043048713025,0.000939326254,0.012260564793600019,0.050413369450301684,0.0636132604979017,0.6767254608246338,57.17934110398554,6000.0
1.074736842105263,3.201,3.333333,0.116876703514,0.006807292096,0.012260564793600019,0.050033020100552175,0.06910087699015219,1.6913924772714028,57.17934110398554,6000.0
1.074736842105263,3.201,5.416667,0.190589612363,0.018071961154,0.012260564793600019,0.04975612414559065,0.08008865009319066,2.379733110012856,57.17934110398554,6000.0
1.074736842105263,3.201,7.5,0.263128233478,0.034641452762,0.012260564793600019,0.04954979720368786,0.09645181475928788,2.728079654433479,57.17934110398554,6000.0
1.074736842105263,3.201,9.583333,0.33287722322,0.056199744874,0.012260564793600019,0.04939432278510658,0.1178546324527066,2.82447296548635,57.17934110398554,6000.0
1.074736842105263,3.201,11.666667,0.397512165048,0.082066956756,0.012260564793600019,0.04927756144483908,0.14360508299443908,2.7680925825125087,57.17934110398554,6000.0
1.074736842105263,3.201,13.75,0.454786720392,0.111254690527,0.012260564793600019,0.0491908285392387,0.1727060838598387,2.633298782694225,57.17934110398554,6000.0
1.074736842105263,3.201,15.833333,0.497445352286,0.141023491664,0.012260564793600019,0.04913444116658586,0.20241849762418587,2.4575093587028136,57.17934110398554,6000.0
1.074736842105263,3.201,17.916667,0.520389759788,0.16817717473,0.012260564793600019,0.04910659539089437,0.22954433491449439,2.26705555587702,57.17934110398554,6000.0
1.074736842105263,3.201,20.0,0.522618610391,0.190130734579,0.012260564793600019,0.04910397559446111,0.25149527496706114,2.078045444231302,57.17934110398554,6000.0
1.1373684210526314,3.201,-5.0,-0.172983722706,0.015134114704,0.01215246731422659,0.051021382000329574,0.07830796401855616,-2.2090182636469655,57.17934110398554,6000.0
1.1373684210526314,3.201,-2.916667,-0.101120224816,0.005152020764,0.01215246731422659,0.04918867747941038,0.06649316555763697,-1.5207611785056003,57.17934110398554,6000.0
1.1373684210526314,3.201,-0.833333,-0.02409686763,0.000350499308,0.01215246731422659,0.048005329431818164,0.06050829605404475,-0.39824072402364763,57.17934110398554,6000.0
1.1373684210526314,3.201,1.25,0.04255215508,0.000928491303,0.01215246731422659,0.047326425103949646,0.06040738372117624,0.7044197655771515,57.17934110398554,6000.0
1.1373684210526314,3.201,3.333333,0.115642217835,0.006735391499,0.01215246731422659,0.04679666666778677,0.06568452548101336,1.7605701950062396,57.17934110398554,6000.0
1.1373684210526314,3.201,5.416667,0.188741802466,0.017896749213,0.01215246731422659,0.04640945888254311,0.0764586754097697,2.468546590095426,57.17934110398554,6000.0
1.1373684210526314,3.201,7.5,0.260688856719,0.034320290353,0.01215246731422659,0.04612044233297258,0.09259320000019916,2.815421183396181,57.17934110398554,6000.0
1.1373684210526314,3.201,9.583333,0.329862312491,0.055690859672,0.01215246731422659,0.045902418474451014,0.11374574546067759,2.899996928720599,57.17934110398554,6000.0
1.1373684210526314,3.201,11.666667,0.39405593306,0.081354369149,0.01215246731422659,0.04573831324657926,0.13924514970980584,2.8299436919794556,57.17934110398554,6000.0
1.1373684210526314,3.201,13.75,0.45054773832,0.110220501152,0.01215246731422659,0.04561712731355545,0.16799009577978202,2.6819898889195373,57.17934110398554,6000.0
1.1373684210526314,3.201,15.833333,0.491546960427,0.139357185081,0.01215246731422659,0.04554015432015437,0.19704980671538097,2.4945315533193653,57.17934110398554,6000.0
1.1373684210526314,3.201,17.916667,0.512708347517,0.165704534775,0.01215246731422659,0.04550353269286687,0.22336053478209345,2.2954294410925775,57.17934110398554,6000.0
1.1373684210526314,3.201,20.0,0.51370978956,0.186903689916,0.01215246731422659,0.045501848116965796,0.2445580053471924,2.100564194701785,57.17934110398554,6000.0
1.2,3.201,-5.0,-0.17033313973,0.014902218721,0.012051386046606601,0.04037095282263113,0.06732455759023773,-2.5300298409194277,57.17934110398554,6000.0
1.2,3.201,-2.916667,-0.099506869177,0.00506982126,0.012051386046606601,0.04037095282263113,0.05749216012923773,-1.730790232151942,57.17934110398554,6000.0
1.2,3.201,-0.833333,-0.023656085336,0.0003440879,0.012051386046606601,0.04037095282263113,0.052766426769237734,-0.4483169845753369,57.17934110398554,6000.0
1.2,3.201,1.25,0.041942616501,0.000915191156,0.012051386046606601,0.04037095282263113,0.05333753002523774,0.7863621821474297,57.17934110398554,6000.0
1.2,3.201,3.333333,0.114055895602,0.006642998718,0.012051386046606601,0.04037095282263113,0.05906533758723773,1.9310123375413348,57.17934110398554,6000.0
1.2,3.201,5.416667,0.18630015545,0.017665228986,0.012051386046606601,0.04037095282263113,0.07008756785523773,2.65810558350082,57.17934110398554,6000.0
1.2,3.201,7.5,0.257454447762,0.033894472101,0.012051386046606601,0.04037095282263113,0.08631681097023773,2.982668669846607,57.17934110398554,6000.0
1.2,3.201,9.583333,0.325992507417,0.055037711558,0.012051386046606601,0.04037095282263113,0.10746005042723773,3.033615805324163,57.17934110398554,6000.0
1.2,3.201,11.666667,0.389935823745,0.080505649728,0.012051386046606601,0.04037095282263113,0.13292798859723776,2.9334365761485905,57.17934110398554,6000.0
1.2,3.201,13.75,0.445980463525,0.109107766409,0.012051386046606601,0.04037095282263113,0.16153010527823775,2.7609742639416517,57.17934110398554,6000.0
1.2,3.201,15.833333,0.486361032474,0.137894111358,0.012051386046606601,0.04037095282263113,0.19031645022723775,2.555538587932284,57.17934110398554,6000.0
1.2,3.201,17.916667,0.507140126558,0.163913415649,0.012051386046606601,0.04037095282263113,0.21633575451823772,2.3442270450733407,57.17934110398554,6000.0
1.2,3.201,20.0,0.508120333408,0.18487753468,0.012051386046606601,0.04037095282263113,0.23729987354923776,2.14125834037821,57.17934110398554,6000.0
0.01,3.201,-5.0,-0.143769845682,0.00541010167,0.029306209261020365,0.0,0.034716310931020365,-4.14127658804715,57.17934110398554,7000.0
0.01,3.201,-2.916667,-0.082993533372,0.001676633787,0.029306209261020365,0.0,0.030982843048020365,-2.6786932769006437,57.17934110398554,7000.0
0.01,3.201,-0.833333,-0.022135019161,0.000150594394,0.029306209261020365,0.0,0.029456803655020364,-0.7514399532356423,57.17934110398554,7000.0
0.01,3.201,1.25,0.035050573776,0.000337258693,0.029306209261020365,0.0,0.029643467954020366,1.18240463060417,57.17934110398554,7000.0
0.01,3.201,3.333333,0.095017554368,0.002425190355,0.029306209261020365,0.0,0.03173139961602037,2.994433133041761,57.17934110398554,7000.0
0.01,3.201,5.416667,0.156089626199,0.006465084796,0.029306209261020365,0.0,0.03577129405702036,4.363544297564106,57.17934110398554,7000.0
0.01,3.201,7.5,0.217099263575,0.01242245198,0.029306209261020365,0.0,0.041728661241020364,5.202641472753163,57.17934110398554,7000.0
0.01,3.201,9.583333,0.277820685904,0.020265615907,0.029306209261020365,0.0,0.04957182516802036,5.604407038924742,57.17934110398554,7000.0
0.01,3.201,11.666667,0.344181623435,0.031254952444,0.029306209261020365,0.0,0.060561161705020364,5.683207087595683,57.17934110398554,7000.0
0.01,3.201,13.75,0.404693263142,0.04329420396,0.029306209261020365,0.0,0.07260041322102037,5.5742556438346424,57.17934110398554,7000.0
0.01,3.201,15.833333,0.461859165835,0.056604918712,0.029306209261020365,0.0,0.08591112797302036,5.376010963097153,57.17934110398554,7000.0
0.01,3.201,17.916667,0.513246349725,0.0704158324,0.029306209261020365,0.0,0.09972204166102036,5.146769371907267,57.17934110398554,7000.0
0.01,3.201,20.0,0.556008149009,0.08370013044,0.029306209261020365,0.0,0.11300633970102036,4.920150059545549,57.17934110398554,7000.0
0.07263157894736841,3.201,-5.0,-0.143846817824,0.005415709882,0.019559040995612773,0.0,0.02497475087761277,-5.759689797464346,57.17934110398554,7000.0
0.07263157894736841,3.201,-2.916667,-0.083035199327,0.001677892194,0.019559040995612773,0.0,0.021236933189612773,-3.9099430499509915,57.17934110398554,7000.0
0.07263157894736841,3.201,-0.833333,-0.022147921265,0.000150767047,0.019559040995612773,0.0,0.019709808042612773,-1.1237005057135008,57.17934110398554,7000.0
0.07263157894736841,3.201,1.25,0.035069082898,0.000337611573,0.019559040995612773,0.0,0.019896652568612772,1.7625619574481557,57.17934110398554,7000.0
0.07263157894736841,3.201,3.333333,0.095067910098,0.002427780803,0.019559040995612773,0.0,0.021986821798612773,4.3238586717430065,57.17934110398554,7000.0
0.07263157894736841,3.201,5.416667,0.156172115648,0.006471974981,0.019559040995612773,0.0,0.026031015976612774,5.999462940221418,57.17934110398554,7000.0
0.07263157894736841,3.201,7.5,0.21721187601,0.012435503319,0.019559040995612773,0.0,0.03199454431461277,6.789028587939397,57.17934110398554,7000.0
0.07263157894736841,3.201,9.583333,0.277959676509,0.020286123728,0.019559040995612773,0.0,0.03984516472361277,6.975995166215926,57.17934110398554,7000.0
0.07263157894736841,3.201,11.666667,0.344345497394,0.031284316892,0.019559040995612773,0.0,0.050843357887612774,6.772674184013614,57.17934110398554,7000.0
0.07263157894736841,3.201,13.75,0.404871541962,0.043332005764,0.019559040995612773,0.0,0.06289104675961277,6.437665817672468,57.17934110398554,7000.0
0.07263157894736841,3.201,15.833333,0.462044547368,0.056649542858,0.019559040995612773,0.0,0.07620858385361277,6.062893758208789,57.17934110398554,7000.0
0.07263157894736841,3.201,17.916667,0.513395736054,0.070456228024,0.019559040995612773,0.0,0.09001526901961278,5.703429447532284,57.17934110398554,7000.0
0.07263157894736841,3.201,20.0,0.555906281155,0.0836567098,0.019559040995612773,0.0,0.10321575079561278,5.385866758415606,57.17934110398554,7000.0
0.13526315789473684,3.201,-5.0,-0.144144951151,0.005437425554,0.01744278106682553,0.0,0.02288020662082553,-6.299984678451264,57.17934110398554,7000.0
0.13526315789473684,3.201,-2.916667,-0.083206763861,0.001683829709,0.01744278106682553,0.0,0.019126610775825528,-4.350314064327933,57.17934110398554,7000.0
0.13526315789473684,3.201,-0.833333,-0.022195723117,0.00015138596,0.01744278106682553,0.0,0.01759416702682553,-1.2615387294640636,57.17934110398554,7000.0
0.13526315789473684,3.201,1.25,0.035143488132,0.000339011197,0.01744278106682553,0.0,0.01778179226382553,1.9763749126399548,57.17934110398554,7000.0
0.13526315789473684,3.201,3.333333,0.095267286228,0.00243780653,0.01744278106682553,0.0,0.019880587596825528,4.791975376181134,57.17934110398554,7000.0
0.13526315789473684,3.201,5.416667,0.156496463431,0.006498554086,0.01744278106682553,0.0,0.023941335152825528,6.5366639927151455,57.17934110398554,7000.0
0.13526315789473684,3.201,7.5,0.217655122943,0.012485935742,0.01744278106682553,0.0,0.02992871680882553,7.27245088165012,57.17934110398554,7000.0
0.13526315789473684,3.201,9.583333,0.27851570507,0.020366558873,0.01744278106682553,0.0,0.03780933993982553,7.366320213821887,57.17934110398554,7000.0
0.13526315789473684,3.201,11.666667,0.345012836642,0.031401646436,0.01744278106682553,0.0,0.04884442750282553,7.063504565020071,57.17934110398554,7000.0
0.13526315789473684,3.201,13.75,0.405623648656,0.043487267738,0.01744278106682553,0.0,0.060930048804825526,6.6572020967079135,57.17934110398554,7000.0
0.13526315789473684,3.201,15.833333,0.462862156312,0.056843264797,0.01744278106682553,0.0,0.07428604586382553,6.230808908048183,57.17934110398554,7000.0
0.13526315789473684,3.201,17.916667,0.514085554888,0.070632361783,0.01744278106682553,0.0,0.08807514284982554,5.836897202250956,57.17934110398554,7000.0
0.13526315789473684,3.201,20.0,0.556230494568,0.0837387333,0.01744278106682553,0.0,0.10118151436682554,5.49735293100507,57.17934110398554,7000.0
0.19789473684210523,3.201,-5.0,-0.144439739446,0.005460333309,0.01630269837825885,0.0,0.02176303168725885,-6.636930990205842,57.17934110398554,7000.0
0.19789473684210523,3.201,-2.916667,-0.083370958599,0.00169117465,0.01630269837825885,0.0,0.017993873028258847,-4.63329703772325,57.17934110398554,7000.0
0.19789473684210523,3.201,-0.833333,-0.022239280174,0.000152017872,0.01630269837825885,0.0,0.01645471625025885,-1.351544434784778,57.17934110398554,7000.0
0.19789473684210523,3.201,1.25,0.035216346674,0.000340436896,0.01630269837825885,0.0,0.016643135274258848,2.115968301265174,57.17934110398554,7000.0
0.19789473684210523,3.201,3.333333,0.095462092103,0.002447655008,0.01630269837825885,0.0,0.01875035338625885,5.091215623325754,57.17934110398554,7000.0
0.19789473684210523,3.201,5.416667,0.156813306015,0.006524305506,0.01630269837825885,0.0,0.02282700388425885,6.869640308912202,57.17934110398554,7000.0
0.19789473684210523,3.201,7.5,0.218086903688,0.012534703591,0.01630269837825885,0.0,0.02883740196925885,7.562640487533664,57.17934110398554,7000.0
0.19789473684210523,3.201,9.583333,0.279054432285,0.020444803408,0.01630269837825885,0.0,0.03674750178625885,7.593834103556612,57.17934110398554,7000.0
0.19789473684210523,3.201,11.666667,0.345642661439,0.031514698299,0.01630269837825885,0.0,0.047817396677258844,7.228387270262705,57.17934110398554,7000.0
0.19789473684210523,3.201,13.75,0.406313639365,0.043628718326,0.01630269837825885,0.0,0.05993141670425885,6.779643494329853,57.17934110398554,7000.0
0.19789473684210523,3.201,15.833333,0.463567461439,0.057007316101,0.01630269837825885,0.0,0.07331001447925885,6.323385211854709,57.17934110398554,7000.0
0.19789473684210523,3.201,17.916667,0.514624075635,0.070762207167,0.01630269837825885,0.0,0.08706490554525885,5.910809555378012,57.17934110398554,7000.0
0.19789473684210523,3.201,20.0,0.556599706234,0.083837948072,0.01630269837825885,0.0,0.10014064645025884,5.5581796799211824,57.17934110398554,7000.0
0.26052631578947366,3.201,-5.0,-0.144883554158,0.005493312409,0.015542620345067495,0.0,0.021035932754067496,-6.887431893410355,57.17934110398554,7000.0
0.26052631578947366,3.201,-2.916667,-0.083608787107,0.001697787304,0.015542620345067495,0.0,0.017240407649067497,-4.849582957020291,57.17934110398554,7000.0
0.26052631578947366,3.201,-0.833333,-0.022313367526,0.000153012713,0.015542620345067495,0.0,0.015695633058067496,-1.4216290253122996,57.17934110398554,7000.0
0.26052631578947366,3.201,1.25,0.035322980124,0.000342484021,0.015542620345067495,0.0,0.015885104366067496,2.223654268174288,57.17934110398554,7000.0
0.26052631578947366,3.201,3.333333,0.095751908832,0.002462574937,0.015542620345067495,0.0,0.018005195282067496,5.318015568948887,57.17934110398554,7000.0
0.26052631578947366,3.201,5.416667,0.157288415986,0.006564187271,0.015542620345067495,0.0,0.022106807616067495,7.114931233747241,57.17934110398554,7000.0
0.26052631578947366,3.201,7.5,0.218733817042,0.012610096741,0.015542620345067495,0.0,0.028152717086067494,7.769545524621822,57.17934110398554,7000.0
0.26052631578947366,3.201,9.583333,0.279855780665,0.020564208909,0.015542620345067495,0.0,0.036106829254067496,7.750771431514545,57.17934110398554,7000.0
0.26052631578947366,3.201,11.666667,0.346586057901,0.031685668772,0.015542620345067495,0.0,0.047228289117067494,7.338526641138684,57.17934110398554,7000.0
0.26052631578947366,3.201,13.75,0.407342823158,0.043843949381,0.015542620345067495,0.0,0.0593865697260675,6.8591741371315225,57.17934110398554,7000.0
0.26052631578947366,3.201,15.833333,0.46462549048,0.057263716807,0.015542620345067495,0.0,0.0728063371520675,6.381662759789117,57.17934110398554,7000.0
0.26052631578947366,3.201,17.916667,0.515466091171,0.070990841956,0.015542620345067495,0.0,0.0865334623010675,5.956841174083486,57.17934110398554,7000.0
0.26052631578947366,3.201,20.0,0.556812924554,0.083881015377,0.015542620345067495,0.0,0.0994236357220675,5.600407996651173,57.17934110398554,7000.0
0.3231578947368421,3.201,-5.0,-0.14546135336,0.005535858762,0.014981229212818506,0.0,0.020517087974818507,-7.089766030078483,57.17934110398554,7000.0
0.3231578947368421,3.201,-2.916667,-0.083916993413,0.001707284535,0.014981229212818506,0.0,0.016688513747818507,-5.0284282160219025,57.17934110398554,7000.0
0.3231578947368421,3.201,-0.833333,-0.022412623778,0.000154355875,0.014981229212818506,0.0,0.015135585087818506,-1.480790048614522,57.17934110398554,7000.0
0.3231578947368421,3.201,1.25,0.035461949444,0.000345161315,0.014981229212818506,0.0,0.015326390527818506,2.313783495183292,57.17934110398554,7000.0
0.3231578947368421,3.201,3.333333,0.096129285453,0.002482067248,0.014981229212818506,0.0,0.017463296460818505,5.504647170634725,57.17934110398554,7000.0
0.3231578947368421,3.201,5.416667,0.157907546488,0.006616379091,0.014981229212818506,0.0,0.021597608303818506,7.3113441204543745,57.17934110398554,7000.0
0.3231578947368421,3.201,7.5,0.219576973984,0.01270750678,0.014981229212818506,0.0,0.027688735992818507,7.930191325488842,57.17934110398554,7000.0
0.3231578947368421,3.201,9.583333,0.28090689026,0.020721094642,0.014981229212818506,0.0,0.03570232385481851,7.868028182207188,57.17934110398554,7000.0
0.3231578947368421,3.201,11.666667,0.347811274547,0.031907397496,0.014981229212818506,0.0,0.04688862670881851,7.417817474308454,57.17934110398554,7000.0
0.3231578947368421,3.201,13.75,0.408682513679,0.044126429361,0.014981229212818506,0.0,0.05910765857381851,6.9142057652072895,57.17934110398554,7000.0
0.3231578947368421,3.201,15.833333,0.465978074943,0.057594099925,0.014981229212818506,0.0,0.07257532913781851,6.4206126307484,57.17934110398554,7000.0
0.3231578947368421,3.201,17.916667,0.516567022646,0.071278335779,0.014981229212818506,0.0,0.08625956499181851,5.988518753775248,57.17934110398554,7000.0
0.3231578947368421,3.201,20.0,0.557602874466,0.084122592,0.014981229212818506,0.0,0.09910382121281851,5.626451812272576,57.17934110398554,7000.0
0.38578947368421046,3.201,-5.0,-0.146282824113,0.005595503585,0.014540584617618963,0.0,0.020136088202618963,-7.264709145144388,57.17934110398554,7000.0
0.38578947368421046,3.201,-2.916667,-0.084366677165,0.001720809926,0.014540584617618963,0.0,0.016261394543618964,-5.188157567833309,57.17934110398554,7000.0
0.38578947368421046,3.201,-0.833333,-0.022552680281,0.000156228657,0.014540584617618963,0.0,0.014696813274618964,-1.5345285987914077,57.17934110398554,7000.0
0.38578947368421046,3.201,1.25,0.035662529513,0.000348963599,0.014540584617618963,0.0,0.014889548216618963,2.39513845512084,57.17934110398554,7000.0
0.38578947368421046,3.201,3.333333,0.096665996558,0.002509349012,0.014540584617618963,0.0,0.017049933629618964,5.6695819853558165,57.17934110398554,7000.0
0.38578947368421046,3.201,5.416667,0.158786302066,0.006689300144,0.014540584617618963,0.0,0.021229884761618963,7.479376541556468,57.17934110398554,7000.0
0.38578947368421046,3.201,7.5,0.220774889678,0.012845395693,0.014540584617618963,0.0,0.027385980310618965,8.061602585480356,57.17934110398554,7000.0
0.38578947368421046,3.201,9.583333,0.282403250866,0.020941772865,0.014540584617618963,0.0,0.035482357482618965,7.9589765421966465,57.17934110398554,7000.0
0.38578947368421046,3.201,11.666667,0.343980927054,0.031065564918,0.014540584617618963,0.0,0.045606149535618964,7.54242422472756,57.17934110398554,7000.0
0.38578947368421046,3.201,13.75,0.410643865073,0.044533440798,0.014540584617618963,0.0,0.059074025415618965,6.951343880561543,57.17934110398554,7000.0
0.38578947368421046,3.201,15.833333,0.467983652316,0.058073005369,0.014540584617618963,0.0,0.07261358998661896,6.444849406319654,57.17934110398554,7000.0
0.38578947368421046,3.201,17.916667,0.517283351749,0.071440497317,0.014540584617618963,0.0,0.08598108193461897,6.016246133566316,57.17934110398554,7000.0
0.38578947368421046,3.201,20.0,0.558885284582,0.08453303607,0.014540584617618963,0.0,0.09907362068761896,5.641110930468324,57.17934110398554,7000.0
0.4484210526315789,3.201,-5.0,-0.14720622549,0.005667443288,0.01418045096996729,0.0,0.01984789425796729,-7.416717540749133,57.17934110398554,7000.0
0.4484210526315789,3.201,-2.916667,-0.084808797395,0.001726925779,0.01418045096996729,0.0,0.01590737674896729,-5.33141313827912,57.17934110398554,7000.0
0.4484210526315789,3.201,-0.833333,-0.022703346444,0.0001586369,0.01418045096996729,0.0,0.01433908786996729,-1.583318733372947,57.17934110398554,7000.0
0.4484210526315789,3.201,1.25,0.035878583318,0.000353336274,0.01418045096996729,0.0,0.01453378724396729,2.4686327600462534,57.17934110398554,7000.0
0.4484210526315789,3.201,3.333333,0.097256497513,0.00254137903,0.01418045096996729,0.0,0.01672182999996729,5.816139591969913,57.17934110398554,7000.0
0.4484210526315789,3.201,5.416667,0.159781212049,0.006777037671,0.01418045096996729,0.0,0.02095748864096729,7.6240629202424,57.17934110398554,7000.0
0.4484210526315789,3.201,7.5,0.222137424669,0.013011723462,0.01418045096996729,0.0,0.027192174431967288,8.169167391330568,57.17934110398554,7000.0
0.4484210526315789,3.201,9.583333,0.284100999511,0.021205985717,0.01418045096996729,0.0,0.03538643668696729,8.028528049438599,57.17934110398554,7000.0
0.4484210526315789,3.201,11.666667,0.345827596879,0.031402641906,0.01418045096996729,0.0,0.04558309287596729,7.586751469892693,57.17934110398554,7000.0
0.4484210526315789,3.201,13.75,0.412700990492,0.044976254642,0.01418045096996729,0.0,0.05915670561196729,6.976402526521209,57.17934110398554,7000.0
0.4484210526315789,3.201,15.833333,0.470018328446,0.058575993876,0.01418045096996729,0.0,0.07275644484596729,6.460160738214684,57.17934110398554,7000.0
0.4484210526315789,3.201,17.916667,0.518881007248,0.071880480587,0.01418045096996729,0.0,0.08606093155696729,6.029228336954861,57.17934110398554,7000.0
0.4484210526315789,3.201,20.0,0.560029780529,0.084896768933,0.01418045096996729,0.0,0.09907721990296728,5.652457558634299,57.17934110398554,7000.0
0.5110526315789473,3.201,-5.0,-0.148335964713,0.005750952507,0.013877506024595792,0.0,0.019628458531595793,-7.557188684695981,57.17934110398554,7000.0
0.5110526315789473,3.201,-2.916667,-0.085428978494,0.001747109102,0.013877506024595792,0.0,0.015624615126595793,-5.467589300717246,57.17934110398554,7000.0
0.5110526315789473,3.201,-0.833333,-0.022904859362,0.000161367999,0.013877506024595792,0.0,0.014038874023595792,-1.6315310845800548,57.17934110398554,7000.0
0.5110526315789473,3.201,1.25,0.036155403011,0.000358732965,0.013877506024595792,0.0,0.014236238989595792,2.539673788661689,57.17934110398554,7000.0
0.5110526315789473,3.201,3.333333,0.097980829938,0.002579352939,0.013877506024595792,0.0,0.01645685896359579,5.953798969459685,57.17934110398554,7000.0
0.5110526315789473,3.201,5.416667,0.160955823497,0.006877083566,0.013877506024595792,0.0,0.02075458959059579,7.755191823688551,57.17934110398554,7000.0
0.5110526315789473,3.201,7.5,0.223739036062,0.013201900978,0.013877506024595792,0.0,0.02707940700259579,8.262331447677296,57.17934110398554,7000.0
0.5110526315789473,3.201,9.583333,0.286100360579,0.02150735194,0.013877506024595792,0.0,0.03538485796459579,8.085389543325476,57.17934110398554,7000.0
0.5110526315789473,3.201,11.666667,0.348138342168,0.03182317281,0.013877506024595792,0.0,0.04570067883459579,7.6177936749695805,57.17934110398554,7000.0
0.5110526315789473,3.201,13.75,0.415332237527,0.045533860957,0.013877506024595792,0.0,0.0594113669815958,6.990787430554491,57.17934110398554,7000.0
0.5110526315789473,3.201,15.833333,0.472652715154,0.059220167594,0.013877506024595792,0.0,0.07309767361859579,6.466043196123807,57.17934110398554,7000.0
0.5110526315789473,3.201,17.916667,0.521028146399,0.072465769483,0.013877506024595792,0.0,0.0863432755075958,6.034380133669634,57.17934110398554,7000.0
0.5110526315789473,3.201,20.0,0.561623640308,0.085374733824,0.013877506024595792,0.0,0.0992522398485958,5.658548775974508,57.17934110398554,7000.0
0.5736842105263157,3.201,-5.0,-0.149160828981,0.005808511335,0.013617097214736525,0.0,0.019425608549736524,-7.678566599295707,57.17934110398554,7000.0
0.5736842105263157,3.201,-2.916667,-0.085912890806,0.00177263379,0.013617097214736525,0.0,0.015389731004736526,-5.582481641788179,57.17934110398554,7000.0
0.5736842105263157,3.201,-0.833333,-0.023087927693,0.000164046717,0.013617097214736525,0.0,0.013781143931736526,-1.6753273753879696,57.17934110398554,7000.0
0.5736842105263157,3.201,1.25,0.036358621971,0.000362746014,0.013617097214736525,0.0,0.013979843228736525,2.600788962801984,57.17934110398554,7000.0
0.5736842105263157,3.201,3.333333,0.098530330166,0.002608802144,0.013617097214736525,0.0,0.016225899358736525,6.072411025583506,57.17934110398554,7000.0
0.5736842105263157,3.201,5.416667,0.161827827137,0.006953886213,0.013617097214736525,0.0,0.020570983427736524,7.866800714972251,57.17934110398554,7000.0
0.5736842105263157,3.201,7.5,0.224908548365,0.013346824405,0.013617097214736525,0.0,0.026963921619736528,8.34109190557711,57.17934110398554,7000.0
0.5736842105263157,3.201,9.583333,0.287537795551,0.021737950202,0.013617097214736525,0.0,0.03535504741673652,8.132864090429253,57.17934110398554,7000.0
0.5736842105263157,3.201,11.666667,0.349832121183,0.032152102949,0.013617097214736525,0.0,0.04576920016373652,7.643395994063627,57.17934110398554,7000.0
0.5736842105263157,3.201,13.75,0.415718467434,0.045605893078,0.013617097214736525,0.0,0.05922299029273652,7.019545372145559,57.17934110398554,7000.0
0.5736842105263157,3.201,15.833333,0.474475261377,0.05970056349,0.013617097214736525,0.0,0.07331766070473653,6.4715002745081796,57.17934110398554,7000.0
0.5736842105263157,3.201,17.916667,0.52287141039,0.073027566136,0.013617097214736525,0.0,0.08664466335073653,6.034663765423415,57.17934110398554,7000.0
0.5736842105263157,3.201,20.0,0.562672136492,0.085721562624,0.013617097214736525,0.0,0.09933865983873653,5.664180867805398,57.17934110398554,7000.0
0.6363157894736842,3.201,-5.0,-0.150659208095,0.005918979203,0.013389454631926534,0.0,0.019308433834926534,-7.802766883271309,57.17934110398554,7000.0
0.6363157894736842,3.201,-2.916667,-0.086715980108,0.001789854254,0.013389454631926534,0.0,0.015179308885926534,-5.712775249497594,57.17934110398554,7000.0
0.6363157894736842,3.201,-0.833333,-0.023388598373,0.000167965908,0.013389454631926534,0.0,0.013557420539926535,-1.7251510568784596,57.17934110398554,7000.0
0.6363157894736842,3.201,1.25,0.036719345704,0.000369851271,0.013389454631926534,0.0,0.013759305902926533,2.6686917176679663,57.17934110398554,7000.0
0.6363157894736842,3.201,3.333333,0.099496490098,0.002659967448,0.013389454631926534,0.0,0.016049422079926535,6.199381485670009,57.17934110398554,7000.0
0.6363157894736842,3.201,5.416667,0.163411396879,0.007090954875,0.013389454631926534,0.0,0.020480409506926534,7.9789125712419855,57.17934110398554,7000.0
0.6363157894736842,3.201,7.5,0.227075209563,0.01360793863,0.013389454631926534,0.0,0.026997393261926534,8.411004994442782,57.17934110398554,7000.0
0.6363157894736842,3.201,9.583333,0.290245899867,0.022155561677,0.013389454631926534,0.0,0.035545016308926536,8.165586346745032,57.17934110398554,7000.0
0.6363157894736842,3.201,11.666667,0.352017905267,0.032535830738,0.013389454631926534,0.0,0.04592528536992654,7.665012910241239,57.17934110398554,7000.0
0.6363157894736842,3.201,13.75,0.412640735707,0.044752663754,0.013389454631926534,0.0,0.05814211838592653,7.097105285501274,57.17934110398554,7000.0
0.6363157894736842,3.201,15.833333,0.477974551559,0.060571010995,0.013389454631926534,0.0,0.07396046562692654,6.462568177572227,57.17934110398554,7000.0
0.6363157894736842,3.201,17.916667,0.525720101231,0.073838091923,0.013389454631926534,0.0,0.08722754655492654,6.026996310161699,57.17934110398554,7000.0
0.6363157894736842,3.201,20.0,0.564826996238,0.086447638279,0.013389454631926534,0.0,0.09983709291092653,5.657486408803309,57.17934110398554,7000.0
0.6989473684210525,3.201,-5.0,-0.151685751345,0.005995110246,0.013187758555478341,0.0,0.01918286880147834,-7.9073548860069485,57.17934110398554,7000.0
0.6989473684210525,3.201,-2.916667,-0.087165419184,0.00177523601,0.013187758555478341,0.0,0.014962994565478342,-5.825399374607971,57.17934110398554,7000.0
0.6989473684210525,3.201,-0.833333,-0.023630175749,0.000171559827,0.013187758555478341,0.0,0.013359318382478341,-1.7688159734251556,57.17934110398554,7000.0
0.6989473684210525,3.201,1.25,0.036967558309,0.000374921911,0.013187758555478341,0.0,0.013562680466478341,2.7256823162920774,57.17934110398554,7000.0
0.6989473684210525,3.201,3.333333,0.10018534215,0.002698742351,0.013187758555478341,0.0,0.01588650090647834,6.306318977336633,57.17934110398554,7000.0
0.6989473684210525,3.201,5.416667,0.164589669181,0.007199266011,0.013187758555478341,0.0,0.02038702456647834,8.073256038138538,57.17934110398554,7000.0
0.6989473684210525,3.201,7.5,0.22871413232,0.01381570108,0.013187758555478341,0.0,0.02700345963547834,8.46980851370264,57.17934110398554,7000.0
0.6989473684210525,3.201,9.583333,0.29227728113,0.022484281574,0.013187758555478341,0.0,0.03567204012947834,8.193455716833828,57.17934110398554,7000.0
0.6989473684210525,3.201,11.666667,0.3542957523,0.032975462331,0.013187758555478341,0.0,0.04616322088647834,7.674849057245412,57.17934110398554,7000.0
0.6989473684210525,3.201,13.75,0.415068939721,0.045292228717,0.013187758555478341,0.0,0.05847998727247834,7.0976236329712465,57.17934110398554,7000.0
0.6989473684210525,3.201,15.833333,0.479455709869,0.06091936155,0.013187758555478341,0.0,0.07410712010547835,6.469765782108113,57.17934110398554,7000.0
0.6989473684210525,3.201,17.916667,0.528167595497,0.074542801891,0.013187758555478341,0.0,0.08773056044647834,6.020337642995208,57.17934110398554,7000.0
0.6989473684210525,3.201,20.0,0.566092814972,0.086811908138,0.013187758555478341,0.0,0.09999966669347833,5.6609470180256,57.17934110398554,7000.0
0.7615789473684209,3.201,-5.0,-0.15293285481,0.006079217162,0.013007072008527928,0.0,0.019086289170527928,-8.012707627114395,57.17934110398554,7000.0
0.7615789473684209,3.201,-2.916667,-0.087718428984,0.001855197215,0.013007072008527928,0.0,0.014862269223527928,-5.902088548169756,57.17934110398554,7000.0
0.7615789473684209,3.201,-0.833333,-0.023966943756,0.000176392194,0.013007072008527928,0.0,0.013183464202527927,-1.8179549311025809,57.17934110398554,7000.0
0.7615789473684209,3.201,1.25,0.037359716304,0.00038289295,0.013007072008527928,0.0,0.013389964958527928,2.7901280115155185,57.17934110398554,7000.0
0.7615789473684209,3.201,3.333333,0.101254442307,0.002757321633,0.013007072008527928,0.0,0.01576439364152793,6.422983630671768,57.17934110398554,7000.0
0.7615789473684209,3.201,5.416667,0.166349628846,0.007357849497,0.013007072008527928,0.0,0.020364921505527926,8.168439480645455,57.17934110398554,7000.0
0.7615789473684209,3.201,7.5,0.231106237582,0.014115650108,0.013007072008527928,0.0,0.027122722116527928,8.520761175412016,57.17934110398554,7000.0
0.7615789473684209,3.201,9.583333,0.29521691604,0.022957942426,0.013007072008527928,0.0,0.03596501443452793,8.20844703336416,57.17934110398554,7000.0
0.7615789473684209,3.201,11.666667,0.357614202157,0.033612723306,0.013007072008527928,0.0,0.04661979531452793,7.670865986096644,57.17934110398554,7000.0
0.7615789473684209,3.201,13.75,0.418635606883,0.046091796995,0.013007072008527928,0.0,0.05909886900352793,7.083648366570422,57.17934110398554,7000.0
0.7615789473684209,3.201,15.833333,0.475691037519,0.059757739132,0.013007072008527928,0.0,0.07276481114052792,6.537377477697508,57.17934110398554,7000.0
0.7615789473684209,3.201,17.916667,0.530582465875,0.075235108504,0.013007072008527928,0.0,0.08824218051252793,6.012798672848662,57.17934110398554,7000.0
0.7615789473684209,3.201,20.0,0.568204800961,0.08749409771,0.013007072008527928,0.0,0.10050116971852792,5.653713310525265,57.17934110398554,7000.0
0.8242105263157894,3.201,-5.0,-0.154935501886,0.006232058181,0.012843713349688717,0.0,0.019075771530688717,-8.122109327884479,57.17934110398554,7000.0
0.8242105263157894,3.201,-2.916667,-0.087742150251,0.001882616602,0.012843713349688717,0.0,0.014726329951688717,-5.9581817424196934,57.17934110398554,7000.0
0.8242105263157894,3.201,-0.833333,-0.02415444881,0.000179392804,0.012843713349688717,0.0,0.013023106153688718,-1.8547379192757631,57.17934110398554,7000.0
0.8242105263157894,3.201,1.25,0.037794054885,0.000392310583,0.012843713349688717,0.0,0.013236023932688717,2.855393362629154,57.17934110398554,7000.0
0.8242105263157894,3.201,3.333333,0.10262528529,0.002836329553,0.012843713349688717,0.0,0.015680042902688717,6.544962021271157,57.17934110398554,7000.0
0.8242105263157894,3.201,5.416667,0.168230192491,0.007539266031,0.012843713349688717,0.0,0.020382979380688716,8.253464292388236,57.17934110398554,7000.0
0.8242105263157894,3.201,7.5,0.234328039011,0.014548410058,0.012843713349688717,0.0,0.027392123407688717,8.554577369683807,57.17934110398554,7000.0
0.8242105263157894,3.201,9.583333,0.299208953704,0.023645014163,0.012843713349688717,0.0,0.036488727512688716,8.200038041884362,57.17934110398554,7000.0
0.8242105263157894,3.201,11.666667,0.362164571706,0.034548950921,0.012843713349688717,0.0,0.047392664270688716,7.641785438300218,57.17934110398554,7000.0
0.8242105263157894,3.201,13.75,0.423532738765,0.047272643975,0.012843713349688717,0.0,0.060116357324688716,7.045216270797943,57.17934110398554,7000.0
0.8242105263157894,3.201,15.833333,0.480170389455,0.061009967631,0.012843713349688717,0.0,0.07385368098068872,6.5016446449101855,57.17934110398554,7000.0
0.8242105263157894,3.201,17.916667,0.525767580968,0.073676333649,0.012843713349688717,0.0,0.08652004699868872,6.076829581194847,57.17934110398554,7000.0
0.8242105263157894,3.201,20.0,0.560877742805,0.084871822393,0.012843713349688717,0.0,0.09771553574268871,5.739903471254991,57.17934110398554,7000.0
0.8868421052631578,3.201,-5.0,-0.157637409026,0.006420528946,0.01269486856103454,0.011211193891624463,0.030326591398659,-5.197992974342989,57.17934110398554,7000.0
0.8868421052631578,3.201,-2.916667,-0.089009172812,0.001935515964,0.01269486856103454,0.02362410618577811,0.03825449071081265,-2.3267640258204123,57.17934110398554,7000.0
0.8868421052631578,3.201,-0.833333,-0.024668051388,0.000186818004,0.01269486856103454,0.031099333759174817,0.043981020324209356,-0.5608794704205957,57.17934110398554,7000.0
0.8868421052631578,3.201,1.25,0.038433738509,0.000405695507,0.01269486856103454,0.03621347064075314,0.04931403470878768,0.7793671464109824,57.17934110398554,7000.0
0.8868421052631578,3.201,3.333333,0.104390151476,0.002936161215,0.01269486856103454,0.04010389844611942,0.05573492822215396,1.8729754357969404,57.17934110398554,7000.0
0.8868421052631578,3.201,5.416667,0.17111990064,0.00780846544,0.01269486856103454,0.043049912650709204,0.06355324665174375,2.692543806262097,57.17934110398554,7000.0
0.8868421052631578,3.201,7.5,0.238304527517,0.015065838706,0.01269486856103454,0.04533258153833062,0.07309328880536516,3.2602791776350895,57.17934110398554,7000.0
0.8868421052631578,3.201,9.583333,0.304094913589,0.024462955538,0.01269486856103454,0.04709879997345892,0.08425662407249346,3.6091514101889497,57.17934110398554,7000.0
0.8868421052631578,3.201,11.666667,0.367696380707,0.035655227677,0.01269486856103454,0.048483430287411394,0.09683352652544594,3.797201175053525,57.17934110398554,7000.0
0.8868421052631578,3.201,13.75,0.428748109232,0.048500469343,0.01269486856103454,0.04958657477739565,0.1107819126814302,3.8701995556343998,57.17934110398554,7000.0
0.8868421052631578,3.201,15.833333,0.485826927955,0.062582320474,0.01269486856103454,0.05046149067337586,0.1257386797084104,3.8637826409632963,57.17934110398554,7000.0
0.8868421052631578,3.201,17.916667,0.530645407316,0.075196633227,0.01269486856103454,0.05106242424794698,0.1389539260359815,3.818858685422042,57.17934110398554,7000.0
0.8868421052631578,3.201,20.0,0.564459953472,0.086082477172,0.01269486856103454,0.0514733209178088,0.15025066665084333,3.75678834612899,57.17934110398554,7000.0
0.9494736842105262,3.201,-5.0,-0.158592297098,0.006525329972,0.012558341554016753,0.03294034934044538,0.052024020866462135,-3.048443669993956,57.17934110398554,7000.0
0.9494736842105262,3.201,-2.916667,-0.08907524889,0.001954720092,0.012558341554016753,0.038910201765486915,0.05342326341150367,-1.6673494504422086,57.17934110398554,7000.0
0.9494736842105262,3.201,-0.833333,-0.024649519931,0.000188774546,0.012558341554016753,0.042450121461701934,0.05519723756171869,-0.44657162241929566,57.17934110398554,7000.0
0.9494736842105262,3.201,1.25,0.038441314578,0.000409913989,0.012558341554016753,0.044867761359701566,0.05783601690271832,0.664660476924946,57.17934110398554,7000.0
0.9494736842105262,3.201,3.333333,0.104935333446,0.002993749183,0.012558341554016753,0.04672014510544498,0.062272235842461734,1.6851062440004358,57.17934110398554,7000.0
0.9494736842105262,3.201,5.416667,0.172417065241,0.007997114282,0.012558341554016753,0.04812367344332536,0.06867912927934211,2.5104724979799804,57.17934110398554,7000.0
0.9494736842105262,3.201,7.5,0.239657824163,0.015367743026,0.012558341554016753,0.04919864849715947,0.07712473307717622,3.107405557218359,57.17934110398554,7000.0
0.9494736842105262,3.201,9.583333,0.305992568997,0.024992112656,0.012558341554016753,0.05003615345982873,0.08758660766984548,3.493599959373102,57.17934110398554,7000.0
0.9494736842105262,3.201,11.666667,0.37080969955,0.03659271707,0.012558341554016753,0.050698291459618496,0.09984935008363524,3.7136916688932327,57.17934110398554,7000.0
0.9494736842105262,3.201,13.75,0.431925831574,0.049661619452,0.012558341554016753,0.05121577250971212,0.11343573351572886,3.8076699306934856,57.17934110398554,7000.0
0.9494736842105262,3.201,15.833333,0.487896966721,0.063671796095,0.012558341554016753,0.05161857936778866,0.1278487170168054,3.8162054192289405,57.17934110398554,7000.0
0.9494736842105262,3.201,17.916667,0.532056231997,0.076153957355,0.012558341554016753,0.051897309612048234,0.14060960852106497,3.7839251356516774,57.17934110398554,7000.0
0.9494736842105262,3.201,20.0,0.564617655451,0.086650512703,0.012558341554016753,0.05208403901962618,0.15129289327664294,3.73195094113629,57.17934110398554,7000.0
1.0121052631578946,3.201,-5.0,-0.16128648952,0.014110739189,0.012432387686645497,0.046784529521748316,0.07332765639739382,-2.199531492537001,57.17934110398554,7000.0
1.0121052631578946,3.201,-2.916667,-0.101764489668,0.005184845698,0.012432387686645497,0.048029556838942306,0.0656467902235878,-1.5501822605705193,57.17934110398554,7000.0
1.0121052631578946,3.201,-0.833333,-0.024613549091,0.000358014732,0.012432387686645497,0.04905199055476781,0.06184239297341331,-0.39800447407624767,57.17934110398554,7000.0
1.0121052631578946,3.201,1.25,0.042805966634,0.000934029505,0.012432387686645497,0.0496427299663863,0.0630091471580318,0.6793611493683502,57.17934110398554,7000.0
1.0121052631578946,3.201,3.333333,0.116043707527,0.006758775572,0.012432387686645497,0.05009828510348723,0.06928944836213273,1.6747673746875846,57.17934110398554,7000.0
1.0121052631578946,3.201,5.416667,0.188943798452,0.017915902706,0.012432387686645497,0.050429753802945454,0.08077804419559095,2.3390489375368286,57.17934110398554,7000.0
1.0121052631578946,3.201,7.5,0.260748414952,0.034328168068,0.012432387686645497,0.05067753928486188,0.09743809503950737,2.6760417970638346,57.17934110398554,7000.0
1.0121052631578946,3.201,9.583333,0.330061825623,0.055724658832,0.012432387686645497,0.05086522380731831,0.11902227032596381,2.7731098114585326,57.17934110398554,7000.0
1.0121052631578946,3.201,11.666667,0.394479251542,0.081440954609,0.012432387686645497,0.05100662712257033,0.14487996941821582,2.7228004887499786,57.17934110398554,7000.0
1.0121052631578946,3.201,13.75,0.452360752943,0.110660214642,0.012432387686645497,0.05111301835960824,0.17420562068825374,2.5967058419573807,57.17934110398554,7000.0
1.0121052631578946,3.201,15.833333,0.497752787854,0.141102866258,0.012432387686645497,0.05118550083132338,0.2047207547759689,2.4313743293820087,57.17934110398554,7000.0
1.0121052631578946,3.201,17.916667,0.525789760558,0.169887167834,0.012432387686645497,0.05122619498225821,0.23354575050290372,2.251335164205708,57.17934110398554,7000.0
1.0121052631578946,3.201,20.0,0.536603808483,0.195126691388,0.012432387686645497,0.051241140209959804,0.25880021928460534,2.073428724157653,57.17934110398554,7000.0
1.074736842105263,3.201,-5.0,-0.17479868173,0.015292903009,0.012315599432418277,0.0530962886327199,0.08070479107413818,-2.165902165206325,57.17934110398554,7000.0
1.074736842105263,3.201,-2.916667,-0.102317031959,0.005212997484,0.012315599432418277,0.05176179131244886,0.06929038822886713,-1.4766410547599387,57.17934110398554,7000.0
1.074736842105263,3.201,-0.833333,-0.024507703895,0.000356475095,0.012315599432418277,0.05090435652215801,0.06357643104957629,-0.38548410929026716,57.17934110398554,7000.0
1.074736842105263,3.201,1.25,0.043048713025,0.000939326254,0.012315599432418277,0.050413369450301684,0.06366829513671995,0.6761405018393865,57.17934110398554,7000.0
1.074736842105263,3.201,3.333333,0.116876703514,0.006807292096,0.012315599432418277,0.050033020100552175,0.06915591162897045,1.6900464582269867,57.17934110398554,7000.0
1.074736842105263,3.201,5.416667,0.190589612363,0.018071961154,0.012315599432418277,0.04975612414559065,0.08014368473200892,2.378098948161784,57.17934110398554,7000.0
1.074736842105263,3.201,7.5,0.263128233478,0.034641452762,0.012315599432418277,0.04954979720368786,0.09650684939810614,2.726523921556636,57.17934110398554,7000.0
1.074736842105263,3.201,9.583333,0.332865253819,0.056198324775,0.012315599432418277,0.049394346594004365,0.11790827080142265,2.8230865532715774,57.17934110398554,7000.0
1.074736842105263,3.201,11.666667,0.397512165048,0.082066956756,0.012315599432418277,0.04927756144483908,0.14366011763325737,2.7670321561533777,57.17934110398554,7000.0
1.074736842105263,3.201,13.75,0.454786720392,0.111254690527,0.012315599432418277,0.0491908285392387,0.172761118498657,2.632459921215059,57.17934110398554,7000.0
1.074736842105263,3.201,15.833333,0.497445352286,0.141023491664,0.012315599432418277,0.04913444116658586,0.20247353226300413,2.4568413793455264,57.17934110398554,7000.0
1.074736842105263,3.201,17.916667,0.520389759788,0.16817717473,0.012315599432418277,0.04910659539089437,0.22959936955331264,2.2665121459193127,57.17934110398554,7000.0
1.074736842105263,3.201,20.0,0.522618610391,0.190130734579,0.012315599432418277,0.04910397559446111,0.25155030960587943,2.077590805631769,57.17934110398554,7000.0
1.1373684210526314,3.201,-5.0,-0.172983722707,0.015134114704,0.012206825836913994,0.0510213820003629,0.0783623225412769,-2.207485907731765,57.17934110398554,7000.0
1.1373684210526314,3.201,-2.916667,-0.101120224816,0.005152020764,0.012206825836913994,0.04918867747941038,0.06654752408032437,-1.5195189635296664,57.17934110398554,7000.0
1.1373684210526314,3.201,-0.833333,-0.02409686763,0.000350499308,0.012206825836913994,0.048005329431818164,0.060562654576732156,-0.39788327969457743,57.17934110398554,7000.0
1.1373684210526314,3.201,1.25,0.04255215508,0.000928491303,0.012206825836913994,0.047326425103949646,0.060461742243863636,0.7037864524044325,57.17934110398554,7000.0
1.1373684210526314,3.201,3.333333,0.115642217835,0.006735391499,0.012206825836913994,0.04679666666778677,0.06573888400370076,1.759114405235263,57.17934110398554,7000.0
1.1373684210526314,3.201,5.416667,0.188741802466,0.017896749213,0.012206825836913994,0.04640945888254311,0.0765130339324571,2.466792816405821,57.17934110398554,7000.0
1.1373684210526314,3.201,7.5,0.26068885672,0.034320290353,0.012206825836913994,0.046120442332969046,0.09264755852288303,2.8137693089409623,57.17934110398554,7000.0
1.1373684210526314,3.201,9.583333,0.329862312491,0.055690859672,0.012206825836913994,0.045902418474451014,0.11380010398336501,2.8986116966924595,57.17934110398554,7000.0
1.1373684210526314,3.201,11.666667,0.39405593306,0.081354369149,0.012206825836913994,0.04573831324657926,0.13929950823249326,2.8288393696430996,57.17934110398554,7000.0
1.1373684210526314,3.201,13.75,0.45054773832,0.110220501152,0.012206825836913994,0.04561712731355545,0.16804445430246945,2.6811223267686204,57.17934110398554,7000.0
1.1373684210526314,3.201,15.833333,0.491546960427,0.139357185081,0.012206825836913994,0.04554015432015437,0.19710416523806837,2.4938435970305077,57.17934110398554,7000.0
1.1373684210526314,3.201,17.916667,0.512708347517,0.165704534775,0.012206825836913994,0.04550353269286687,0.22341489330478084,2.294870945857523,57.17934110398554,7000.0
1.1373684210526314,3.201,20.0,0.51370978956,0.186903689916,0.012206825836913994,0.045501848116965796,0.24461236386987978,2.1000974007726985,57.17934110398554,7000.0
1.2,3.201,-5.0,-0.17033313973,0.014902218721,0.01210511450190168,0.04037095282263113,0.06737828604553281,-2.528012357199061,57.17934110398554,7000.0
1.2,3.201,-2.916667,-0.099506869177,0.00506982126,0.01210511450190168,0.04037095282263113,0.057545888584532814,-1.7291742577026685,57.17934110398554,7000.0
1.2,3.201,-0.833333,-0.023656085336,0.0003440879,0.01210511450190168,0.04037095282263113,0.05282015522453281,-0.44786095829216177,57.17934110398554,7000.0
1.2,3.201,1.25,0.04194263304,0.000915191519,0.01210511450190168,0.04037095282263113,0.05339125884353281,0.7855711580600884,57.17934110398554,7000.0
1.2,3.201,3.333333,0.114055895602,0.006642998718,0.01210511450190168,0.04037095282263113,0.05911906604253281,1.9292573992955717,57.17934110398554,7000.0
1.2,3.201,5.416667,0.18630015545,0.017665228986,0.01210511450190168,0.04037095282263113,0.07014129631053281,2.6560694661986752,57.17934110398554,7000.0
1.2,3.201,7.5,0.257454447762,0.033894472101,0.01210511450190168,0.04037095282263113,0.08637053942553281,2.9808132434320704,57.17934110398554,7000.0
1.2,3.201,9.583333,0.325992507417,0.055037711558,0.01210511450190168,0.04037095282263113,0.10751377888253282,3.0320997997212267,57.17934110398554,7000.0
1.2,3.201,11.666667,0.389935823745,0.080505649728,0.01210511450190168,0.04037095282263113,0.1329817170525328,2.9322513830300494,57.17934110398554,7000.0
1.2,3.201,13.75,0.445980463525,0.109107766409,0.01210511450190168,0.04037095282263113,0.1615838337335328,2.760056208719892,57.17934110398554,7000.0
1.2,3.201,15.833333,0.486361032474,0.137894111358,0.01210511450190168,0.04037095282263113,0.1903701786825328,2.5548173345210263,57.17934110398554,7000.0
1.2,3.201,17.916667,0.507096823642,0.163919698598,0.01210511450190168,0.04037095282263113,0.21639576592253285,2.343376828470548,57.17934110398554,7000.0
1.2,3.201,20.0,0.508120333408,0.18487753468,0.01210511450190168,0.04037095282263113,0.23735360200453282,2.1407736352713798,57.17934110398554,7000.0
0.01,3.201,-5.0,-0.143769845682,0.00541010167,0.02949357593666909,0.0,0.03490367760666909,-4.119045772257812,57.17934110398554,8000.0
0.01,3.201,-2.916667,-0.082993533372,0.001676633787,0.02949357593666909,0.0,0.03117020972366909,-2.6625914329020017,57.17934110398554,8000.0
0.01,3.201,-0.833333,-0.022135019161,0.000150594394,0.02949357593666909,0.0,0.02964417033066909,-0.7466904593413324,57.17934110398554,8000.0
0.01,3.201,1.25,0.035050573776,0.000337258693,0.02949357593666909,0.0,0.02983083462966909,1.1749779786965622,57.17934110398554,8000.0
0.01,3.201,3.333333,0.095017554368,0.002425190355,0.02949357593666909,0.0,0.03191876629166909,2.97685548055784,57.17934110398554,8000.0
0.01,3.201,5.416667,0.156089626199,0.006465084796,0.02949357593666909,0.0,0.03595866073266909,4.340807555638182,57.17934110398554,8000.0
0.01,3.201,7.5,0.217099263575,0.01242245198,0.02949357593666909,0.0,0.04191602791666909,5.179385413298295,57.17934110398554,8000.0
0.01,3.201,9.583333,0.277820685904,0.020265615907,0.02949357593666909,0.0,0.04975919184366909,5.583303820062894,57.17934110398554,8000.0
0.01,3.201,11.666667,0.344181623435,0.031254952444,0.02949357593666909,0.0,0.06074852838066909,5.665678372951709,57.17934110398554,8000.0
0.01,3.201,13.75,0.404693263142,0.04329420396,0.02949357593666909,0.0,0.0727877798966691,5.559906672747955,57.17934110398554,8000.0
0.01,3.201,15.833333,0.461859165835,0.056604918712,0.02949357593666909,0.0,0.08609849464866909,5.364311742262725,57.17934110398554,8000.0
0.01,3.201,17.916667,0.513246349725,0.0704158324,0.02949357593666909,0.0,0.09990940833666909,5.137117297256846,57.17934110398554,8000.0
0.01,3.201,20.0,0.556008149009,0.08370013044,0.02949357593666909,0.0,0.11319370637666909,4.9120058597498275,57.17934110398554,8000.0
0.07263157894736841,3.201,-5.0,-0.143846817824,0.005415709882,0.019665445898957752,0.0,0.02508115578095775,-5.735254749831431,57.17934110398554,8000.0
0.07263157894736841,3.201,-2.916667,-0.083035199327,0.001677892194,0.019665445898957752,0.0,0.021343338092957752,-3.890450451815572,57.17934110398554,8000.0
0.07263157894736841,3.201,-0.833333,-0.022147921265,0.000150767047,0.019665445898957752,0.0,0.019816212945957753,-1.1176666967296536,57.17934110398554,8000.0
0.07263157894736841,3.201,1.25,0.035069082898,0.000337611573,0.019665445898957752,0.0,0.020003057471957752,1.753186129028689,57.17934110398554,8000.0
0.07263157894736841,3.201,3.333333,0.095067910098,0.002427780803,0.019665445898957752,0.0,0.022093226701957753,4.303034200503439,57.17934110398554,8000.0
0.07263157894736841,3.201,5.416667,0.156172115648,0.006471974981,0.019665445898957752,0.0,0.026137420879957754,5.9750392498654366,57.17934110398554,8000.0
0.07263157894736841,3.201,7.5,0.21721187601,0.012435503319,0.019665445898957752,0.0,0.03210094921795775,6.766525018783196,57.17934110398554,8000.0
0.07263157894736841,3.201,9.583333,0.277959676509,0.020286123728,0.019665445898957752,0.0,0.039951569626957756,6.957415668631044,57.17934110398554,8000.0
0.07263157894736841,3.201,11.666667,0.344345497394,0.031284316892,0.019665445898957752,0.0,0.05094976279095775,6.758529942657796,57.17934110398554,8000.0
0.07263157894736841,3.201,13.75,0.404871541962,0.043332005764,0.019665445898957752,0.0,0.06299745166295775,6.426792374524934,57.17934110398554,8000.0
0.07263157894736841,3.201,15.833333,0.462044547368,0.056649542858,0.019665445898957752,0.0,0.07631498875695775,6.05444035167829,57.17934110398554,8000.0
0.07263157894736841,3.201,17.916667,0.513395736054,0.070456228024,0.019665445898957752,0.0,0.09012167392295775,5.696695519580409,57.17934110398554,8000.0
0.07263157894736841,3.201,20.0,0.555906281155,0.0836567098,0.019665445898957752,0.0,0.10332215569895775,5.38032019748701,57.17934110398554,8000.0
0.13526315789473684,3.201,-5.0,-0.144144951151,0.005437425554,0.0175334482698782,0.0,0.022970873823878198,-6.275118319667992,57.17934110398554,8000.0
0.13526315789473684,3.201,-2.916667,-0.083206763861,0.001683829709,0.0175334482698782,0.0,0.0192172779788782,-4.32978926320642,57.17934110398554,8000.0
0.13526315789473684,3.201,-0.833333,-0.022195723117,0.00015138596,0.0175334482698782,0.0,0.0176848342298782,-1.25507103026732,57.17934110398554,8000.0
0.13526315789473684,3.201,1.25,0.035143488132,0.000339011197,0.0175334482698782,0.0,0.0178724594668782,1.9663487388027938,57.17934110398554,8000.0
0.13526315789473684,3.201,3.333333,0.095267286228,0.00243780653,0.0175334482698782,0.0,0.0199712547998782,4.77022035834128,57.17934110398554,8000.0
0.13526315789473684,3.201,5.416667,0.156496463431,0.006498554086,0.0175334482698782,0.0,0.0240320023558782,6.512002666840665,57.17934110398554,8000.0
0.13526315789473684,3.201,7.5,0.217655122943,0.012485935742,0.0175334482698782,0.0,0.0300193840118782,7.250485981220576,57.17934110398554,8000.0
0.13526315789473684,3.201,9.583333,0.27851570507,0.020366558873,0.0175334482698782,0.0,0.037900007142878195,7.3486979572333935,57.17934110398554,8000.0
0.13526315789473684,3.201,11.666667,0.345012836642,0.031401646436,0.0175334482698782,0.0,0.0489350947058782,7.05041726629286,57.17934110398554,8000.0
0.13526315789473684,3.201,13.75,0.405623648656,0.043487267738,0.0175334482698782,0.0,0.0610207160078782,6.647310539647407,57.17934110398554,8000.0
0.13526315789473684,3.201,15.833333,0.462862156312,0.056843264797,0.0175334482698782,0.0,0.0743767130668782,6.223213385294437,57.17934110398554,8000.0
0.13526315789473684,3.201,17.916667,0.514085554888,0.070632361783,0.0175334482698782,0.0,0.0881658100528782,5.830894703736888,57.17934110398554,8000.0
0.13526315789473684,3.201,20.0,0.556230494568,0.0837387333,0.0175334482698782,0.0,0.1012721815698782,5.492431247609678,57.17934110398554,8000.0
0.19789473684210523,3.201,-5.0,-0.144439739446,0.005460333309,0.01638519419244839,0.0,0.02184552750144839,-6.611867781010252,57.17934110398554,8000.0
0.19789473684210523,3.201,-2.916667,-0.083370958599,0.00169117465,0.01638519419244839,0.0,0.018076368842448388,-4.612151883248896,57.17934110398554,8000.0
0.19789473684210523,3.201,-0.833333,-0.022239280174,0.000152017872,0.01638519419244839,0.0,0.01653721206444839,-1.3448022609451737,57.17934110398554,8000.0
0.19789473684210523,3.201,1.25,0.035216346674,0.000340436896,0.01638519419244839,0.0,0.01672563108844839,2.1055317128405564,57.17934110398554,8000.0
0.19789473684210523,3.201,3.333333,0.095462092103,0.002447655008,0.01638519419244839,0.0,0.01883284920044839,5.068913953855009,57.17934110398554,8000.0
0.19789473684210523,3.201,5.416667,0.156813306015,0.006524305506,0.01638519419244839,0.0,0.02290949969844839,6.844903122245861,57.17934110398554,8000.0
0.19789473684210523,3.201,7.5,0.218086903688,0.012534703591,0.01638519419244839,0.0,0.02891989778344839,7.541067583330699,57.17934110398554,8000.0
0.19789473684210523,3.201,9.583333,0.279054432285,0.020444803408,0.01638519419244839,0.0,0.03682999760044839,7.5768246121635,57.17934110398554,8000.0
0.19789473684210523,3.201,11.666667,0.345642661439,0.031514698299,0.01638519419244839,0.0,0.04789989249144839,7.215938146431287,57.17934110398554,8000.0
0.19789473684210523,3.201,13.75,0.406313639365,0.043628718326,0.01638519419244839,0.0,0.06001391251844839,6.770324118430012,57.17934110398554,8000.0
0.19789473684210523,3.201,15.833333,0.463567461439,0.057007316101,0.01638519419244839,0.0,0.0733925102934484,6.316277500054141,57.17934110398554,8000.0
0.19789473684210523,3.201,17.916667,0.514624075635,0.070762207167,0.01638519419244839,0.0,0.0871474013594484,5.905214241700452,57.17934110398554,8000.0
0.19789473684210523,3.201,20.0,0.556599706234,0.083837948072,0.01638519419244839,0.0,0.1002231422644484,5.553604623225224,57.17934110398554,8000.0
0.26052631578947366,3.201,-5.0,-0.144883554158,0.005493312409,0.015619793295034271,0.0,0.021113105704034272,-6.8622568460080124,57.17934110398554,8000.0
0.26052631578947366,3.201,-2.916667,-0.083608787107,0.001697787304,0.015619793295034271,0.0,0.017317580599034273,-4.827971588113325,57.17934110398554,8000.0
0.26052631578947366,3.201,-0.833333,-0.022313367526,0.000153012713,0.015619793295034271,0.0,0.01577280600803427,-1.4146733000224647,57.17934110398554,8000.0
0.26052631578947366,3.201,1.25,0.035322980124,0.000342484021,0.015619793295034271,0.0,0.015962277316034272,2.212903549076779,57.17934110398554,8000.0
0.26052631578947366,3.201,3.333333,0.095751908832,0.002462574937,0.015619793295034271,0.0,0.01808236823203427,5.295319042467474,57.17934110398554,8000.0
0.26052631578947366,3.201,5.416667,0.157288415986,0.006564187271,0.015619793295034271,0.0,0.02218398056603427,7.090180029585093,57.17934110398554,8000.0
0.26052631578947366,3.201,7.5,0.218733817042,0.012610096741,0.015619793295034271,0.0,0.028229890036034273,7.748305670436387,57.17934110398554,8000.0
0.26052631578947366,3.201,9.583333,0.279855780665,0.020564208909,0.015619793295034271,0.0,0.03618400220403427,7.734240648310539,57.17934110398554,8000.0
0.26052631578947366,3.201,11.666667,0.346586057901,0.031685668772,0.015619793295034271,0.0,0.047305462067034273,7.326554751962251,57.17934110398554,8000.0
0.26052631578947366,3.201,13.75,0.407342823158,0.043843949381,0.015619793295034271,0.0,0.05946374267603427,6.8502721965762134,57.17934110398554,8000.0
0.26052631578947366,3.201,15.833333,0.46462549048,0.057263716807,0.015619793295034271,0.0,0.07288351010203427,6.3749055146979225,57.17934110398554,8000.0
0.26052631578947366,3.201,17.916667,0.515466091171,0.070990841956,0.015619793295034271,0.0,0.08661063525103427,5.951533430934447,57.17934110398554,8000.0
0.26052631578947366,3.201,20.0,0.556812924554,0.083881015377,0.015619793295034271,0.0,0.09950080867203427,5.596064313299375,57.17934110398554,8000.0
0.3231578947368421,3.201,-5.0,-0.14546135336,0.005535858762,0.015054536795576315,0.0,0.020590395557576316,-7.064524474687759,57.17934110398554,8000.0
0.3231578947368421,3.201,-2.916667,-0.083916993413,0.001707284535,0.015054536795576315,0.0,0.016761821330576316,-5.006436458066858,57.17934110398554,8000.0
0.3231578947368421,3.201,-0.833333,-0.022412623778,0.000154355875,0.015054536795576315,0.0,0.015208892670576315,-1.4736525704701888,57.17934110398554,8000.0
0.3231578947368421,3.201,1.25,0.035461949444,0.000345161315,0.015054536795576315,0.0,0.015399698110576315,2.3027691315354546,57.17934110398554,8000.0
0.3231578947368421,3.201,3.333333,0.096129285453,0.002482067248,0.015054536795576315,0.0,0.017536604043576313,5.481636308496816,57.17934110398554,8000.0
0.3231578947368421,3.201,5.416667,0.157907546488,0.006616379091,0.015054536795576315,0.0,0.021670915886576315,7.28661157260147,57.17934110398554,8000.0
0.3231578947368421,3.201,7.5,0.219576973984,0.01270750678,0.015054536795576315,0.0,0.027762043575576316,7.909251110648535,57.17934110398554,8000.0
0.3231578947368421,3.201,9.583333,0.28090689026,0.020721094642,0.015054536795576315,0.0,0.03577563143757632,7.851905863636394,57.17934110398554,8000.0
0.3231578947368421,3.201,11.666667,0.347811274547,0.031907397496,0.015054536795576315,0.0,0.046961934291576315,7.406238260705284,57.17934110398554,8000.0
0.3231578947368421,3.201,13.75,0.408682513679,0.044126429361,0.015054536795576315,0.0,0.059180966156576316,6.905641124508514,57.17934110398554,8000.0
0.3231578947368421,3.201,15.833333,0.465978074943,0.057594099925,0.015054536795576315,0.0,0.07264863672057632,6.4141337811370205,57.17934110398554,8000.0
0.3231578947368421,3.201,17.916667,0.516567022646,0.071278335779,0.015054536795576315,0.0,0.08633287257457632,5.983433740140843,57.17934110398554,8000.0
0.3231578947368421,3.201,20.0,0.557602874466,0.084122592,0.015054536795576315,0.0,0.09917712879557632,5.622292974576123,57.17934110398554,8000.0
0.38578947368421046,3.201,-5.0,-0.146282824113,0.005595503585,0.01461089843096687,0.0,0.020206402015966872,-7.2394295628389935,57.17934110398554,8000.0
0.38578947368421046,3.201,-2.916667,-0.084366677165,0.001720809926,0.01461089843096687,0.0,0.01633170835696687,-5.165820704177,57.17934110398554,8000.0
0.38578947368421046,3.201,-0.833333,-0.022552680281,0.000156228657,0.01461089843096687,0.0,0.014767127087966871,-1.527221926557215,57.17934110398554,8000.0
0.38578947368421046,3.201,1.25,0.035662529513,0.000348963599,0.01461089843096687,0.0,0.01495986202996687,2.38388091023584,57.17934110398554,8000.0
0.38578947368421046,3.201,3.333333,0.096665996558,0.002509349012,0.01461089843096687,0.0,0.01712024744296687,5.64629669518656,57.17934110398554,8000.0
0.38578947368421046,3.201,5.416667,0.158786302066,0.006689300144,0.01461089843096687,0.0,0.021300198574966872,7.454686467224494,57.17934110398554,8000.0
0.38578947368421046,3.201,7.5,0.220774889678,0.012845395693,0.01461089843096687,0.0,0.02745629412396687,8.040957336820027,57.17934110398554,8000.0
0.38578947368421046,3.201,9.583333,0.282403250866,0.020941772865,0.01461089843096687,0.0,0.03555267129596687,7.9432357843118275,57.17934110398554,8000.0
0.38578947368421046,3.201,11.666667,0.343980927054,0.031065564918,0.01461089843096687,0.0,0.04567646334896687,7.530813505108651,57.17934110398554,8000.0
0.38578947368421046,3.201,13.75,0.410643865073,0.044533440798,0.01461089843096687,0.0,0.05914433922896687,6.943079767672519,57.17934110398554,8000.0
0.38578947368421046,3.201,15.833333,0.467983652316,0.058073005369,0.01461089843096687,0.0,0.07268390379996686,6.438614711779052,57.17934110398554,8000.0
0.38578947368421046,3.201,17.916667,0.517283351749,0.071440497317,0.01461089843096687,0.0,0.08605139574796687,6.011330173702868,57.17934110398554,8000.0
0.38578947368421046,3.201,20.0,0.558885284582,0.08453303607,0.01461089843096687,0.0,0.09914393450096687,5.637110201396634,57.17934110398554,8000.0
0.4484210526315789,3.201,-5.0,-0.14720622549,0.005667443288,0.014248344751512538,0.0,0.019915788039512536,-7.391433630341201,57.17934110398554,8000.0
0.4484210526315789,3.201,-2.916667,-0.084808797395,0.001726925779,0.014248344751512538,0.0,0.015975270530512536,-5.308755005620494,57.17934110398554,8000.0
0.4484210526315789,3.201,-0.833333,-0.022703346444,0.0001586369,0.014248344751512538,0.0,0.014406981651512538,-1.5758572470741263,57.17934110398554,8000.0
0.4484210526315789,3.201,1.25,0.035878583318,0.000353336274,0.014248344751512538,0.0,0.014601681025512538,2.4571542999269576,57.17934110398554,8000.0
0.4484210526315789,3.201,3.333333,0.097256497513,0.00254137903,0.014248344751512538,0.0,0.016789723781512538,5.792620461099595,57.17934110398554,8000.0
0.4484210526315789,3.201,5.416667,0.159781212049,0.006777037671,0.014248344751512538,0.0,0.021025382422512538,7.599443797888653,57.17934110398554,8000.0
0.4484210526315789,3.201,7.5,0.222137424669,0.013011723462,0.014248344751512538,0.0,0.02726006821351254,8.148821306283038,57.17934110398554,8000.0
0.4484210526315789,3.201,9.583333,0.284100999511,0.021205985717,0.014248344751512538,0.0,0.03545433046851254,8.013153703842013,57.17934110398554,8000.0
0.4484210526315789,3.201,11.666667,0.345827596879,0.031402641906,0.014248344751512538,0.0,0.045650986657512535,7.575468181520432,57.17934110398554,8000.0
0.4484210526315789,3.201,13.75,0.412700990492,0.044976254642,0.014248344751512538,0.0,0.05922459939351254,6.968404931704903,57.17934110398554,8000.0
0.4484210526315789,3.201,15.833333,0.470018328446,0.058575993876,0.014248344751512538,0.0,0.07282433862751254,6.454137961349508,57.17934110398554,8000.0
0.4484210526315789,3.201,17.916667,0.518881007248,0.071880480587,0.014248344751512538,0.0,0.08612882533851254,6.024475606263518,57.17934110398554,8000.0
0.4484210526315789,3.201,20.0,0.560029780529,0.084896768933,0.014248344751512538,0.0,0.09914511368451254,5.648586800869061,57.17934110398554,8000.0
0.5110526315789473,3.201,-5.0,-0.148335964713,0.005750952507,0.013943382977933717,0.0,0.01969433548493372,-7.531910118342296,57.17934110398554,8000.0
0.5110526315789473,3.201,-2.916667,-0.085428978494,0.001747109102,0.013943382977933717,0.0,0.015690492079933716,-5.444633479867312,57.17934110398554,8000.0
0.5110526315789473,3.201,-0.833333,-0.022904859362,0.000161367999,0.013943382977933717,0.0,0.014104750976933717,-1.6239109360709443,57.17934110398554,8000.0
0.5110526315789473,3.201,1.25,0.036155403011,0.000358732965,0.013943382977933717,0.0,0.014302115942933718,2.5279758012913742,57.17934110398554,8000.0
0.5110526315789473,3.201,3.333333,0.097980829938,0.002579352939,0.013943382977933717,0.0,0.016522735916933717,5.930060882809489,57.17934110398554,8000.0
0.5110526315789473,3.201,5.416667,0.160955823497,0.006877083566,0.013943382977933717,0.0,0.020820466543933717,7.730654025324727,57.17934110398554,8000.0
0.5110526315789473,3.201,7.5,0.223739036062,0.013201900978,0.013943382977933717,0.0,0.027145283955933717,8.242280184845612,57.17934110398554,8000.0
0.5110526315789473,3.201,9.583333,0.286100360579,0.02150735194,0.013943382977933717,0.0,0.03545073491793371,8.070364725620072,57.17934110398554,8000.0
0.5110526315789473,3.201,11.666667,0.348138342168,0.03182317281,0.013943382977933717,0.0,0.04576655578793372,7.606828527389123,57.17934110398554,8000.0
0.5110526315789473,3.201,13.75,0.415332237527,0.045533860957,0.013943382977933717,0.0,0.05947724393493372,6.98304443933819,57.17934110398554,8000.0
0.5110526315789473,3.201,15.833333,0.472652715154,0.059220167594,0.013943382977933717,0.0,0.07316355057193372,6.460221127312463,57.17934110398554,8000.0
0.5110526315789473,3.201,17.916667,0.521028146399,0.072465769483,0.013943382977933717,0.0,0.08640915246093372,6.029779618942114,57.17934110398554,8000.0
0.5110526315789473,3.201,20.0,0.561623640308,0.085374733824,0.013943382977933717,0.0,0.09931811680193373,5.654795503503397,57.17934110398554,8000.0
0.5736842105263157,3.201,-5.0,-0.149160828981,0.005808511335,0.013681254505288603,0.0,0.019489765840288602,-7.653289947314793,57.17934110398554,8000.0
0.5736842105263157,3.201,-2.916667,-0.085912890806,0.00177263379,0.013681254505288603,0.0,0.015453888295288603,-5.559305798281983,57.17934110398554,8000.0
0.5736842105263157,3.201,-0.833333,-0.023087927693,0.000164046717,0.013681254505288603,0.0,0.013845301222288603,-1.6675641304092628,57.17934110398554,8000.0
0.5736842105263157,3.201,1.25,0.036358621971,0.000362746014,0.013681254505288603,0.0,0.014044000519288603,2.5889077632162993,57.17934110398554,8000.0
0.5736842105263157,3.201,3.333333,0.098530330166,0.002608802144,0.013681254505288603,0.0,0.016290056649288603,6.048495243894863,57.17934110398554,8000.0
0.5736842105263157,3.201,5.416667,0.161827827137,0.006953886213,0.013681254505288603,0.0,0.020635140718288602,7.84234182583376,57.17934110398554,8000.0
0.5736842105263157,3.201,7.5,0.224908548365,0.013346824405,0.013681254505288603,0.0,0.027028078910288605,8.321292427460891,57.17934110398554,8000.0
0.5736842105263157,3.201,9.583333,0.287537795551,0.021737950202,0.013681254505288603,0.0,0.0354192047072886,8.118132463088031,57.17934110398554,8000.0
0.5736842105263157,3.201,11.666667,0.349832121183,0.032152102949,0.013681254505288603,0.0,0.0458333574542886,7.6326968089104374,57.17934110398554,8000.0
0.5736842105263157,3.201,13.75,0.415718467434,0.045605893078,0.013681254505288603,0.0,0.059287147583288596,7.01194920619152,57.17934110398554,8000.0
0.5736842105263157,3.201,15.833333,0.474475261377,0.05970056349,0.013681254505288603,0.0,0.0733818179952886,6.465842279997249,57.17934110398554,8000.0
0.5736842105263157,3.201,17.916667,0.52287141039,0.073027566136,0.013681254505288603,0.0,0.08670882064128861,6.03019861789034,57.17934110398554,8000.0
0.5736842105263157,3.201,20.0,0.562672136492,0.085721562624,0.013681254505288603,0.0,0.09940281712928861,5.6605250509164,57.17934110398554,8000.0
0.6363157894736842,3.201,-5.0,-0.150659208095,0.005918979203,0.013452119348536533,0.0,0.019371098551536535,-7.777525249493378,57.17934110398554,8000.0
0.6363157894736842,3.201,-2.916667,-0.086715980108,0.001789854254,0.013452119348536533,0.0,0.015241973602536533,-5.6892881702385925,57.17934110398554,8000.0
0.6363157894736842,3.201,-0.833333,-0.023388598373,0.000167965908,0.013452119348536533,0.0,0.013620085256536534,-1.71721380097642,57.17934110398554,8000.0
0.6363157894736842,3.201,1.25,0.036719345704,0.000369851271,0.013452119348536533,0.0,0.013821970619536533,2.6565926606803365,57.17934110398554,8000.0
0.6363157894736842,3.201,3.333333,0.099496490098,0.002659967448,0.013452119348536533,0.0,0.016112086796536532,6.175270239941101,57.17934110398554,8000.0
0.6363157894736842,3.201,5.416667,0.163411396879,0.007090954875,0.013452119348536533,0.0,0.020543074223536534,7.954573648562147,57.17934110398554,8000.0
0.6363157894736842,3.201,7.5,0.227075209563,0.01360793863,0.013452119348536533,0.0,0.027060057978536535,8.391527089229124,57.17934110398554,8000.0
0.6363157894736842,3.201,9.583333,0.290245899867,0.022155561677,0.013452119348536533,0.0,0.03560768102553653,8.151216015972683,57.17934110398554,8000.0
0.6363157894736842,3.201,11.666667,0.352017905267,0.032535830738,0.013452119348536533,0.0,0.045987950086536535,7.654568307667556,57.17934110398554,8000.0
0.6363157894736842,3.201,13.75,0.412640735707,0.044752663754,0.013452119348536533,0.0,0.05820478310253653,7.089464365498467,57.17934110398554,8000.0
0.6363157894736842,3.201,15.833333,0.477974551559,0.060571010995,0.013452119348536533,0.0,0.07402313034353654,6.457097252450026,57.17934110398554,8000.0
0.6363157894736842,3.201,17.916667,0.525720101231,0.073838091923,0.013452119348536533,0.0,0.08729021127153654,6.022669593451036,57.17934110398554,8000.0
0.6363157894736842,3.201,20.0,0.564826996238,0.086447638279,0.013452119348536533,0.0,0.09989975762753653,5.653937603571425,57.17934110398554,8000.0
0.6989473684210525,3.201,-5.0,-0.151685751345,0.005995110246,0.013249109251870284,0.0,0.019244219497870283,-7.882146187419383,57.17934110398554,8000.0
0.6989473684210525,3.201,-2.916667,-0.087165419184,0.00177523601,0.013249109251870284,0.0,0.015024345261870284,-5.801611828317991,57.17934110398554,8000.0
0.6989473684210525,3.201,-0.833333,-0.023630175749,0.000171559827,0.013249109251870284,0.0,0.013420669078870283,-1.760730080604083,57.17934110398554,8000.0
0.6989473684210525,3.201,1.25,0.036967558309,0.000374921911,0.013249109251870284,0.0,0.013624031162870283,2.713408231900414,57.17934110398554,8000.0
0.6989473684210525,3.201,3.333333,0.10018534215,0.002698742351,0.013249109251870284,0.0,0.015947851602870284,6.282058840575661,57.17934110398554,8000.0
0.6989473684210525,3.201,5.416667,0.164589669181,0.007199266011,0.013249109251870284,0.0,0.020448375262870282,8.049034070685233,57.17934110398554,8000.0
0.6989473684210525,3.201,7.5,0.22871413232,0.01381570108,0.013249109251870284,0.0,0.027064810331870283,8.450609094078029,57.17934110398554,8000.0
0.6989473684210525,3.201,9.583333,0.29227728113,0.022484281574,0.013249109251870284,0.0,0.03573339082587028,8.179388364073105,57.17934110398554,8000.0
0.6989473684210525,3.201,11.666667,0.3542957523,0.032975462331,0.013249109251870284,0.0,0.046224571582870286,7.664662757659683,57.17934110398554,8000.0
0.6989473684210525,3.201,13.75,0.415068939721,0.045292228717,0.013249109251870284,0.0,0.05854133796887028,7.090185399276584,57.17934110398554,8000.0
0.6989473684210525,3.201,15.833333,0.479455709869,0.06091936155,0.013249109251870284,0.0,0.07416847080187028,6.464414119441569,57.17934110398554,8000.0
0.6989473684210525,3.201,17.916667,0.528167595497,0.074542801891,0.013249109251870284,0.0,0.08779191114287029,6.01613051386333,57.17934110398554,8000.0
0.6989473684210525,3.201,20.0,0.566092814972,0.086811908138,0.013249109251870284,0.0,0.10006101738987028,5.657476105467909,57.17934110398554,8000.0
0.7615789473684209,3.201,-5.0,-0.15293285481,0.006079217162,0.013067252346213766,0.0,0.019146469508213766,-7.987522438243372,57.17934110398554,8000.0
0.7615789473684209,3.201,-2.916667,-0.087718428984,0.001855197215,0.013067252346213766,0.0,0.014922449561213766,-5.878286177089623,57.17934110398554,8000.0
0.7615789473684209,3.201,-0.833333,-0.023966943756,0.000176392194,0.013067252346213766,0.0,0.013243644540213765,-1.8096939768524738,57.17934110398554,8000.0
0.7615789473684209,3.201,1.25,0.037359716304,0.00038289295,0.013067252346213766,0.0,0.013450145296213765,2.7776440686121666,57.17934110398554,8000.0
0.7615789473684209,3.201,3.333333,0.101254442307,0.002757321633,0.013067252346213766,0.0,0.015824573979213767,6.398557233831501,57.17934110398554,8000.0
0.7615789473684209,3.201,5.416667,0.166349628846,0.007357849497,0.013067252346213766,0.0,0.020425101843213764,8.144372063499386,57.17934110398554,8000.0
0.7615789473684209,3.201,7.5,0.231106237582,0.014115650108,0.013067252346213766,0.0,0.027182902454213766,8.501897027783174,57.17934110398554,8000.0
0.7615789473684209,3.201,9.583333,0.29521691604,0.022957942426,0.013067252346213766,0.0,0.03602519477221377,8.194734765672962,57.17934110398554,8000.0
0.7615789473684209,3.201,11.666667,0.357614202157,0.033612723306,0.013067252346213766,0.0,0.04667997565221377,7.660976621354352,57.17934110398554,8000.0
0.7615789473684209,3.201,13.75,0.418635606883,0.046091796995,0.013067252346213766,0.0,0.05915904934121377,7.076442430107698,57.17934110398554,8000.0
0.7615789473684209,3.201,15.833333,0.475691037519,0.059757739132,0.013067252346213766,0.0,0.07282499147821377,6.5319751896065394,57.17934110398554,8000.0
0.7615789473684209,3.201,17.916667,0.530582465875,0.075235108504,0.013067252346213766,0.0,0.08830236085021377,6.008700795384403,57.17934110398554,8000.0
0.7615789473684209,3.201,20.0,0.568204800961,0.08749409771,0.013067252346213766,0.0,0.10056135005621376,5.650329879654298,57.17934110398554,8000.0
0.8242105263157894,3.201,-5.0,-0.154935501886,0.006232058181,0.01290284113275614,0.0,0.01913489931375614,-8.097011609285886,57.17934110398554,8000.0
0.8242105263157894,3.201,-2.916667,-0.087742150251,0.001882616602,0.01290284113275614,0.0,0.01478545773475614,-5.934354676402391,57.17934110398554,8000.0
0.8242105263157894,3.201,-0.833333,-0.02415444881,0.000179392804,0.01290284113275614,0.0,0.01308223393675614,-1.8463550588355644,57.17934110398554,8000.0
0.8242105263157894,3.201,1.25,0.037794054885,0.000392310583,0.01290284113275614,0.0,0.01329515171575614,2.842694516995252,57.17934110398554,8000.0
0.8242105263157894,3.201,3.333333,0.10262528529,0.002836329553,0.01290284113275614,0.0,0.01573917068575614,6.5203743792470155,57.17934110398554,8000.0
0.8242105263157894,3.201,5.416667,0.168230192491,0.007539266031,0.01290284113275614,0.0,0.020442107163756138,8.229591555476834,57.17934110398554,8000.0
0.8242105263157894,3.201,7.5,0.234328039011,0.014548410058,0.01290284113275614,0.0,0.02745125119075614,8.536151499349764,57.17934110398554,8000.0
0.8242105263157894,3.201,9.583333,0.299208953704,0.023645014163,0.01290284113275614,0.0,0.03654785529575614,8.186771871638213,57.17934110398554,8000.0
0.8242105263157894,3.201,11.666667,0.362164571706,0.034548950921,0.01290284113275614,0.0,0.04745179205375614,7.632263314644029,57.17934110398554,8000.0
0.8242105263157894,3.201,13.75,0.423532738765,0.047272643975,0.01290284113275614,0.0,0.06017548510775614,7.038293717226885,57.17934110398554,8000.0
0.8242105263157894,3.201,15.833333,0.480170389455,0.061009967631,0.01290284113275614,0.0,0.07391280876375614,6.496443545931869,57.17934110398554,8000.0
0.8242105263157894,3.201,17.916667,0.525767580968,0.073676333649,0.01290284113275614,0.0,0.08657917478175614,6.072679513212329,57.17934110398554,8000.0
0.8242105263157894,3.201,20.0,0.560877742805,0.084871822393,0.01290284113275614,0.0,0.09777466352575613,5.736432349442468,57.17934110398554,8000.0
0.8868421052631578,3.201,-5.0,-0.157637409026,0.006420528946,0.012753041942215652,0.011211193891624463,0.030384764779840114,-5.188041117586348,57.17934110398554,8000.0
0.8868421052631578,3.201,-2.916667,-0.089009172812,0.001935515964,0.012753041942215652,0.02362410618577811,0.03831266409199376,-2.323231101817332,57.17934110398554,8000.0
0.8868421052631578,3.201,-0.833333,-0.024668051388,0.000186818004,0.012753041942215652,0.031099333759174817,0.04403919370539047,-0.5601385791261794,57.17934110398554,8000.0
0.8868421052631578,3.201,1.25,0.038433738509,0.000405695507,0.012753041942215652,0.03621347064075314,0.0493722080899688,0.778448847962479,57.17934110398554,8000.0
0.8868421052631578,3.201,3.333333,0.104390151476,0.002936161215,0.012753041942215652,0.04010389844611942,0.055793101603335074,1.871022554332416,57.17934110398554,8000.0
0.8868421052631578,3.201,5.416667,0.17111990064,0.00780846544,0.012753041942215652,0.043049912650709204,0.06361142003292486,2.690081443731793,57.17934110398554,8000.0
0.8868421052631578,3.201,7.5,0.238304527517,0.015065838706,0.012753041942215652,0.04533258153833062,0.07315146218654628,3.2576864548420192,57.17934110398554,8000.0
0.8868421052631578,3.201,9.583333,0.304094913589,0.024462955538,0.012753041942215652,0.04709879997345892,0.08431479745367457,3.6066612596214815,57.17934110398554,8000.0
0.8868421052631578,3.201,11.666667,0.367696380707,0.035655227677,0.012753041942215652,0.048483430287411394,0.09689169990662705,3.7949213509654904,57.17934110398554,8000.0
0.8868421052631578,3.201,13.75,0.428748109232,0.048500469343,0.012753041942215652,0.04958657477739565,0.11084008606261131,3.8681683176410466,57.17934110398554,8000.0
0.8868421052631578,3.201,15.833333,0.485826927955,0.062582320474,0.012753041942215652,0.05046149067337586,0.12579685308959151,3.8619958768682228,57.17934110398554,8000.0
0.8868421052631578,3.201,17.916667,0.530645407316,0.075196633227,0.012753041942215652,0.05106242424794698,0.13901209941716264,3.8172605804879005,57.17934110398554,8000.0
0.8868421052631578,3.201,20.0,0.564459953472,0.086082477172,0.012753041942215652,0.0514733209178088,0.15030884003202444,3.755334372560772,57.17934110398554,8000.0
0.9494736842105262,3.201,-5.0,-0.158592297098,0.006525329972,0.012615643429965915,0.03294034934044538,0.0520813227424113,-3.045089654930246,57.17934110398554,8000.0
0.9494736842105262,3.201,-2.916667,-0.08907524889,0.001954720092,0.012615643429965915,0.038910201765486915,0.05348056528745283,-1.6655629649991395,57.17934110398554,8000.0
0.9494736842105262,3.201,-0.833333,-0.024649519931,0.000188774546,0.012615643429965915,0.042450121461701934,0.05525453943766785,-0.44610850405887287,57.17934110398554,8000.0
0.9494736842105262,3.201,1.25,0.038441314578,0.000409913989,0.012615643429965915,0.044867761359701566,0.05789331877866748,0.6640026066732393,57.17934110398554,8000.0
0.9494736842105262,3.201,3.333333,0.104935333446,0.002993749183,0.012615643429965915,0.04672014510544498,0.06232953771841089,1.6835570627857268,57.17934110398554,8000.0
0.9494736842105262,3.201,5.416667,0.172417065241,0.007997114282,0.012615643429965915,0.04812367344332536,0.06873643115529127,2.5083796517085757,57.17934110398554,8000.0
0.9494736842105262,3.201,7.5,0.239657824163,0.015367743026,0.012615643429965915,0.04919864849715947,0.0771820349531254,3.105098541500626,57.17934110398554,8000.0
0.9494736842105262,3.201,9.583333,0.305992568997,0.024992112656,0.012615643429965915,0.05003615345982873,0.08764390954579465,3.4913158322440694,57.17934110398554,8000.0
0.9494736842105262,3.201,11.666667,0.37080969955,0.03659271707,0.012615643429965915,0.050698291459618496,0.09990665195958441,3.7115616655836385,57.17934110398554,8000.0
0.9494736842105262,3.201,13.75,0.431925831574,0.049661619452,0.012615643429965915,0.05121577250971212,0.11349303539167803,3.8057474635634896,57.17934110398554,8000.0
0.9494736842105262,3.201,15.833333,0.487896966721,0.063671796095,0.012615643429965915,0.05161857936778866,0.12790601889275457,3.814495759813205,57.17934110398554,8000.0
0.9494736842105262,3.201,17.916667,0.532056231997,0.076153957355,0.012615643429965915,0.051897309612048234,0.14066691039701415,3.782383721198825,57.17934110398554,8000.0
0.9494736842105262,3.201,20.0,0.564617655451,0.086650512703,0.012615643429965915,0.05208403901962618,0.1513501951525921,3.7305380074452454,57.17934110398554,8000.0
1.0121052631578946,3.201,-5.0,-0.16128648952,0.014110739189,0.012488888892517123,0.046784529521748316,0.07338415760326544,-2.1978379910274133,57.17934110398554,8000.0
1.0121052631578946,3.201,-2.916667,-0.101764489668,0.005184845698,0.012488888892517123,0.048029556838942306,0.06570329142945944,-1.5488491893477923,57.17934110398554,8000.0
1.0121052631578946,3.201,-0.833333,-0.024613548903,0.000358014729,0.012488888892517123,0.049051990556729735,0.06189889417824686,-0.3976411732352069,57.17934110398554,8000.0
1.0121052631578946,3.201,1.25,0.042805966634,0.000934029505,0.012488888892517123,0.0496427299663863,0.06306564836390342,0.67875250226557,57.17934110398554,8000.0
1.0121052631578946,3.201,3.333333,0.116043707527,0.006758775572,0.012488888892517123,0.05009828510348723,0.06934594956800436,1.673402819485532,57.17934110398554,8000.0
1.0121052631578946,3.201,5.416667,0.188943798452,0.017915902706,0.012488888892517123,0.050429753802945454,0.08083454540146258,2.3374140042925426,57.17934110398554,8000.0
1.0121052631578946,3.201,7.5,0.260748414952,0.034328168068,0.012488888892517123,0.05067753928486188,0.097494596245379,2.6744909461006037,57.17934110398554,8000.0
1.0121052631578946,3.201,9.583333,0.330061825623,0.055724658832,0.012488888892517123,0.05086522380731831,0.11907877153183544,2.7717940097724196,57.17934110398554,8000.0
1.0121052631578946,3.201,11.666667,0.394479251542,0.081440954609,0.012488888892517123,0.05100662712257033,0.14493647062408743,2.7217390477593173,57.17934110398554,8000.0
1.0121052631578946,3.201,13.75,0.452360752943,0.110660214642,0.012488888892517123,0.05111301835960824,0.17426212189412538,2.5958639090704754,57.17934110398554,8000.0
1.0121052631578946,3.201,15.833333,0.497752787854,0.141102866258,0.012488888892517123,0.05118550083132338,0.2047772559818405,2.4307034756737846,57.17934110398554,8000.0
1.0121052631578946,3.201,17.916667,0.525789760558,0.169887167834,0.012488888892517123,0.05122619498225821,0.23360225170877535,2.2507906354151315,57.17934110398554,8000.0
1.0121052631578946,3.201,20.0,0.536603808483,0.195126691388,0.012488888892517123,0.051241140209959804,0.2588567204904769,2.072976152468644,57.17934110398554,8000.0
1.074736842105263,3.201,-5.0,-0.17479868173,0.015292903009,0.012371361116047044,0.0530962886327199,0.08076055275776695,-2.1644067030384355,57.17934110398554,8000.0
1.074736842105263,3.201,-2.916667,-0.102317031959,0.005212997484,0.012371361116047044,0.05176179131244886,0.06934614991249591,-1.4754536782230625,57.17934110398554,8000.0
1.074736842105263,3.201,-0.833333,-0.024507703895,0.000356475095,0.012371361116047044,0.05090435652215801,0.06363219273320506,-0.3851463047604706,57.17934110398554,8000.0
1.074736842105263,3.201,1.25,0.043048713025,0.000939326254,0.012371361116047044,0.050413369450301684,0.06372405682034873,0.6755488456480918,57.17934110398554,8000.0
1.074736842105263,3.201,3.333333,0.116876703273,0.006807292081,0.012371361116047044,0.0500330201016009,0.06921167329864794,1.6886848374359877,57.17934110398554,8000.0
1.074736842105263,3.201,5.416667,0.190589612363,0.018071961154,0.012371361116047044,0.04975612414559065,0.0801994464156377,2.3764454853623262,57.17934110398554,8000.0
1.074736842105263,3.201,7.5,0.263128233478,0.034641452762,0.012371361116047044,0.04954979720368786,0.0965626110817349,2.7249494450318514,57.17934110398554,8000.0
1.074736842105263,3.201,9.583333,0.33287722322,0.056199744874,0.012371361116047044,0.04939432278510658,0.11796542877515362,2.8218201440565784,57.17934110398554,8000.0
1.074736842105263,3.201,11.666667,0.397512165048,0.082066956756,0.012371361116047044,0.04927756144483908,0.14371587931688612,2.765958549169825,57.17934110398554,8000.0
1.074736842105263,3.201,13.75,0.454786720392,0.111254690527,0.012371361116047044,0.0491908285392387,0.17281688018228575,2.6316105227237925,57.17934110398554,8000.0
1.074736842105263,3.201,15.833333,0.497531868637,0.141106834345,0.012371361116047044,0.049134333075156036,0.20261252853620304,2.4555829406575933,57.17934110398554,8000.0
1.074736842105263,3.201,17.916667,0.52035292186,0.168163277166,0.012371361116047044,0.0491066388135695,0.22964127709561652,2.2659381120030044,57.17934110398554,8000.0
1.074736842105263,3.201,20.0,0.522618610391,0.190130734579,0.012371361116047044,0.04910397559446111,0.2516060712895082,2.0771303637965626,57.17934110398554,8000.0
1.1373684210526314,3.201,-5.0,-0.172983722707,0.015134114704,0.012261901257757338,0.0510213820003629,0.07841739796212024,-2.2059355092419706,57.17934110398554,8000.0
1.1373684210526314,3.201,-2.916667,-0.101120224816,0.005152020764,0.012261901257757338,0.04918867747941038,0.06660259950116772,-1.5182624337992559,57.17934110398554,8000.0
1.1373684210526314,3.201,-0.833333,-0.02409686763,0.000350499308,0.012261901257757338,0.048005329431818164,0.060617729997575504,-0.3975217750807196,57.17934110398554,8000.0
1.1373684210526314,3.201,1.25,0.04255215508,0.000928491303,0.012261901257757338,0.047326425103949646,0.060516817664706984,0.703145947226768,57.17934110398554,8000.0
1.1373684210526314,3.201,3.333333,0.115642217835,0.006735391499,0.012261901257757338,0.04679666666778677,0.06579395942454411,1.757641869351615,57.17934110398554,8000.0
1.1373684210526314,3.201,5.416667,0.188741802466,0.017896749213,0.012261901257757338,0.04640945888254311,0.07656810935330044,2.46501845298423,57.17934110398554,8000.0
1.1373684210526314,3.201,7.5,0.26068885672,0.034320290353,0.012261901257757338,0.046120442332969046,0.09270263394372638,2.812097624736821,57.17934110398554,8000.0
1.1373684210526314,3.201,9.583333,0.329862312491,0.055690859672,0.012261901257757338,0.045902418474451014,0.11385517940420836,2.8972095447667225,57.17934110398554,8000.0
1.1373684210526314,3.201,11.666667,0.39405593306,0.081354369149,0.012261901257757338,0.04573831324657926,0.13935458365333658,2.827721361790779,57.17934110398554,8000.0
1.1373684210526314,3.201,13.75,0.45054773832,0.110220501152,0.012261901257757338,0.04561712731355545,0.16809952972331277,2.680243895158953,57.17934110398554,8000.0
1.1373684210526314,3.201,15.833333,0.491546960427,0.139357185081,0.012261901257757338,0.04554015432015437,0.19715924065891172,2.4931469546354323,57.17934110398554,8000.0
1.1373684210526314,3.201,17.916667,0.512708347517,0.165704534775,0.012261901257757338,0.04550353269286687,0.2234699687256242,2.294305362106628,57.17934110398554,8000.0
1.1373684210526314,3.201,20.0,0.51370978956,0.186903689916,0.012261901257757338,0.045501848116965796,0.24466743929072315,2.0996246621504486,57.17934110398554,8000.0
1.2,3.201,-5.0,-0.17033313973,0.014902218721,0.012159550417446267,0.04037095282263113,0.0674327219610774,-2.5259715873299227,57.17934110398554,8000.0
1.2,3.201,-2.916667,-0.099506869177,0.00506982126,0.012159550417446267,0.04037095282263113,0.0576003245000774,-1.7275400796894171,57.17934110398554,8000.0
1.2,3.201,-0.833333,-0.023656085336,0.0003440879,0.012159550417446267,0.04037095282263113,0.0528745911400774,-0.44739987252722935,57.17934110398554,8000.0
1.2,3.201,1.25,0.04194263304,0.000915191519,0.012159550417446267,0.04037095282263113,0.0534456947590774,0.7847710321489707,57.17934110398554,8000.0
1.2,3.201,3.333333,0.114055895602,0.006642998718,0.012159550417446267,0.04037095282263113,0.0591735019580774,1.927482603324797,57.17934110398554,8000.0
1.2,3.201,5.416667,0.18630015545,0.017665228986,0.012159550417446267,0.04037095282263113,0.07019573222607739,2.6540097174282393,57.17934110398554,8000.0
1.2,3.201,7.5,0.257454447762,0.033894472101,0.012159550417446267,0.04037095282263113,0.0864249753410774,2.978935738725436,57.17934110398554,8000.0
1.2,3.201,9.583333,0.325992507417,0.055037711558,0.012159550417446267,0.04037095282263113,0.1075682147980774,3.0305653768535583,57.17934110398554,8000.0
1.2,3.201,11.666667,0.389935823745,0.080505649728,0.012159550417446267,0.04037095282263113,0.13303615296807741,2.9310515603872487,57.17934110398554,8000.0
1.2,3.201,13.75,0.445992222841,0.109110220344,0.012159550417446267,0.04037095282263113,0.16164072358407738,2.7591575498548004,57.17934110398554,8000.0
1.2,3.201,15.833333,0.486361032474,0.137894111358,0.012159550417446267,0.04037095282263113,0.1904246145980774,2.5540869992072466,57.17934110398554,8000.0
1.2,3.201,17.916667,0.507140126558,0.163913415649,0.012159550417446267,0.04037095282263113,0.21644391888907738,2.3430555552724854,57.17934110398554,8000.0
1.2,3.201,20.0,0.508120333408,0.18487753468,0.012159550417446267,0.04037095282263113,0.23740803792007742,2.140282771634956,57.17934110398554,8000.0
0.01,3.201,-5.0,-0.143769845682,0.00541010167,0.02968393740529481,0.0,0.035094039075294806,-4.096702729872146,57.17934110398554,9000.0
0.01,3.201,-2.916667,-0.082993533372,0.001676633787,0.02968393740529481,0.0,0.03136057119229481,-2.646429265050862,57.17934110398554,9000.0
0.01,3.201,-0.833333,-0.022135019161,0.000150594394,0.02968393740529481,0.0,0.02983453179929481,-0.741926144841435,57.17934110398554,9000.0
0.01,3.201,1.25,0.035050573776,0.000337258693,0.02968393740529481,0.0,0.03002119609829481,1.1675275582371236,57.17934110398554,9000.0
0.01,3.201,3.333333,0.095017554368,0.002425190355,0.02968393740529481,0.0,0.03210912776029481,2.9592069606293037,57.17934110398554,9000.0
0.01,3.201,5.416667,0.156089626199,0.006465084796,0.02968393740529481,0.0,0.03614902220129481,4.3179487768664755,57.17934110398554,9000.0
0.01,3.201,7.5,0.217099263575,0.01242245198,0.02968393740529481,0.0,0.04210638938529481,5.155969598543149,57.17934110398554,9000.0
0.01,3.201,9.583333,0.277820685904,0.020265615907,0.02968393740529481,0.0,0.04994955331229481,5.562025433280821,57.17934110398554,9000.0
0.01,3.201,11.666667,0.344181623435,0.031254952444,0.02968393740529481,0.0,0.06093888984929481,5.647979874365612,57.17934110398554,9000.0
0.01,3.201,13.75,0.404693263142,0.04329420396,0.02968393740529481,0.0,0.0729781413652948,5.545403809563918,57.17934110398554,9000.0
0.01,3.201,15.833333,0.461859165835,0.056604918712,0.02968393740529481,0.0,0.08628885611729481,5.352477557556009,57.17934110398554,9000.0
0.01,3.201,17.916667,0.513246349725,0.0704158324,0.02968393740529481,0.0,0.10009976980529481,5.127347952181322,57.17934110398554,9000.0
0.01,3.201,20.0,0.556008149009,0.08370013044,0.02968393740529481,0.0,0.11338406784529481,4.903759051647688,57.17934110398554,9000.0
0.07263157894736841,3.201,-5.0,-0.143846817824,0.005415709882,0.019773406080523973,0.0,0.025189115962523975,-5.7106735320927235,57.17934110398554,9000.0
0.07263157894736841,3.201,-2.916667,-0.083035199327,0.001677892194,0.019773406080523973,0.0,0.021451298274523974,-3.870870576892514,57.17934110398554,9000.0
0.07263157894736841,3.201,-0.833333,-0.022147921265,0.000150767047,0.019773406080523973,0.0,0.019924173127523974,-1.1116105608620745,57.17934110398554,9000.0
0.07263157894736841,3.201,1.25,0.035069082898,0.000337611573,0.019773406080523973,0.0,0.020111017653523973,1.7437746563687684,57.17934110398554,9000.0
0.07263157894736841,3.201,3.333333,0.095067910098,0.002427780803,0.019773406080523973,0.0,0.022201186883523974,4.282109357340357,57.17934110398554,9000.0
0.07263157894736841,3.201,5.416667,0.156172115648,0.006471974981,0.019773406080523973,0.0,0.02624538106152397,5.950460969947588,57.17934110398554,9000.0
0.07263157894736841,3.201,7.5,0.21721187601,0.012435503319,0.019773406080523973,0.0,0.03220890939952398,6.7438444846322625,57.17934110398554,9000.0
0.07263157894736841,3.201,9.583333,0.277959676509,0.020286123728,0.019773406080523973,0.0,0.04005952980852397,6.938665477043492,57.17934110398554,9000.0
0.07263157894736841,3.201,11.666667,0.344345497394,0.031284316892,0.019773406080523973,0.0,0.05105772297252398,6.744239212925827,57.17934110398554,9000.0
0.07263157894736841,3.201,13.75,0.404871541962,0.043332005764,0.019773406080523973,0.0,0.06310541184452398,6.415797474858458,57.17934110398554,9000.0
0.07263157894736841,3.201,15.833333,0.462044547368,0.056649542858,0.019773406080523973,0.0,0.07642294893852397,6.045887443308124,57.17934110398554,9000.0
0.07263157894736841,3.201,17.916667,0.513395736054,0.070456228024,0.019773406080523973,0.0,0.09022963410452398,5.689879396599029,57.17934110398554,9000.0
0.07263157894736841,3.201,20.0,0.555906281155,0.0836567098,0.019773406080523973,0.0,0.10343011588052398,5.374704228284422,57.17934110398554,9000.0
0.13526315789473684,3.201,-5.0,-0.144144951151,0.005437425554,0.017625409340876367,0.0,0.023062834894876365,-6.250096824958116,57.17934110398554,9000.0
0.13526315789473684,3.201,-2.916667,-0.083206763861,0.001683829709,0.017625409340876367,0.0,0.019309239049876366,-4.309168457963275,57.17934110398554,9000.0
0.13526315789473684,3.201,-0.833333,-0.022195723117,0.00015138596,0.017625409340876367,0.0,0.017776795300876367,-1.248578427176117,57.17934110398554,9000.0
0.13526315789473684,3.201,1.25,0.035143488132,0.000339011197,0.017625409340876367,0.0,0.017964420537876367,1.9562828680114182,57.17934110398554,9000.0
0.13526315789473684,3.201,3.333333,0.095267286228,0.00243780653,0.017625409340876367,0.0,0.020063215870876366,4.748355739235671,57.17934110398554,9000.0
0.13526315789473684,3.201,5.416667,0.156496463431,0.006498554086,0.017625409340876367,0.0,0.024123963426876366,6.4871787716544205,57.17934110398554,9000.0
0.13526315789473684,3.201,7.5,0.217655122943,0.012485935742,0.017625409340876367,0.0,0.030111345082876367,7.2283427506788955,57.17934110398554,9000.0
0.13526315789473684,3.201,9.583333,0.27851570507,0.020366558873,0.017625409340876367,0.0,0.03799196821387636,7.330910141377557,57.17934110398554,9000.0
0.13526315789473684,3.201,11.666667,0.345012836642,0.031401646436,0.017625409340876367,0.0,0.04902705577687637,7.0371926515874,57.17934110398554,9000.0
0.13526315789473684,3.201,13.75,0.405623648656,0.043487267738,0.017625409340876367,0.0,0.06111267707887637,6.637307806569711,57.17934110398554,9000.0
0.13526315789473684,3.201,15.833333,0.462862156312,0.056843264797,0.017625409340876367,0.0,0.07446867413787636,6.2155283637120435,57.17934110398554,9000.0
0.13526315789473684,3.201,17.916667,0.514085554888,0.070632361783,0.017625409340876367,0.0,0.08825777112387637,5.8248191444404664,57.17934110398554,9000.0
0.13526315789473684,3.201,20.0,0.556230494568,0.0837387333,0.017625409340876367,0.0,0.10136414264087637,5.487448323207077,57.17934110398554,9000.0
0.19789473684210523,3.201,-5.0,-0.144439739446,0.005460333309,0.016468851047970363,0.0,0.021929184356970364,-6.586644404769605,57.17934110398554,9000.0
0.19789473684210523,3.201,-2.916667,-0.083370958599,0.00169117465,0.016468851047970363,0.0,0.018160025697970362,-4.590905320597529,57.17934110398554,9000.0
0.19789473684210523,3.201,-0.833333,-0.022239280174,0.000152017872,0.016468851047970363,0.0,0.016620868919970364,-1.338033545723893,57.17934110398554,9000.0
0.19789473684210523,3.201,1.25,0.035216346674,0.000340436896,0.016468851047970363,0.0,0.016809287943970363,2.0950528536000483,57.17934110398554,9000.0
0.19789473684210523,3.201,3.333333,0.095462092103,0.002447655008,0.016468851047970363,0.0,0.018916506055970363,5.046497055034673,57.17934110398554,9000.0
0.19789473684210523,3.201,5.416667,0.156813306015,0.006524305506,0.016468851047970363,0.0,0.022993156553970363,6.8199990569768945,57.17934110398554,9000.0
0.19789473684210523,3.201,7.5,0.218086903688,0.012534703591,0.016468851047970363,0.0,0.029003554638970364,7.519316387342726,57.17934110398554,9000.0
0.19789473684210523,3.201,9.583333,0.279054432285,0.020444803408,0.016468851047970363,0.0,0.03691365445597036,7.559653369401525,57.17934110398554,9000.0
0.19789473684210523,3.201,11.666667,0.345642661439,0.031514698299,0.016468851047970363,0.0,0.04798354934697036,7.203357528632333,57.17934110398554,9000.0
0.19789473684210523,3.201,13.75,0.406313639365,0.043628718326,0.016468851047970363,0.0,0.060097569373970365,6.760899710213301,57.17934110398554,9000.0
0.19789473684210523,3.201,15.833333,0.463567461439,0.057007316101,0.016468851047970363,0.0,0.07347616714897037,6.309086053701374,57.17934110398554,9000.0
0.19789473684210523,3.201,17.916667,0.514624075635,0.070762207167,0.016468851047970363,0.0,0.08723105821497038,5.899550987525238,57.17934110398554,9000.0
0.19789473684210523,3.201,20.0,0.556599706234,0.083837948072,0.016468851047970363,0.0,0.10030679911997037,5.548972862430668,57.17934110398554,9000.0
0.26052631578947366,3.201,-5.0,-0.144883554158,0.005493312409,0.01569804191412894,0.0,0.02119135432312894,-6.836918110508366,57.17934110398554,9000.0
0.26052631578947366,3.201,-2.916667,-0.083608787107,0.001697787304,0.01569804191412894,0.0,0.01739582921812894,-4.806254767083347,57.17934110398554,9000.0
0.26052631578947366,3.201,-0.833333,-0.022313367526,0.000153012713,0.01569804191412894,0.0,0.01585105462712894,-1.407689775279108,57.17934110398554,9000.0
0.26052631578947366,3.201,1.25,0.035322980124,0.000342484021,0.01569804191412894,0.0,0.01604052593512894,2.202108600855927,57.17934110398554,9000.0
0.26052631578947366,3.201,3.333333,0.095751908832,0.002462574937,0.01569804191412894,0.0,0.01816061685112894,5.272503110270049,57.17934110398554,9000.0
0.26052631578947366,3.201,5.416667,0.157288415986,0.006564187271,0.01569804191412894,0.0,0.022262229185128938,7.0652590393359125,57.17934110398554,9000.0
0.26052631578947366,3.201,7.5,0.218733817042,0.012610096741,0.01569804191412894,0.0,0.02830813865512894,7.726888005841008,57.17934110398554,9000.0
0.26052631578947366,3.201,9.583333,0.279855780665,0.020564208909,0.01569804191412894,0.0,0.036262250823128936,7.717551291286674,57.17934110398554,9000.0
0.26052631578947366,3.201,11.666667,0.346586057901,0.031685668772,0.01569804191412894,0.0,0.04738371068612894,7.314455809440421,57.17934110398554,9000.0
0.26052631578947366,3.201,13.75,0.407342823158,0.043843949381,0.01569804191412894,0.0,0.05954199129512894,6.841269737502452,57.17934110398554,9000.0
0.26052631578947366,3.201,15.833333,0.46462549048,0.057263716807,0.01569804191412894,0.0,0.07296175872112894,6.368068679044184,57.17934110398554,9000.0
0.26052631578947366,3.201,17.916667,0.515466091171,0.070990841956,0.01569804191412894,0.0,0.08668888387012894,5.946161354934898,57.17934110398554,9000.0
0.26052631578947366,3.201,20.0,0.556812924554,0.083881015377,0.01569804191412894,0.0,0.09957905729112894,5.591666959912102,57.17934110398554,9000.0
0.3231578947368421,3.201,-5.0,-0.14546135336,0.005535858762,0.015128858649999966,0.0,0.020664717411999965,-7.0391165027754425,57.17934110398554,9000.0
0.3231578947368421,3.201,-2.916667,-0.083916993413,0.001707284535,0.015128858649999966,0.0,0.016836143184999965,-4.984335930794721,57.17934110398554,9000.0
0.3231578947368421,3.201,-0.833333,-0.022412623778,0.000154355875,0.015128858649999966,0.0,0.015283214524999965,-1.4664862383066006,57.17934110398554,9000.0
0.3231578947368421,3.201,1.25,0.035461949444,0.000345161315,0.015128858649999966,0.0,0.015474019964999966,2.2917089110786915,57.17934110398554,9000.0
0.3231578947368421,3.201,3.333333,0.096129285453,0.002482067248,0.015128858649999966,0.0,0.017610925897999966,5.458502636929339,57.17934110398554,9000.0
0.3231578947368421,3.201,5.416667,0.157907546488,0.006616379091,0.015128858649999966,0.0,0.021745237740999967,7.261707062888085,57.17934110398554,9000.0
0.3231578947368421,3.201,7.5,0.219576973984,0.01270750678,0.015128858649999966,0.0,0.027836365429999968,7.888133762871076,57.17934110398554,9000.0
0.3231578947368421,3.201,9.583333,0.28090689026,0.020721094642,0.015128858649999966,0.0,0.03584995329199997,7.835627789302734,57.17934110398554,9000.0
0.3231578947368421,3.201,11.666667,0.347811274547,0.031907397496,0.015128858649999966,0.0,0.04703625614599997,7.39453568471517,57.17934110398554,9000.0
0.3231578947368421,3.201,13.75,0.408682513679,0.044126429361,0.015128858649999966,0.0,0.05925528801099997,6.8969796181419865,57.17934110398554,9000.0
0.3231578947368421,3.201,15.833333,0.465978074943,0.057594099925,0.015128858649999966,0.0,0.07272295857499997,6.4075786254272336,57.17934110398554,9000.0
0.3231578947368421,3.201,17.916667,0.516567022646,0.071278335779,0.015128858649999966,0.0,0.08640719442899997,5.978287179205414,57.17934110398554,9000.0
0.3231578947368421,3.201,20.0,0.557602874466,0.084122592,0.015128858649999966,0.0,0.09925145064999996,5.618082867446736,57.17934110398554,9000.0
0.38578947368421046,3.201,-5.0,-0.146282824113,0.005595503585,0.014682179322004487,0.0,0.020277682907004487,-7.2139812415386855,57.17934110398554,9000.0
0.38578947368421046,3.201,-2.916667,-0.084366677165,0.001720809926,0.014682179322004487,0.0,0.016402989248004488,-5.143372094526225,57.17934110398554,9000.0
0.38578947368421046,3.201,-0.833333,-0.022552680281,0.000156228657,0.014682179322004487,0.0,0.014838407979004488,-1.5198854427584665,57.17934110398554,9000.0
0.38578947368421046,3.201,1.25,0.035662529513,0.000348963599,0.014682179322004487,0.0,0.015031142921004487,2.3725760376588036,57.17934110398554,9000.0
0.38578947368421046,3.201,3.333333,0.096665996558,0.002509349012,0.014682179322004487,0.0,0.01719152833400449,5.622885567817531,57.17934110398554,9000.0
0.38578947368421046,3.201,5.416667,0.158786302066,0.006689300144,0.014682179322004487,0.0,0.021371479466004487,7.42982264370516,57.17934110398554,9000.0
0.38578947368421046,3.201,7.5,0.220774889678,0.012845395693,0.014682179322004487,0.0,0.02752757501500449,8.020135793205974,57.17934110398554,9000.0
0.38578947368421046,3.201,9.583333,0.282403250866,0.020941772865,0.014682179322004487,0.0,0.03562395218700449,7.927341957555733,57.17934110398554,9000.0
0.38578947368421046,3.201,11.666667,0.343980927054,0.031065564918,0.014682179322004487,0.0,0.04574774424000449,7.519079525525613,57.17934110398554,9000.0
0.38578947368421046,3.201,13.75,0.410643865073,0.044533440798,0.014682179322004487,0.0,0.05921562012000449,6.934722025046807,57.17934110398554,9000.0
0.38578947368421046,3.201,15.833333,0.467983652316,0.058073005369,0.014682179322004487,0.0,0.07275518469100449,6.4323065676151305,57.17934110398554,9000.0
0.38578947368421046,3.201,17.916667,0.517283351749,0.071440497317,0.014682179322004487,0.0,0.08612267663900448,6.0063547945364855,57.17934110398554,9000.0
0.38578947368421046,3.201,20.0,0.558885284582,0.08453303607,0.014682179322004487,0.0,0.09921521539200448,5.633060235507378,57.17934110398554,9000.0
0.4484210526315789,3.201,-5.0,-0.14720622549,0.005667443288,0.014317167697213326,0.0,0.019984610985213327,-7.365979032512483,57.17934110398554,9000.0
0.4484210526315789,3.201,-2.916667,-0.084808797395,0.001726925779,0.014317167697213326,0.0,0.016044093476213325,-5.2859825032019385,57.17934110398554,9000.0
0.4484210526315789,3.201,-0.833333,-0.022703346444,0.0001586369,0.014317167697213326,0.0,0.014475804597213326,-1.5683650806097869,57.17934110398554,9000.0
0.4484210526315789,3.201,1.25,0.035878583318,0.000353336274,0.014317167697213326,0.0,0.014670503971213326,2.445627184205905,57.17934110398554,9000.0
0.4484210526315789,3.201,3.333333,0.097256497513,0.00254137903,0.014317167697213326,0.0,0.016858546727213326,5.768972799773248,57.17934110398554,9000.0
0.4484210526315789,3.201,5.416667,0.159781212049,0.006777037671,0.014317167697213326,0.0,0.021094205368213326,7.5746494954378765,57.17934110398554,9000.0
0.4484210526315789,3.201,7.5,0.222137424669,0.013011723462,0.014317167697213326,0.0,0.027328891159213324,8.128299950951773,57.17934110398554,9000.0
0.4484210526315789,3.201,9.583333,0.284100999511,0.021205985717,0.014317167697213326,0.0,0.035523153414213325,7.99762893227061,57.17934110398554,9000.0
0.4484210526315789,3.201,11.666667,0.345827596879,0.031402641906,0.014317167697213326,0.0,0.04571980960321333,7.564064677441137,57.17934110398554,9000.0
0.4484210526315789,3.201,13.75,0.412700990492,0.044976254642,0.014317167697213326,0.0,0.05929342233921333,6.960316578303877,57.17934110398554,9000.0
0.4484210526315789,3.201,15.833333,0.470018328446,0.058575993876,0.014317167697213326,0.0,0.07289316157321332,6.448044210209174,57.17934110398554,9000.0
0.4484210526315789,3.201,17.916667,0.518881007248,0.071880480587,0.014317167697213326,0.0,0.08619764828421332,6.019665473205613,57.17934110398554,9000.0
0.4484210526315789,3.201,20.0,0.560029780529,0.084896768933,0.014317167697213326,0.0,0.09921393663021331,5.644668476529898,57.17934110398554,9000.0
0.5110526315789473,3.201,-5.0,-0.148335964713,0.005750952507,0.01401015766395098,0.0,0.01976111017095098,-7.5064590718721504,57.17934110398554,9000.0
0.5110526315789473,3.201,-2.916667,-0.085428978494,0.001747109102,0.01401015766395098,0.0,0.01575726676595098,-5.42156071626577,57.17934110398554,9000.0
0.5110526315789473,3.201,-0.833333,-0.022904859362,0.000161367999,0.01401015766395098,0.0,0.01417152566295098,-1.6162592445413848,57.17934110398554,9000.0
0.5110526315789473,3.201,1.25,0.036155403011,0.000358732965,0.01401015766395098,0.0,0.01436889062895098,2.5162278664821027,57.17934110398554,9000.0
0.5110526315789473,3.201,3.333333,0.097980829938,0.002579352939,0.01401015766395098,0.0,0.01658951060295098,5.906191706497415,57.17934110398554,9000.0
0.5110526315789473,3.201,5.416667,0.160955823497,0.006877083566,0.01401015766395098,0.0,0.02088724122995098,7.705939799565275,57.17934110398554,9000.0
0.5110526315789473,3.201,7.5,0.223739036062,0.013201900978,0.01401015766395098,0.0,0.02721205864195098,8.222054751751738,57.17934110398554,9000.0
0.5110526315789473,3.201,9.583333,0.286100360579,0.02150735194,0.01401015766395098,0.0,0.035517509603950975,8.055192038215825,57.17934110398554,9000.0
0.5110526315789473,3.201,11.666667,0.348138342168,0.03182317281,0.01401015766395098,0.0,0.04583333047395098,7.595746121174016,57.17934110398554,9000.0
0.5110526315789473,3.201,13.75,0.415332237527,0.045533860957,0.01401015766395098,0.0,0.05954401862095098,6.975213415993095,57.17934110398554,9000.0
0.5110526315789473,3.201,15.833333,0.472652715154,0.059220167594,0.01401015766395098,0.0,0.07323032525795098,6.454330408735713,57.17934110398554,9000.0
0.5110526315789473,3.201,17.916667,0.521028146399,0.072465769483,0.01401015766395098,0.0,0.08647592714695099,6.025123564314056,57.17934110398554,9000.0
0.5110526315789473,3.201,20.0,0.561623640308,0.085374733824,0.01401015766395098,0.0,0.09938489148795099,5.650996161484857,57.17934110398554,9000.0
0.5736842105263157,3.201,-5.0,-0.149160828981,0.005808511335,0.013746282849468777,0.0,0.019554794184468777,-7.627839371455501,57.17934110398554,9000.0
0.5736842105263157,3.201,-2.916667,-0.085912890806,0.00177263379,0.013746282849468777,0.0,0.015518916639468777,-5.536010844178415,57.17934110398554,9000.0
0.5736842105263157,3.201,-0.833333,-0.023087927693,0.000164046717,0.013746282849468777,0.0,0.013910329566468777,-1.6597685613900959,57.17934110398554,9000.0
0.5736842105263157,3.201,1.25,0.036358621971,0.000362746014,0.013746282849468777,0.0,0.014109028863468777,2.5769755185022034,57.17934110398554,9000.0
0.5736842105263157,3.201,3.333333,0.098530330166,0.002608802144,0.013746282849468777,0.0,0.01635508499346878,6.024446232186931,57.17934110398554,9000.0
0.5736842105263157,3.201,5.416667,0.161827827137,0.006953886213,0.013746282849468777,0.0,0.020700169062468778,7.8177055776036175,57.17934110398554,9000.0
0.5736842105263157,3.201,7.5,0.224908548365,0.013346824405,0.013746282849468777,0.0,0.027093107254468778,8.301319824727864,57.17934110398554,9000.0
0.5736842105263157,3.201,9.583333,0.287537795551,0.021737950202,0.013746282849468777,0.0,0.03548423305146878,8.103255187562752,57.17934110398554,9000.0
0.5736842105263157,3.201,11.666667,0.349832121183,0.032152102949,0.013746282849468777,0.0,0.04589838579846878,7.621882885360008,57.17934110398554,9000.0
0.5736842105263157,3.201,13.75,0.415718467434,0.045605893078,0.013746282849468777,0.0,0.059352175927468775,7.004266666516624,57.17934110398554,9000.0
0.5736842105263157,3.201,15.833333,0.474475261377,0.05970056349,0.013746282849468777,0.0,0.07344684633946877,6.460117554727835,57.17934110398554,9000.0
0.5736842105263157,3.201,17.916667,0.52287141039,0.073027566136,0.013746282849468777,0.0,0.08677384898546878,6.025679585534583,57.17934110398554,9000.0
0.5736842105263157,3.201,20.0,0.562672136492,0.085721562624,0.013746282849468777,0.0,0.09946784547346878,5.656824412086843,57.17934110398554,9000.0
0.6363157894736842,3.201,-5.0,-0.150659208095,0.005918979203,0.01351563205495892,0.0,0.019434611257958923,-7.752108138170326,57.17934110398554,9000.0
0.6363157894736842,3.201,-2.916667,-0.086715980108,0.001789854254,0.01351563205495892,0.0,0.015305486308958921,-5.665679505867227,57.17934110398554,9000.0
0.6363157894736842,3.201,-0.833333,-0.023388598373,0.000167965908,0.01351563205495892,0.0,0.013683597962958921,-1.7092433171679127,57.17934110398554,9000.0
0.6363157894736842,3.201,1.25,0.036719345704,0.000369851271,0.01351563205495892,0.0,0.01388548332595892,2.644441309101078,57.17934110398554,9000.0
0.6363157894736842,3.201,3.333333,0.099496490098,0.002659967448,0.01351563205495892,0.0,0.01617559950295892,6.151023341039052,57.17934110398554,9000.0
0.6363157894736842,3.201,5.416667,0.163411396879,0.007090954875,0.01351563205495892,0.0,0.020606586929958922,7.930056415185576,57.17934110398554,9000.0
0.6363157894736842,3.201,7.5,0.227075209563,0.01360793863,0.01351563205495892,0.0,0.027123570684958923,8.371877441966815,57.17934110398554,9000.0
0.6363157894736842,3.201,9.583333,0.290245899867,0.022155561677,0.01351563205495892,0.0,0.03567119373195892,8.136702742497786,57.17934110398554,9000.0
0.6363157894736842,3.201,11.666667,0.352017905267,0.032535830738,0.01351563205495892,0.0,0.04605146279295892,7.644011371574109,57.17934110398554,9000.0
0.6363157894736842,3.201,13.75,0.412640735707,0.044752663754,0.01351563205495892,0.0,0.05826829580895892,7.081736817220511,57.17934110398554,9000.0
0.6363157894736842,3.201,15.833333,0.477974551559,0.060571010995,0.01351563205495892,0.0,0.07408664304995892,6.451561737473878,57.17934110398554,9000.0
0.6363157894736842,3.201,17.916667,0.525720101231,0.073838091923,0.01351563205495892,0.0,0.08735372397795893,6.018290661124528,57.17934110398554,9000.0
0.6363157894736842,3.201,20.0,0.564826996238,0.086447638279,0.01351563205495892,0.0,0.09996327033395892,5.650345315344494,57.17934110398554,9000.0
0.6989473684210525,3.201,-5.0,-0.151685751345,0.005995110246,0.013311287705406351,0.0,0.019306397951406352,-7.856760837872952,57.17934110398554,9000.0
0.6989473684210525,3.201,-2.916667,-0.087165419184,0.00177523601,0.013311287705406351,0.0,0.015086523715406351,-5.777700736650599,57.17934110398554,9000.0
0.6989473684210525,3.201,-0.833333,-0.023630175749,0.000171559827,0.013311287705406351,0.0,0.01348284753240635,-1.7526101732000083,57.17934110398554,9000.0
0.6989473684210525,3.201,1.25,0.036967558309,0.000374921911,0.013311287705406351,0.0,0.01368620961640635,2.701080821141678,57.17934110398554,9000.0
0.6989473684210525,3.201,3.333333,0.10018534215,0.002698742351,0.013311287705406351,0.0,0.01601003005640635,6.257661091017829,57.17934110398554,9000.0
0.6989473684210525,3.201,5.416667,0.164589669181,0.007199266011,0.013311287705406351,0.0,0.02051055371640635,8.024633145293636,57.17934110398554,9000.0
0.6989473684210525,3.201,7.5,0.22871413232,0.01381570108,0.013311287705406351,0.0,0.02712698878540635,8.431239240348068,57.17934110398554,9000.0
0.6989473684210525,3.201,9.583333,0.29227728113,0.022484281574,0.013311287705406351,0.0,0.03579556927940635,8.165180412374413,57.17934110398554,9000.0
0.6989473684210525,3.201,11.666667,0.3542957523,0.032975462331,0.013311287705406351,0.0,0.04628675003640635,7.654366574048349,57.17934110398554,9000.0
0.6989473684210525,3.201,13.75,0.415068939721,0.045292228717,0.013311287705406351,0.0,0.05860351642240635,7.082662697733671,57.17934110398554,9000.0
0.6989473684210525,3.201,15.833333,0.479455709869,0.06091936155,0.013311287705406351,0.0,0.07423064925540636,6.458999276960794,57.17934110398554,9000.0
0.6989473684210525,3.201,17.916667,0.528167595497,0.074542801891,0.013311287705406351,0.0,0.08785408959640635,6.011872616554944,57.17934110398554,9000.0
0.6989473684210525,3.201,20.0,0.566092814972,0.086811908138,0.013311287705406351,0.0,0.10012319584340634,5.65396270268255,57.17934110398554,9000.0
0.7615789473684209,3.201,-5.0,-0.15293285481,0.006079217162,0.013128242478080634,0.0,0.019207459640080634,-7.962159373271393,57.17934110398554,9000.0
0.7615789473684209,3.201,-2.916667,-0.087718428984,0.001855197215,0.013128242478080634,0.0,0.014983439693080634,-5.854358597279131,57.17934110398554,9000.0
0.7615789473684209,3.201,-0.833333,-0.023966943756,0.000176392194,0.013128242478080634,0.0,0.013304634672080633,-1.8013981102610728,57.17934110398554,9000.0
0.7615789473684209,3.201,1.25,0.037359716304,0.00038289295,0.013128242478080634,0.0,0.013511135428080634,2.765105605140637,57.17934110398554,9000.0
0.7615789473684209,3.201,3.333333,0.101254442307,0.002757321633,0.013128242478080634,0.0,0.015885564111080636,6.37399097690035,57.17934110398554,9000.0
0.7615789473684209,3.201,5.416667,0.166349628846,0.007357849497,0.013128242478080634,0.0,0.020486091975080632,8.120125060863163,57.17934110398554,9000.0
0.7615789473684209,3.201,7.5,0.231106237582,0.014115650108,0.013128242478080634,0.0,0.027243892586080634,8.482864071343318,57.17934110398554,9000.0
0.7615789473684209,3.201,9.583333,0.29521691604,0.022957942426,0.013128242478080634,0.0,0.03608618490408064,8.180884646706357,57.17934110398554,9000.0
0.7615789473684209,3.201,11.666667,0.357614202157,0.033612723306,0.013128242478080634,0.0,0.046740965784080636,7.6509801660709105,57.17934110398554,9000.0
0.7615789473684209,3.201,13.75,0.418635606883,0.046091796995,0.013128242478080634,0.0,0.05922003947308064,7.069154472166422,57.17934110398554,9000.0
0.7615789473684209,3.201,15.833333,0.475691037519,0.059757739132,0.013128242478080634,0.0,0.07288598161008063,6.526509309620229,57.17934110398554,9000.0
0.7615789473684209,3.201,17.916667,0.530582465875,0.075235108504,0.013128242478080634,0.0,0.08836335098208063,6.004553471298274,57.17934110398554,9000.0
0.7615789473684209,3.201,20.0,0.568204800961,0.08749409771,0.013128242478080634,0.0,0.10062234018808063,5.646905050100471,57.17934110398554,9000.0
0.8242105263157894,3.201,-5.0,-0.154935501886,0.006232058181,0.012962762602169439,0.0,0.01919482078316944,-8.071734747419566,57.17934110398554,9000.0
0.8242105263157894,3.201,-2.916667,-0.087742150251,0.001882616602,0.012962762602169439,0.0,0.014845379204169439,-5.910401414761904,57.17934110398554,9000.0
0.8242105263157894,3.201,-0.833333,-0.02415444881,0.000179392804,0.012962762602169439,0.0,0.01314215540616944,-1.837936629379756,57.17934110398554,9000.0
0.8242105263157894,3.201,1.25,0.037794054885,0.000392310583,0.012962762602169439,0.0,0.013355073185169439,2.8299399307650064,57.17934110398554,9000.0
0.8242105263157894,3.201,3.333333,0.10262528529,0.002836329553,0.012962762602169439,0.0,0.015799092155169437,6.495644451090893,57.17934110398554,9000.0
0.8242105263157894,3.201,5.416667,0.168230192491,0.007539266031,0.012962762602169439,0.0,0.02050202863316944,8.205538851839611,57.17934110398554,9000.0
0.8242105263157894,3.201,7.5,0.234328039011,0.014548410058,0.012962762602169439,0.0,0.02751117266016944,8.517559098826025,57.17934110398554,9000.0
0.8242105263157894,3.201,9.583333,0.299208953704,0.023645014163,0.012962762602169439,0.0,0.036607776765169436,8.173371347387672,57.17934110398554,9000.0
0.8242105263157894,3.201,11.666667,0.362164571706,0.034548950921,0.012962762602169439,0.0,0.047511713523169435,7.62263755293498,57.17934110398554,9000.0
0.8242105263157894,3.201,13.75,0.423532738765,0.047272643975,0.012962762602169439,0.0,0.06023540657716944,7.031292105954313,57.17934110398554,9000.0
0.8242105263157894,3.201,15.833333,0.480170389455,0.061009967631,0.012962762602169439,0.0,0.07397273023316944,6.491181114195122,57.17934110398554,9000.0
0.8242105263157894,3.201,17.916667,0.525767580968,0.073676333649,0.012962762602169439,0.0,0.08663909625116945,6.068479516958296,57.17934110398554,9000.0
0.8242105263157894,3.201,20.0,0.560877742805,0.084871822393,0.012962762602169439,0.0,0.09783458499516944,5.73291891443801,57.17934110398554,9000.0
0.8868421052631578,3.201,-5.0,-0.157637409026,0.006420528946,0.012811994442984285,0.011211193891624463,0.030443717280608747,-5.1779947755068605,57.17934110398554,9000.0
0.8868421052631578,3.201,-2.916667,-0.089009172812,0.001935515964,0.012811994442984285,0.02362410618577811,0.03837161659276239,-2.3196617895110734,57.17934110398554,9000.0
0.8868421052631578,3.201,-0.833333,-0.024668051388,0.000186818004,0.012811994442984285,0.031099333759174817,0.0440981462061591,-0.5593897592129318,57.17934110398554,9000.0
0.8868421052631578,3.201,1.25,0.038433738509,0.000405695507,0.012811994442984285,0.03621347064075314,0.049431160590737426,0.7775204557143625,57.17934110398554,9000.0
0.8868421052631578,3.201,3.333333,0.104390151476,0.002936161215,0.012811994442984285,0.04010389844611942,0.0558520541041037,1.8690476679949,57.17934110398554,9000.0
0.8868421052631578,3.201,5.416667,0.17111990064,0.00780846544,0.012811994442984285,0.043049912650709204,0.06367037253369348,2.687590692978052,57.17934110398554,9000.0
0.8868421052631578,3.201,7.5,0.238304527517,0.015065838706,0.012811994442984285,0.04533258153833062,0.0732104146873149,3.2550632110856053,57.17934110398554,9000.0
0.8868421052631578,3.201,9.583333,0.304094913589,0.024462955538,0.012811994442984285,0.04709879997345892,0.0843737499544432,3.604141261389865,57.17934110398554,9000.0
0.8868421052631578,3.201,11.666667,0.367696380707,0.035655227677,0.012811994442984285,0.048483430287411394,0.09695065240739568,3.792613784195134,57.17934110398554,9000.0
0.8868421052631578,3.201,13.75,0.428748109232,0.048500469343,0.012811994442984285,0.04958657477739565,0.11089903856337993,3.8661120491767482,57.17934110398554,9000.0
0.8868421052631578,3.201,15.833333,0.485826927955,0.062582320474,0.012811994442984285,0.05046149067337586,0.12585580559036014,3.8601868676307745,57.17934110398554,9000.0
0.8868421052631578,3.201,17.916667,0.530645407316,0.075196633227,0.012811994442984285,0.05106242424794698,0.13907105191793126,3.8156424359912435,57.17934110398554,9000.0
0.8868421052631578,3.201,20.0,0.564459953472,0.086082477172,0.012811994442984285,0.0514733209178088,0.1503677925327931,3.753862073548092,57.17934110398554,9000.0
0.9494736842105262,3.201,-5.0,-0.158592297098,0.006525329972,0.012673711156735682,0.03294034934044538,0.05213939046918106,-3.0416983334652117,57.17934110398554,9000.0
0.9494736842105262,3.201,-2.916667,-0.08907524889,0.001954720092,0.012673711156735682,0.038910201765486915,0.0535386330142226,-1.6637565039499058,57.17934110398554,9000.0
0.9494736842105262,3.201,-0.833333,-0.024649519931,0.000188774546,0.012673711156735682,0.042450121461701934,0.055312607164437616,-0.44564017490117563,57.17934110398554,9000.0
0.9494736842105262,3.201,1.25,0.038441314578,0.000409913989,0.012673711156735682,0.044867761359701566,0.05795138650543725,0.6633372710486102,57.17934110398554,9000.0
0.9494736842105262,3.201,3.333333,0.104935333446,0.002993749183,0.012673711156735682,0.04672014510544498,0.062387605445180655,1.6819900795552347,57.17934110398554,9000.0
0.9494736842105262,3.201,5.416667,0.172417065241,0.007997114282,0.012673711156735682,0.04812367344332536,0.06879449888206104,2.50626239078485,57.17934110398554,9000.0
0.9494736842105262,3.201,7.5,0.239657824163,0.015367743026,0.012673711156735682,0.04919864849715947,0.07724010267989515,3.1027641839914413,57.17934110398554,9000.0
0.9494736842105262,3.201,9.583333,0.305992568997,0.024992112656,0.012673711156735682,0.05003615345982873,0.08770197727256442,3.489004222174166,57.17934110398554,9000.0
0.9494736842105262,3.201,11.666667,0.37080969955,0.03659271707,0.012673711156735682,0.050698291459618496,0.09996471968635418,3.709405685460226,57.17934110398554,9000.0
0.9494736842105262,3.201,13.75,0.431925831574,0.049661619452,0.012673711156735682,0.05121577250971212,0.1135511031184478,3.8038012816436324,57.17934110398554,9000.0
0.9494736842105262,3.201,15.833333,0.487896966721,0.063671796095,0.012673711156735682,0.05161857936778866,0.12796408661952435,3.812764812456046,57.17934110398554,9000.0
0.9494736842105262,3.201,17.916667,0.532056231997,0.076153957355,0.012673711156735682,0.051897309612048234,0.14072497812378393,3.780822986015993,57.17934110398554,9000.0
0.9494736842105262,3.201,20.0,0.564617655451,0.086650512703,0.012673711156735682,0.05208403901962618,0.15140826287936188,3.729107280630202,57.17934110398554,9000.0
1.0121052631578946,3.201,-5.0,-0.161286489521,0.014110739189,0.012546143786775774,0.04678452952172229,0.07344141249749805,-2.19612455746946,57.17934110398554,9000.0
1.0121052631578946,3.201,-2.916667,-0.101764489668,0.005184845698,0.012546143786775774,0.048029556838942306,0.06576054632371808,-1.5475006726228528,57.17934110398554,9000.0
1.0121052631578946,3.201,-0.833333,-0.024613549091,0.000358014732,0.012546143786775774,0.04905199055476781,0.06195614907354359,-0.3972737082445693,57.17934110398554,9000.0
1.0121052631578946,3.201,1.25,0.042805966634,0.000934029505,0.012546143786775774,0.0496427299663863,0.06312290325816207,0.6781368477132743,57.17934110398554,9000.0
1.0121052631578946,3.201,3.333333,0.116043707527,0.006758775572,0.012546143786775774,0.05009828510348723,0.069403204462263,1.6720223284516653,57.17934110398554,9000.0
1.0121052631578946,3.201,5.416667,0.188943798452,0.017915902706,0.012546143786775774,0.050429753802945454,0.08089180029572123,2.3357595919644054,57.17934110398554,9000.0
1.0121052631578946,3.201,7.5,0.260748414952,0.034328168068,0.012546143786775774,0.05067753928486188,0.09755185113963766,2.6729212404053673,57.17934110398554,9000.0
1.0121052631578946,3.201,9.583333,0.330061781864,0.05572465036,0.012546143786775774,0.05086522370154944,0.11913601784832523,2.7704617614818146,57.17934110398554,9000.0
1.0121052631578946,3.201,11.666667,0.394479251542,0.081440954609,0.012546143786775774,0.05100662712257033,0.1449937255183461,2.7206642917254125,57.17934110398554,9000.0
1.0121052631578946,3.201,13.75,0.452360752943,0.110660214642,0.012546143786775774,0.05111301835960824,0.17431937678838402,2.595011302112133,57.17934110398554,9000.0
1.0121052631578946,3.201,15.833333,0.497752787854,0.141102866258,0.012546143786775774,0.05118550083132338,0.20483451087609916,2.4300240507571598,57.17934110398554,9000.0
1.0121052631578946,3.201,17.916667,0.525789760558,0.169887167834,0.012546143786775774,0.05122619498225821,0.23365950660303397,2.2502391116115317,57.17934110398554,9000.0
1.0121052631578946,3.201,20.0,0.536603808483,0.195126691388,0.012546143786775774,0.051241140209959804,0.2589139753847356,2.0725177452689785,57.17934110398554,9000.0
1.074736842105263,3.201,-5.0,-0.17479868173,0.015292903009,0.0124278652784207,0.0530962886327199,0.0808170569201406,-2.1628934335325694,57.17934110398554,9000.0
1.074736842105263,3.201,-2.916667,-0.102317031959,0.005212997484,0.0124278652784207,0.05176179131244886,0.06940265407486956,-1.4742524377903956,57.17934110398554,9000.0
1.074736842105263,3.201,-0.833333,-0.024507703895,0.000356475095,0.0124278652784207,0.05090435652215801,0.06368869689557871,-0.38480460567723335,57.17934110398554,9000.0
1.074736842105263,3.201,1.25,0.043048713025,0.000939326254,0.0124278652784207,0.050413369450301684,0.06378056098272239,0.6749503667216337,57.17934110398554,9000.0
1.074736842105263,3.201,3.333333,0.116876703514,0.006807292096,0.0124278652784207,0.050033020100552175,0.06926817747497288,1.6873073289134601,57.17934110398554,9000.0
1.074736842105263,3.201,5.416667,0.190589612363,0.018071961154,0.0124278652784207,0.04975612414559065,0.08025595057801135,2.374772350091858,57.17934110398554,9000.0
1.074736842105263,3.201,7.5,0.263128233478,0.034641452762,0.0124278652784207,0.04954979720368786,0.09661911524410856,2.723355857825913,57.17934110398554,9000.0
1.074736842105263,3.201,9.583333,0.33287722322,0.056199744874,0.0124278652784207,0.04939432278510658,0.11802193293752727,2.8204691698805036,57.17934110398554,9000.0
1.074736842105263,3.201,11.666667,0.397512165048,0.082066956756,0.0124278652784207,0.04927756144483908,0.14377238347925977,2.7648714963770775,57.17934110398554,9000.0
1.074736842105263,3.201,13.75,0.454786720392,0.111254690527,0.0124278652784207,0.0491908285392387,0.1728733843446594,2.6307503732632846,57.17934110398554,9000.0
1.074736842105263,3.201,15.833333,0.497445352286,0.141023491664,0.0124278652784207,0.04913444116658586,0.20258579810900654,2.455479885210594,57.17934110398554,9000.0
1.074736842105263,3.201,17.916667,0.520354103645,0.168166335923,0.0124278652784207,0.04910663742047907,0.2297008386218998,2.2653556981632597,57.17934110398554,9000.0
1.074736842105263,3.201,20.0,0.522618610391,0.190130734579,0.0124278652784207,0.04910397559446111,0.2516625754518818,2.0766639992163847,57.17934110398554,9000.0
1.1373684210526314,3.201,-5.0,-0.172983722708,0.015134114704,0.012317708775761044,0.05102138200039623,0.07847320548015727,-2.204366721730778,57.17934110398554,9000.0
1.1373684210526314,3.201,-2.916667,-0.101120224816,0.005152020764,0.012317708775761044,0.04918867747941038,0.06665840701917142,-1.5169913194432794,57.17934110398554,9000.0
1.1373684210526314,3.201,-0.833333,-0.024096883159,0.000350499551,0.012317708775761044,0.04800532961982967,0.060673537946590715,-0.3971563876860426,57.17934110398554,9000.0
1.1373684210526314,3.201,1.25,0.04255215508,0.000928491303,0.012317708775761044,0.047326425103949646,0.06057262518271069,0.7024981161316037,57.17934110398554,9000.0
1.1373684210526314,3.201,3.333333,0.115642217835,0.006735391499,0.012317708775761044,0.04679666666778677,0.06584976694254782,1.7561522721241334,57.17934110398554,9000.0
1.1373684210526314,3.201,5.416667,0.188741802466,0.017896749213,0.012317708775761044,0.04640945888254311,0.07662391687130415,2.463223105430731,57.17934110398554,9000.0
1.1373684210526314,3.201,7.5,0.26068885672,0.034320290353,0.012317708775761044,0.046120442332969046,0.0927584414617301,2.8104057443392247,57.17934110398554,9000.0
1.1373684210526314,3.201,9.583333,0.329862312491,0.055690859672,0.012317708775761044,0.045902418474451014,0.11391098692221205,2.8957901375769626,57.17934110398554,9000.0
1.1373684210526314,3.201,11.666667,0.39405593306,0.081354369149,0.012317708775761044,0.04573831324657926,0.1394103911713403,2.826589393725259,57.17934110398554,9000.0
1.1373684210526314,3.201,13.75,0.45054773832,0.110220501152,0.012317708775761044,0.04561712731355545,0.16815533724131648,2.6793543738277403,57.17934110398554,9000.0
1.1373684210526314,3.201,15.833333,0.491546960427,0.139357185081,0.012317708775761044,0.04554015432015437,0.19721504817691543,2.4924414489205136,57.17934110398554,9000.0
1.1373684210526314,3.201,17.916667,0.512649079835,0.16567915309,0.012317708775761044,0.04550363252395383,0.22350049438971487,2.2937268270248232,57.17934110398554,9000.0
1.1373684210526314,3.201,20.0,0.51370978956,0.186903689916,0.012317708775761044,0.045501848116965796,0.24472324680872687,2.0991458566317167,57.17934110398554,9000.0
1.2,3.201,-5.0,-0.17033313973,0.014902218721,0.012214708774039927,0.04037095282263113,0.06748788031767106,-2.5239070915878195,57.17934110398554,9000.0
1.2,3.201,-2.916667,-0.099506869177,0.00506982126,0.012214708774039927,0.04037095282263113,0.05765548285667106,-1.725887361387114,57.17934110398554,9000.0
1.2,3.201,-0.833333,-0.023656085336,0.0003440879,0.012214708774039927,0.04037095282263113,0.05292974949667106,-0.44693363488311644,57.17934110398554,9000.0
1.2,3.201,1.25,0.04194263304,0.000915191519,0.012214708774039927,0.04037095282263113,0.05350085311567106,0.7839619482201208,57.17934110398554,9000.0
1.2,3.201,3.333333,0.114055895602,0.006642998718,0.012214708774039927,0.04037095282263113,0.059228660314671056,1.9256875809117047,57.17934110398554,9000.0
1.2,3.201,5.416667,0.18630015545,0.017665228986,0.012214708774039927,0.04037095282263113,0.07025089058267106,2.6519258888364194,57.17934110398554,9000.0
1.2,3.201,7.5,0.257454447762,0.033894472101,0.012214708774039927,0.04037095282263113,0.08648013369767106,2.9770357277897377,57.17934110398554,9000.0
1.2,3.201,9.583333,0.325992507417,0.055037711558,0.012214708774039927,0.04037095282263113,0.10762337315467106,3.0290121732990047,57.17934110398554,9000.0
1.2,3.201,11.666667,0.389935823745,0.080505649728,0.012214708774039927,0.04037095282263113,0.13309131132467106,2.9298368155210883,57.17934110398554,9000.0
1.2,3.201,13.75,0.445980463525,0.109107766409,0.012214708774039927,0.04037095282263113,0.16169342800567105,2.7581854687956655,57.17934110398554,9000.0
1.2,3.201,15.833333,0.486361032474,0.137894111358,0.012214708774039927,0.04037095282263113,0.19047977295467106,2.553347397099956,57.17934110398554,9000.0
1.2,3.201,17.916667,0.507140126558,0.163913415649,0.012214708774039927,0.04037095282263113,0.21649907724567108,2.3424586054125562,57.17934110398554,9000.0
1.2,3.201,20.0,0.508120333408,0.18487753468,0.012214708774039927,0.04037095282263113,0.23746319627667106,2.1397856230991823,57.17934110398554,9000.0
0.01,3.201,-5.0,-0.143769845682,0.00541010167,0.02987736763944628,0.0,0.035287469309446276,-4.07424642501959,57.17934110398554,10000.0
0.01,3.201,-2.916667,-0.082993533372,0.001676633787,0.02987736763944628,0.0,0.03155400142644628,-2.63020630094923,57.17934110398554,10000.0
0.01,3.201,-0.833333,-0.022135019161,0.000150594394,0.02987736763944628,0.0,0.03002796203344628,-0.7371469011565014,57.17934110398554,10000.0
0.01,3.201,1.25,0.035050573776,0.000337258693,0.02987736763944628,0.0,0.03021462633244628,1.1600531937858385,57.17934110398554,10000.0
0.01,3.201,3.333333,0.095017554368,0.002425190355,0.02987736763944628,0.0,0.03230255799444628,2.941486998779979,57.17934110398554,10000.0
0.01,3.201,5.416667,0.156089626199,0.006465084796,0.02987736763944628,0.0,0.03634245243544628,4.294966787842842,57.17934110398554,10000.0
0.01,3.201,7.5,0.217099263575,0.01242245198,0.02987736763944628,0.0,0.04229981961944628,5.1323921834218424,57.17934110398554,10000.0
0.01,3.201,9.583333,0.277820685904,0.020265615907,0.02987736763944628,0.0,0.05014298354644628,5.5405695125153684,57.17934110398554,10000.0
0.01,3.201,11.666667,0.344181623435,0.031254952444,0.02987736763944628,0.0,0.06113232008344628,5.630108966340363,57.17934110398554,10000.0
0.01,3.201,13.75,0.404693263142,0.04329420396,0.02987736763944628,0.0,0.07317157159944628,5.53074444481472,57.17934110398554,10000.0
0.01,3.201,15.833333,0.461859165835,0.056604918712,0.02987736763944628,0.0,0.08648228635144628,5.3405059616266275,57.17934110398554,10000.0
0.01,3.201,17.916667,0.513246349725,0.0704158324,0.02987736763944628,0.0,0.10029320003944628,5.117459105135097,57.17934110398554,10000.0
0.01,3.201,20.0,0.556008149009,0.08370013044,0.02987736763944628,0.0,0.11357749807944628,4.895407615160514,57.17934110398554,10000.0
0.07263157894736841,3.201,-5.0,-0.143846817824,0.005415709882,0.01988295730327482,0.0,0.02529866718527482,-5.685944511247871,57.17934110398554,10000.0
0.07263157894736841,3.201,-2.916667,-0.083035199327,0.001677892194,0.01988295730327482,0.0,0.021560849497274822,-3.8512025853849225,57.17934110398554,10000.0
0.07263157894736841,3.201,-0.833333,-0.022147921265,0.000150767047,0.01988295730327482,0.0,0.020033724350274822,-1.105531896004957,57.17934110398554,10000.0
0.07263157894736841,3.201,1.25,0.035069082898,0.000337611573,0.01988295730327482,0.0,0.02022056887627482,1.734327214658497,57.17934110398554,10000.0
0.07263157894736841,3.201,3.333333,0.095067910098,0.002427780803,0.01988295730327482,0.0,0.022310738106274822,4.261083145037791,57.17934110398554,10000.0
0.07263157894736841,3.201,5.416667,0.156172115648,0.006471974981,0.01988295730327482,0.0,0.026354932284274823,5.92572631048584,57.17934110398554,10000.0
0.07263157894736841,3.201,7.5,0.21721187601,0.012435503319,0.01988295730327482,0.0,0.03231846062227482,6.720984596038936,57.17934110398554,10000.0
0.07263157894736841,3.201,9.583333,0.277959676509,0.020286123728,0.01988295730327482,0.0,0.040169081031274825,6.91974198495072,57.17934110398554,10000.0
0.07263157894736841,3.201,11.666667,0.344345497394,0.031284316892,0.01988295730327482,0.0,0.05116727419527482,6.729799521464434,57.17934110398554,10000.0
0.07263157894736841,3.201,13.75,0.404871541962,0.043332005764,0.01988295730327482,0.0,0.06321496306727482,6.404678929118828,57.17934110398554,10000.0
0.07263157894736841,3.201,15.833333,0.462044547368,0.056649542858,0.01988295730327482,0.0,0.07653250016127483,6.037233154468314,57.17934110398554,10000.0
0.07263157894736841,3.201,17.916667,0.513395736054,0.070456228024,0.01988295730327482,0.0,0.09033918532727483,5.682979475563166,57.17934110398554,10000.0
0.07263157894736841,3.201,20.0,0.555906281155,0.0836567098,0.01988295730327482,0.0,0.10353966710327484,5.369017466518562,57.17934110398554,10000.0
0.13526315789473684,3.201,-5.0,-0.144144951151,0.005437425554,0.017718693478083462,0.0,0.023156119032083464,-6.224918387717867,57.17934110398554,10000.0
0.13526315789473684,3.201,-2.916667,-0.083206763861,0.001683829709,0.017718693478083462,0.0,0.01940252318708346,-4.288450685444455,57.17934110398554,10000.0
0.13526315789473684,3.201,-0.833333,-0.022195723117,0.00015138596,0.017718693478083462,0.0,0.017870079438083462,-1.2420606855108898,57.17934110398554,10000.0
0.13526315789473684,3.201,1.25,0.035143488132,0.000339011197,0.017718693478083462,0.0,0.018057704675083462,1.946176923609344,57.17934110398554,10000.0
0.13526315789473684,3.201,3.333333,0.095267286228,0.00243780653,0.017718693478083462,0.0,0.020156500008083462,4.726380382992805,57.17934110398554,10000.0
0.13526315789473684,3.201,5.416667,0.156496463431,0.006498554086,0.017718693478083462,0.0,0.02421724756408346,6.4621903466477955,57.17934110398554,10000.0
0.13526315789473684,3.201,7.5,0.217655122943,0.012485935742,0.017718693478083462,0.0,0.030204629220083462,7.206018698560226,57.17934110398554,10000.0
0.13526315789473684,3.201,9.583333,0.27851570507,0.020366558873,0.017718693478083462,0.0,0.03808525235108346,7.312954171933607,57.17934110398554,10000.0
0.13526315789473684,3.201,11.666667,0.345012836642,0.031401646436,0.017718693478083462,0.0,0.04912033991408346,7.023828362048452,57.17934110398554,10000.0
0.13526315789473684,3.201,13.75,0.405623648656,0.043487267738,0.017718693478083462,0.0,0.06120596121608346,6.627191871457969,57.17934110398554,10000.0
0.13526315789473684,3.201,15.833333,0.462862156312,0.056843264797,0.017718693478083462,0.0,0.07456195827508347,6.2077521435844005,57.17934110398554,10000.0
0.13526315789473684,3.201,17.916667,0.514085554888,0.070632361783,0.017718693478083462,0.0,0.08835105526108347,5.818669096467967,57.17934110398554,10000.0
0.13526315789473684,3.201,20.0,0.556230494568,0.0837387333,0.017718693478083462,0.0,0.10145742677808348,5.482402937190944,57.17934110398554,10000.0
0.19789473684210523,3.201,-5.0,-0.144439739446,0.005460333309,0.016553694864304944,0.0,0.022014028173304945,-6.561258953104874,57.17934110398554,10000.0
0.19789473684210523,3.201,-2.916667,-0.083370958599,0.00169117465,0.016553694864304944,0.0,0.018244869514304943,-4.5695563091658595,57.17934110398554,10000.0
0.19789473684210523,3.201,-0.833333,-0.022239280174,0.000152017872,0.016553694864304944,0.0,0.016705712736304945,-1.3312380336619505,57.17934110398554,10000.0
0.19789473684210523,3.201,1.25,0.035216346674,0.000340436896,0.016553694864304944,0.0,0.016894131760304944,2.0845313138107273,57.17934110398554,10000.0
0.19789473684210523,3.201,3.333333,0.095462092103,0.002447655008,0.016553694864304944,0.0,0.019001349872304944,5.023963704922825,57.17934110398554,10000.0
0.19789473684210523,3.201,5.416667,0.156813306015,0.006524305506,0.016553694864304944,0.0,0.023078000370304944,6.794926055065659,57.17934110398554,10000.0
0.19789473684210523,3.201,7.5,0.218086903688,0.012534703591,0.016553694864304944,0.0,0.029088398455304944,7.49738436177901,57.17934110398554,10000.0
0.19789473684210523,3.201,9.583333,0.279054432285,0.020444803408,0.016553694864304944,0.0,0.03699849827230495,7.542317805203593,57.17934110398554,10000.0
0.19789473684210523,3.201,11.666667,0.345642661439,0.031514698299,0.016553694864304944,0.0,0.04806839316330494,7.190643137679524,57.17934110398554,10000.0
0.19789473684210523,3.201,13.75,0.406313639365,0.043628718326,0.016553694864304944,0.0,0.06018241319030494,6.751368345436418,57.17934110398554,10000.0
0.19789473684210523,3.201,15.833333,0.463567461439,0.057007316101,0.016553694864304944,0.0,0.07356101096530494,6.301809278527203,57.17934110398554,10000.0
0.19789473684210523,3.201,17.916667,0.514624075635,0.070762207167,0.016553694864304944,0.0,0.08731590203130495,5.893818464481926,57.17934110398554,10000.0
0.19789473684210523,3.201,20.0,0.556599706234,0.083837948072,0.016553694864304944,0.0,0.10039164293630494,5.544283268549988,57.17934110398554,10000.0
0.26052631578947366,3.201,-5.0,-0.144883554158,0.005493312409,0.015777390036612875,0.0,0.021270702445612875,-6.81141370523391,57.17934110398554,10000.0
0.26052631578947366,3.201,-2.916667,-0.083608787107,0.001697787304,0.015777390036612875,0.0,0.017475177340612876,-4.784431395307816,57.17934110398554,10000.0
0.26052631578947366,3.201,-0.833333,-0.022313367526,0.000153012713,0.015777390036612875,0.0,0.015930402749612875,-1.400678179749237,57.17934110398554,10000.0
0.26052631578947366,3.201,1.25,0.035322980124,0.000342484021,0.015777390036612875,0.0,0.016119874057612876,2.1912689886877956,57.17934110398554,10000.0
0.26052631578947366,3.201,3.333333,0.095751908832,0.002462574937,0.015777390036612875,0.0,0.018239964973612875,5.249566486038814,57.17934110398554,10000.0
0.26052631578947366,3.201,5.416667,0.157288415986,0.006564187271,0.015777390036612875,0.0,0.022341577307612874,7.040166136005272,57.17934110398554,10000.0
0.26052631578947366,3.201,7.5,0.218733817042,0.012610096741,0.015777390036612875,0.0,0.028387486777612873,7.705289966510854,57.17934110398554,10000.0
0.26052631578947366,3.201,9.583333,0.279855780665,0.020564208909,0.015777390036612875,0.0,0.036341598945612875,7.700700816268953,57.17934110398554,10000.0
0.26052631578947366,3.201,11.666667,0.346586057901,0.031685668772,0.015777390036612875,0.0,0.047463058808612874,7.302227597647096,57.17934110398554,10000.0
0.26052631578947366,3.201,13.75,0.407342823158,0.043843949381,0.015777390036612875,0.0,0.05962133941761288,6.832164911707199,57.17934110398554,10000.0
0.26052631578947366,3.201,15.833333,0.46462549048,0.057263716807,0.015777390036612875,0.0,0.07304110684361287,6.361150734952608,57.17934110398554,10000.0
0.26052631578947366,3.201,17.916667,0.515466091171,0.070990841956,0.015777390036612875,0.0,0.08676823199261288,5.940723688076124,57.17934110398554,10000.0
0.26052631578947366,3.201,20.0,0.556812924554,0.083881015377,0.015777390036612875,0.0,0.09965840541361287,5.587214869062534,57.17934110398554,10000.0
0.3231578947368421,3.201,-5.0,-0.14546135336,0.005535858762,0.015204217122103271,0.0,0.02074007588410327,-7.013540074435906,57.17934110398554,10000.0
0.3231578947368421,3.201,-2.916667,-0.083916993413,0.001707284535,0.015204217122103271,0.0,0.01691150165710327,-4.962125487996076,57.17934110398554,10000.0
0.3231578947368421,3.201,-0.833333,-0.022412623778,0.000154355875,0.015204217122103271,0.0,0.01535857299710327,-1.4592907675880546,57.17934110398554,10000.0
0.3231578947368421,3.201,1.25,0.035461949444,0.000345161315,0.015204217122103271,0.0,0.015549378437103271,2.2806023782521234,57.17934110398554,10000.0
0.3231578947368421,3.201,3.333333,0.096129285453,0.002482067248,0.015204217122103271,0.0,0.01768628437010327,5.435244816909991,57.17934110398554,10000.0
0.3231578947368421,3.201,5.416667,0.157907546488,0.006616379091,0.015204217122103271,0.0,0.021820596213103272,7.236628410417883,57.17934110398554,10000.0
0.3231578947368421,3.201,7.5,0.219576973984,0.01270750678,0.015204217122103271,0.0,0.027911723902103273,7.8668367010987055,57.17934110398554,10000.0
0.3231578947368421,3.201,9.583333,0.28090689026,0.020721094642,0.015204217122103271,0.0,0.03592531176410327,7.819191440968465,57.17934110398554,10000.0
0.3231578947368421,3.201,11.666667,0.347811274547,0.031907397496,0.015204217122103271,0.0,0.04711161461810327,7.382707584242906,57.17934110398554,10000.0
0.3231578947368421,3.201,13.75,0.408682513679,0.044126429361,0.015204217122103271,0.0,0.05933064648310327,6.888219459995069,57.17934110398554,10000.0
0.3231578947368421,3.201,15.833333,0.465978074943,0.057594099925,0.015204217122103271,0.0,0.07279831704710327,6.400945706498882,57.17934110398554,10000.0
0.3231578947368421,3.201,17.916667,0.516567022646,0.071278335779,0.015204217122103271,0.0,0.08648255290110327,5.973077867355718,57.17934110398554,10000.0
0.3231578947368421,3.201,20.0,0.557602874466,0.084122592,0.015204217122103271,0.0,0.09932680912210326,5.613820471978861,57.17934110398554,10000.0
0.38578947368421046,3.201,-5.0,-0.146282824113,0.005595503585,0.014754448499558344,0.0,0.020349952084558344,-7.188362090739281,57.17934110398554,10000.0
0.38578947368421046,3.201,-2.916667,-0.084366677165,0.001720809926,0.014754448499558344,0.0,0.016475258425558345,-5.120810550329248,57.17934110398554,10000.0
0.38578947368421046,3.201,-0.833333,-0.022552680281,0.000156228657,0.014754448499558344,0.0,0.014910677156558345,-1.5125188510355734,57.17934110398554,10000.0
0.38578947368421046,3.201,1.25,0.035662529513,0.000348963599,0.014754448499558344,0.0,0.015103412098558344,2.361223363322257,57.17934110398554,10000.0
0.38578947368421046,3.201,3.333333,0.096665996558,0.002509349012,0.014754448499558344,0.0,0.017263797511558345,5.5993472173941345,57.17934110398554,10000.0
0.38578947368421046,3.201,5.416667,0.158786302066,0.006689300144,0.014754448499558344,0.0,0.021443748643558344,7.404782843959471,57.17934110398554,10000.0
0.38578947368421046,3.201,7.5,0.220774889678,0.012845395693,0.014754448499558344,0.0,0.027599844192558343,7.99913536242088,57.17934110398554,10000.0
0.38578947368421046,3.201,9.583333,0.282403250866,0.020941772865,0.014754448499558344,0.0,0.03569622136455834,7.911292570209947,57.17934110398554,10000.0
0.38578947368421046,3.201,11.666667,0.343980927054,0.031065564918,0.014754448499558344,0.0,0.04582001341755834,7.507220129319859,57.17934110398554,10000.0
0.38578947368421046,3.201,13.75,0.410643865073,0.044533440798,0.014754448499558344,0.0,0.05928788929755834,6.926268921668486,57.17934110398554,10000.0
0.38578947368421046,3.201,15.833333,0.467983652316,0.058073005369,0.014754448499558344,0.0,0.07282745386855835,6.425923569436246,57.17934110398554,10000.0
0.38578947368421046,3.201,17.916667,0.517283351749,0.071440497317,0.014754448499558344,0.0,0.08619494581655834,6.001318834283994,57.17934110398554,10000.0
0.38578947368421046,3.201,20.0,0.558885284582,0.08453303607,0.014754448499558344,0.0,0.09928748456955834,5.6289600547837315,57.17934110398554,10000.0
0.4484210526315789,3.201,-5.0,-0.14720622549,0.005667443288,0.014386940106751924,0.0,0.020054383394751924,-7.340351612531888,57.17934110398554,10000.0
0.4484210526315789,3.201,-2.916667,-0.084808797395,0.001726925779,0.014386940106751924,0.0,0.016113865885751925,-5.26309440554479,57.17934110398554,10000.0
0.4484210526315789,3.201,-0.833333,-0.022703346444,0.0001586369,0.014386940106751924,0.0,0.014545577006751924,-1.5608419269624927,57.17934110398554,10000.0
0.4484210526315789,3.201,1.25,0.035878583318,0.000353336274,0.014386940106751924,0.0,0.014740276380751925,2.4340509221964655,57.17934110398554,10000.0
0.4484210526315789,3.201,3.333333,0.097256497513,0.00254137903,0.014386940106751924,0.0,0.016928319136751923,5.745195180179055,57.17934110398554,10000.0
0.4484210526315789,3.201,5.416667,0.159781212049,0.006777037671,0.014386940106751924,0.0,0.021163977777751926,7.549677746163852,57.17934110398554,10000.0
0.4484210526315789,3.201,7.5,0.222137424669,0.013011723462,0.014386940106751924,0.0,0.027398663568751924,8.107600727005785,57.17934110398554,10000.0
0.4484210526315789,3.201,9.583333,0.284100999511,0.021205985717,0.014386940106751924,0.0,0.035592925823751925,7.981951270817227,57.17934110398554,10000.0
0.4484210526315789,3.201,11.666667,0.345827596879,0.031402641906,0.014386940106751924,0.0,0.04578958201275192,7.552538845685262,57.17934110398554,10000.0
0.4484210526315789,3.201,13.75,0.412700990492,0.044976254642,0.014386940106751924,0.0,0.05936319474875193,6.952135784448776,57.17934110398554,10000.0
0.4484210526315789,3.201,15.833333,0.470018328446,0.058575993876,0.014386940106751924,0.0,0.07296293398275193,6.441878126188154,57.17934110398554,10000.0
0.4484210526315789,3.201,17.916667,0.518881007248,0.071880480587,0.014386940106751924,0.0,0.08626742069375193,6.014796815242917,57.17934110398554,10000.0
0.4484210526315789,3.201,20.0,0.560029780529,0.084896768933,0.014386940106751924,0.0,0.09928370903975192,5.6407016412407724,57.17934110398554,10000.0
0.5110526315789473,3.201,-5.0,-0.148335964713,0.005750952507,0.014077849631698827,0.0,0.019828802138698826,-7.4808333693289795,57.17934110398554,10000.0
0.5110526315789473,3.201,-2.916667,-0.085428978494,0.001747109102,0.014077849631698827,0.0,0.015824958733698827,-5.398369748167575,57.17934110398554,10000.0
0.5110526315789473,3.201,-0.833333,-0.022904859362,0.000161367999,0.014077849631698827,0.0,0.014239217630698827,-1.6085756925730677,57.17934110398554,10000.0
0.5110526315789473,3.201,1.25,0.036155403011,0.000358732965,0.014077849631698827,0.0,0.014436582596698827,2.5044294776014064,57.17934110398554,10000.0
0.5110526315789473,3.201,3.333333,0.097980829938,0.002579352939,0.014077849631698827,0.0,0.016657202570698828,5.8821899729042775,57.17934110398554,10000.0
0.5110526315789473,3.201,5.416667,0.160955823497,0.006877083566,0.014077849631698827,0.0,0.020954933197698828,7.681046843646126,57.17934110398554,10000.0
0.5110526315789473,3.201,7.5,0.223739036062,0.013201900978,0.014077849631698827,0.0,0.027279750609698825,8.201652546722828,57.17934110398554,10000.0
0.5110526315789473,3.201,9.583333,0.286100360579,0.02150735194,0.014077849631698827,0.0,0.035585201571698824,8.039869045073438,57.17934110398554,10000.0
0.5110526315789473,3.201,11.666667,0.348138342168,0.03182317281,0.014077849631698827,0.0,0.04590102244169883,7.584544388094793,57.17934110398554,10000.0
0.5110526315789473,3.201,13.75,0.415332237527,0.045533860957,0.014077849631698827,0.0,0.05961171058869883,6.967292725294458,57.17934110398554,10000.0
0.5110526315789473,3.201,15.833333,0.472652715154,0.059220167594,0.014077849631698827,0.0,0.07329801722569883,6.448369724635395,57.17934110398554,10000.0
0.5110526315789473,3.201,17.916667,0.521028146399,0.072465769483,0.014077849631698827,0.0,0.08654361911469882,6.020410883308057,57.17934110398554,10000.0
0.5110526315789473,3.201,20.0,0.561623640308,0.085374733824,0.014077849631698827,0.0,0.09945258345569882,5.64714983556134,57.17934110398554,10000.0
0.5736842105263157,3.201,-5.0,-0.149160828981,0.005808511335,0.013812201161438081,0.0,0.01962071249643808,-7.602212662158852,57.17934110398554,10000.0
0.5736842105263157,3.201,-2.916667,-0.085912890806,0.00177263379,0.013812201161438081,0.0,0.015584834951438082,-5.51259548616987,57.17934110398554,10000.0
0.5736842105263157,3.201,-0.833333,-0.023087927693,0.000164046717,0.013812201161438081,0.0,0.013976247878438082,-1.6519403414860008,57.17934110398554,10000.0
0.5736842105263157,3.201,1.25,0.036358621971,0.000362746014,0.013812201161438081,0.0,0.014174947175438081,2.564991708328982,57.17934110398554,10000.0
0.5736842105263157,3.201,3.333333,0.098530330166,0.002608802144,0.013812201161438081,0.0,0.01642100330543808,6.000262489038662,57.17934110398554,10000.0
0.5736842105263157,3.201,5.416667,0.161827827137,0.006953886213,0.013812201161438081,0.0,0.02076608737443808,7.792889638719387,57.17934110398554,10000.0
0.5736842105263157,3.201,7.5,0.224908548365,0.013346824405,0.013812201161438081,0.0,0.02715902556643808,8.28117149545056,57.17934110398554,10000.0
0.5736842105263157,3.201,9.583333,0.287537795551,0.021737950202,0.013812201161438081,0.0,0.03555015136343808,8.088229853409885,57.17934110398554,10000.0
0.5736842105263157,3.201,11.666667,0.349832121183,0.032152102949,0.013812201161438081,0.0,0.04596430411043808,7.610952193303331,57.17934110398554,10000.0
0.5736842105263157,3.201,13.75,0.415718467434,0.045605893078,0.013812201161438081,0.0,0.05941809423943808,6.996496147432336,57.17934110398554,10000.0
0.5736842105263157,3.201,15.833333,0.474475261377,0.05970056349,0.013812201161438081,0.0,0.07351276465143808,6.454324818645196,57.17934110398554,10000.0
0.5736842105263157,3.201,17.916667,0.52287141039,0.073027566136,0.013812201161438081,0.0,0.08683976729743809,6.021105613964784,57.17934110398554,10000.0
0.5736842105263157,3.201,20.0,0.562672136492,0.085721562624,0.013812201161438081,0.0,0.09953376378543809,5.653078062082885,57.17934110398554,10000.0
0.6363157894736842,3.201,-5.0,-0.150659208095,0.005918979203,0.013580011118197021,0.0,0.01949899032119702,-7.726513302138569,57.17934110398554,10000.0
0.6363157894736842,3.201,-2.916667,-0.086715980108,0.001789854254,0.013580011118197021,0.0,0.015369865372197021,-5.641947929151217,57.17934110398554,10000.0
0.6363157894736842,3.201,-0.833333,-0.023388598373,0.000167965908,0.013580011118197021,0.0,0.013747977026197022,-1.701239268034315,57.17934110398554,10000.0
0.6363157894736842,3.201,1.25,0.036719345704,0.000369851271,0.013580011118197021,0.0,0.01394986238919702,2.632237127474175,57.17934110398554,10000.0
0.6363157894736842,3.201,3.333333,0.099496490098,0.002659967448,0.013580011118197021,0.0,0.016239978566197022,6.126639249703116,57.17934110398554,10000.0
0.6363157894736842,3.201,5.416667,0.163411396879,0.007090954875,0.013580011118197021,0.0,0.02067096599319702,7.905358507811391,57.17934110398554,10000.0
0.6363157894736842,3.201,7.5,0.227075209563,0.01360793863,0.013580011118197021,0.0,0.02718794974819702,8.352053452579982,57.17934110398554,10000.0
0.6363157894736842,3.201,9.583333,0.290245899867,0.022155561677,0.013580011118197021,0.0,0.03573557279519702,8.122044147170072,57.17934110398554,10000.0
0.6363157894736842,3.201,11.666667,0.352017905267,0.032535830738,0.013580011118197021,0.0,0.04611584185619702,7.633340108258178,57.17934110398554,10000.0
0.6363157894736842,3.201,13.75,0.412640735707,0.044752663754,0.013580011118197021,0.0,0.058332674872197024,7.073921033298544,57.17934110398554,10000.0
0.6363157894736842,3.201,15.833333,0.477974551559,0.060571010995,0.013580011118197021,0.0,0.07415102211319702,6.44596039187884,57.17934110398554,10000.0
0.6363157894736842,3.201,17.916667,0.525720101231,0.073838091923,0.013580011118197021,0.0,0.08741810304119703,6.013858490880852,57.17934110398554,10000.0
0.6363157894736842,3.201,20.0,0.564826996238,0.086447638279,0.013580011118197021,0.0,0.10002764939719702,5.646708681468103,57.17934110398554,10000.0
0.6989473684210525,3.201,-5.0,-0.151685751345,0.005995110246,0.013374311804421085,0.0,0.019369422050421085,-7.831196560751404,57.17934110398554,10000.0
0.6989473684210525,3.201,-2.916667,-0.087165419184,0.00177523601,0.013374311804421085,0.0,0.015149547814421085,-5.753664746417442,57.17934110398554,10000.0
0.6989473684210525,3.201,-0.833333,-0.023630175749,0.000171559827,0.013374311804421085,0.0,0.013545871631421085,-1.7444559044976702,57.17934110398554,10000.0
0.6989473684210525,3.201,1.25,0.036967558309,0.000374921911,0.013374311804421085,0.0,0.013749233715421085,2.6886995358539387,57.17934110398554,10000.0
0.6989473684210525,3.201,3.333333,0.10018534215,0.002698742351,0.013374311804421085,0.0,0.016073054155421086,6.233124158062374,57.17934110398554,10000.0
0.6989473684210525,3.201,5.416667,0.164589669181,0.007199266011,0.013374311804421085,0.0,0.020573577815421084,8.000050873875255,57.17934110398554,10000.0
0.6989473684210525,3.201,7.5,0.22871413232,0.01381570108,0.013374311804421085,0.0,0.027190012884421084,8.411696356754767,57.17934110398554,10000.0
0.6989473684210525,3.201,9.583333,0.29227728113,0.022484281574,0.013374311804421085,0.0,0.03585859337842108,8.150829510950256,57.17934110398554,10000.0
0.6989473684210525,3.201,11.666667,0.3542957523,0.032975462331,0.013374311804421085,0.0,0.04634977413542109,7.6439585501505745,57.17934110398554,10000.0
0.6989473684210525,3.201,13.75,0.415068939721,0.045292228717,0.013374311804421085,0.0,0.05866654052142108,7.075053958046916,57.17934110398554,10000.0
0.6989473684210525,3.201,15.833333,0.479455709869,0.06091936155,0.013374311804421085,0.0,0.07429367335442108,6.4535200404176605,57.17934110398554,10000.0
0.6989473684210525,3.201,17.916667,0.528167595497,0.074542801891,0.013374311804421085,0.0,0.08791711369542109,6.007562956704618,57.17934110398554,10000.0
0.6989473684210525,3.201,20.0,0.566092814972,0.086811908138,0.013374311804421085,0.0,0.10018621994242108,5.6504059669817295,57.17934110398554,10000.0
0.7615789473684209,3.201,-5.0,-0.15293285481,0.006079217162,0.013190059868547009,0.0,0.01926927703054701,-7.936616125636686,57.17934110398554,10000.0
0.7615789473684209,3.201,-2.916667,-0.087718428984,0.001855197215,0.013190059868547009,0.0,0.015045257083547009,-5.830304427295293,57.17934110398554,10000.0
0.7615789473684209,3.201,-0.833333,-0.023966943756,0.000176392194,0.013190059868547009,0.0,0.013366452062547008,-1.7930669742313836,57.17934110398554,10000.0
0.7615789473684209,3.201,1.25,0.037359716304,0.00038289295,0.013190059868547009,0.0,0.013572952818547009,2.7525120586103515,57.17934110398554,10000.0
0.7615789473684209,3.201,3.333333,0.101254442307,0.002757321633,0.013190059868547009,0.0,0.01594738150154701,6.349283253628666,57.17934110398554,10000.0
0.7615789473684209,3.201,5.416667,0.166349628846,0.007357849497,0.013190059868547009,0.0,0.02054790936554701,8.09569605776639,57.17934110398554,10000.0
0.7615789473684209,3.201,7.5,0.231106237582,0.014115650108,0.013190059868547009,0.0,0.027305709976547007,8.463659717344767,57.17934110398554,10000.0
0.7615789473684209,3.201,9.583333,0.29521691604,0.022957942426,0.013190059868547009,0.0,0.03614800229454701,8.16689435931938,57.17934110398554,10000.0
0.7615789473684209,3.201,11.666667,0.357614202157,0.033612723306,0.013190059868547009,0.0,0.04680278317454701,7.640874706602558,57.17934110398554,10000.0
0.7615789473684209,3.201,13.75,0.418635606883,0.046091796995,0.013190059868547009,0.0,0.05928185686354701,7.061782964163916,57.17934110398554,10000.0
0.7615789473684209,3.201,15.833333,0.475691037519,0.059757739132,0.013190059868547009,0.0,0.07294779900054701,6.520978618085968,57.17934110398554,10000.0
0.7615789473684209,3.201,17.916667,0.530582465875,0.075235108504,0.013190059868547009,0.0,0.08842516837254702,6.000355731748063,57.17934110398554,10000.0
0.7615789473684209,3.201,20.0,0.568204800961,0.08749409771,0.013190059868547009,0.0,0.10068415757854701,5.643438000836674,57.17934110398554,10000.0
0.8242105263157894,3.201,-5.0,-0.154935501886,0.006232058181,0.01302349484306915,0.0,0.01925555302406915,-8.046276401011852,57.17934110398554,10000.0
0.8242105263157894,3.201,-2.916667,-0.087742150251,0.001882616602,0.01302349484306915,0.0,0.01490611144506915,-5.886320558808419,57.17934110398554,10000.0
0.8242105263157894,3.201,-0.833333,-0.02415444881,0.000179392804,0.01302349484306915,0.0,0.01320288764706915,-1.8294822659770142,57.17934110398554,10000.0
0.8242105263157894,3.201,1.25,0.037794054885,0.000392310583,0.01302349484306915,0.0,0.01341580542606915,2.8171290268983658,57.17934110398554,10000.0
0.8242105263157894,3.201,3.333333,0.10262528529,0.002836329553,0.01302349484306915,0.0,0.015859824396069148,6.470770591598457,57.17934110398554,10000.0
0.8242105263157894,3.201,5.416667,0.168230192491,0.007539266031,0.01302349484306915,0.0,0.02056276087406915,8.18130374229796,57.17934110398554,10000.0
0.8242105263157894,3.201,7.5,0.234328039011,0.014548410058,0.01302349484306915,0.0,0.02757190490106915,8.498797593122175,57.17934110398554,10000.0
0.8242105263157894,3.201,9.583333,0.299208953704,0.023645014163,0.01302349484306915,0.0,0.03666850900606915,8.159834195998446,57.17934110398554,10000.0
0.8242105263157894,3.201,11.666667,0.362164571706,0.034548950921,0.01302349484306915,0.0,0.047572445764069146,7.612906292481146,57.17934110398554,10000.0
0.8242105263157894,3.201,13.75,0.423532738765,0.047272643975,0.01302349484306915,0.0,0.06029613881806915,7.024209958832032,57.17934110398554,10000.0
0.8242105263157894,3.201,15.833333,0.480170389455,0.061009967631,0.01302349484306915,0.0,0.07403346247406915,6.485856171095385,57.17934110398554,10000.0
0.8242105263157894,3.201,17.916667,0.525767580968,0.073676333649,0.01302349484306915,0.0,0.08669982849206916,6.064228616277995,57.17934110398554,10000.0
0.8242105263157894,3.201,20.0,0.560877742805,0.084871822393,0.01302349484306915,0.0,0.09789531723606915,5.7293623294817495,57.17934110398554,10000.0
0.8868421052631578,3.201,-5.0,-0.157637409026,0.006420528946,0.012871742806198624,0.011211193891624463,0.030503465643823086,-5.167852429185253,57.17934110398554,10000.0
0.8868421052631578,3.201,-2.916667,-0.089009172812,0.001935515964,0.012871742806198624,0.02362410618577811,0.03843136495597674,-2.316055464435373,57.17934110398554,10000.0
0.8868421052631578,3.201,-0.833333,-0.024668051388,0.000186818004,0.012871742806198624,0.031099333759174817,0.04415789456937344,-0.5586328702616407,57.17934110398554,10000.0
0.8868421052631578,3.201,1.25,0.038433738509,0.000405695507,0.012871742806198624,0.03621347064075314,0.049490908953951765,0.7765817868643354,57.17934110398554,10000.0
0.8868421052631578,3.201,3.333333,0.104390151476,0.002936161215,0.012871742806198624,0.04010389844611942,0.05591180246731804,1.8670503698573993,57.17934110398554,10000.0
0.8868421052631578,3.201,5.416667,0.17111990064,0.00780846544,0.012871742806198624,0.043049912650709204,0.06373012089690783,2.685071018722996,57.17934110398554,10000.0
0.8868421052631578,3.201,7.5,0.238304527517,0.015065838706,0.012871742806198624,0.04533258153833062,0.07327016305052925,3.2524088605160903,57.17934110398554,10000.0
0.8868421052631578,3.201,9.583333,0.304094913589,0.024462955538,0.012871742806198624,0.04709879997345892,0.08443349831765755,3.601590833592225,57.17934110398554,10000.0
0.8868421052631578,3.201,11.666667,0.367696380707,0.035655227677,0.012871742806198624,0.048483430287411394,0.09701040077061002,3.7902779267601603,57.17934110398554,10000.0
0.8868421052631578,3.201,13.75,0.428748109232,0.048500469343,0.012871742806198624,0.04958657477739565,0.11095878692659428,3.8640302503995647,57.17934110398554,10000.0
0.8868421052631578,3.201,15.833333,0.485826927955,0.062582320474,0.012871742806198624,0.05046149067337586,0.12591555395357448,3.858355165034862,57.17934110398554,10000.0
0.8868421052631578,3.201,17.916667,0.530645407316,0.075196633227,0.012871742806198624,0.05106242424794698,0.1391308002811456,3.8140038456165675,57.17934110398554,10000.0
0.8868421052631578,3.201,20.0,0.564459953472,0.086082477172,0.012871742806198624,0.0514733209178088,0.15042754089600743,3.7523710758671425,57.17934110398554,10000.0
0.9494736842105262,3.201,-5.0,-0.158592297098,0.006525329972,0.012732561165995663,0.03294034934044538,0.052198240478441044,-3.0382690229472753,57.17934110398554,10000.0
0.9494736842105262,3.201,-2.916667,-0.08907524889,0.001954720092,0.012732561165995663,0.038910201765486915,0.05359748302348258,-1.6619297001497926,57.17934110398554,10000.0
0.9494736842105262,3.201,-0.833333,-0.024649519931,0.000188774546,0.012732561165995663,0.042450121461701934,0.0553714571736976,-0.4451665386676685,57.17934110398554,10000.0
0.9494736842105262,3.201,1.25,0.038441314578,0.000409913989,0.012732561165995663,0.044867761359701566,0.05801023651469723,0.662664331117848,57.17934110398554,10000.0
0.9494736842105262,3.201,3.333333,0.104935333446,0.002993749183,0.012732561165995663,0.04672014510544498,0.062446455454440636,1.6804049594545551,57.17934110398554,10000.0
0.9494736842105262,3.201,5.416667,0.172417065241,0.007997114282,0.012732561165995663,0.04812367344332536,0.06885334889132103,2.5041202500280013,57.17934110398554,10000.0
0.9494736842105262,3.201,7.5,0.239657824163,0.015367743026,0.012732561165995663,0.04919864849715947,0.07729895268915513,3.1004019566312113,57.17934110398554,10000.0
0.9494736842105262,3.201,9.583333,0.305992568997,0.024992112656,0.012732561165995663,0.05003615345982873,0.0877608272818244,3.4866645914169982,57.17934110398554,10000.0
0.9494736842105262,3.201,11.666667,0.37080969955,0.03659271707,0.012732561165995663,0.050698291459618496,0.10002356969561416,3.707223214272658,57.17934110398554,10000.0
0.9494736842105262,3.201,13.75,0.431925831574,0.049661619452,0.012732561165995663,0.05121577250971212,0.11360995312770777,3.8018309107871615,57.17934110398554,10000.0
0.9494736842105262,3.201,15.833333,0.487896966721,0.063671796095,0.012732561165995663,0.05161857936778866,0.12802293662878433,3.8110121480474035,57.17934110398554,10000.0
0.9494736842105262,3.201,17.916667,0.532056231997,0.076153957355,0.012732561165995663,0.051897309612048234,0.1407838281330439,3.779242538384415,57.17934110398554,10000.0
0.9494736842105262,3.201,20.0,0.564617655451,0.086650512703,0.012732561165995663,0.05208403901962618,0.15146711288862186,3.727658398468185,57.17934110398554,10000.0
1.0121052631578946,3.201,-5.0,-0.16128648952,0.014110739189,0.012604168516352992,0.046784529521748316,0.07349943722710131,-2.1943908090296116,57.17934110398554,10000.0
1.0121052631578946,3.201,-2.916667,-0.101764489668,0.005184845698,0.012604168516352992,0.048029556838942306,0.0658185710532953,-1.5461364177231711,57.17934110398554,10000.0
1.0121052631578946,3.201,-0.833333,-0.024613549091,0.000358014732,0.012604168516352992,0.04905199055476781,0.062014173803120805,-0.3969019916179444,57.17934110398554,10000.0
1.0121052631578946,3.201,1.25,0.042805966634,0.000934029505,0.012604168516352992,0.0496427299663863,0.06318092798773929,0.6775140536445872,57.17934110398554,10000.0
1.0121052631578946,3.201,3.333333,0.116043707527,0.006758775572,0.012604168516352992,0.05009828510348723,0.06946122919184022,1.6706255975762652,57.17934110398554,10000.0
1.0121052631578946,3.201,5.416667,0.188943798452,0.017915902706,0.012604168516352992,0.050429753802945454,0.08094982502529845,2.334085322518625,57.17934110398554,10000.0
1.0121052631578946,3.201,7.5,0.260748414952,0.034328168068,0.012604168516352992,0.05067753928486188,0.09760987586921488,2.671332307617833,57.17934110398554,10000.0
1.0121052631578946,3.201,9.583333,0.330061825623,0.055724658832,0.012604168516352992,0.05086522380731831,0.1191940511556713,2.7691132436796577,57.17934110398554,10000.0
1.0121052631578946,3.201,11.666667,0.394479251542,0.081440954609,0.012604168516352992,0.05100662712257033,0.14505175024792333,2.719575950429786,57.17934110398554,10000.0
1.0121052631578946,3.201,13.75,0.452360752943,0.110660214642,0.012604168516352992,0.05111301835960824,0.17437740151796122,2.5941478024399047,57.17934110398554,10000.0
1.0121052631578946,3.201,15.833333,0.497752787854,0.141102866258,0.012604168516352992,0.05118550083132338,0.20489253560567638,2.4293358778669445,57.17934110398554,10000.0
1.0121052631578946,3.201,17.916667,0.525789760558,0.169887167834,0.012604168516352992,0.05122619498225821,0.2337175313326112,2.2496804478468118,57.17934110398554,10000.0
1.0121052631578946,3.201,20.0,0.536603808483,0.195126691388,0.012604168516352992,0.051241140209959804,0.2589720001143128,2.0720533812386583,57.17934110398554,10000.0
1.074736842105263,3.201,-5.0,-0.17479868173,0.015292903009,0.012485127804470739,0.0530962886327199,0.08087431944619064,-2.1613620111672347,57.17934110398554,10000.0
1.074736842105263,3.201,-2.916667,-0.102317047295,0.005212998359,0.012485127804470739,0.05176179152670875,0.06945991769017948,-1.4730372666345097,57.17934110398554,10000.0
1.074736842105263,3.201,-0.833333,-0.024507703895,0.000356475095,0.012485127804470739,0.05090435652215801,0.06374595942162875,-0.3844589385328889,57.17934110398554,10000.0
1.074736842105263,3.201,1.25,0.043048713025,0.000939326254,0.012485127804470739,0.050413369450301684,0.06383782350877243,0.6743449362599957,57.17934110398554,10000.0
1.074736842105263,3.201,3.333333,0.116876703514,0.006807292096,0.012485127804470739,0.050033020100552175,0.06932544000102292,1.6859136200545635,57.17934110398554,10000.0
1.074736842105263,3.201,5.416667,0.190589612363,0.018071961154,0.012485127804470739,0.04975612414559065,0.08031321310406139,2.3730791609103483,57.17934110398554,10000.0
1.074736842105263,3.201,7.5,0.26312817428,0.034641448906,0.012485127804470739,0.049549797351438496,0.09667637406190924,2.7217422750205653,57.17934110398554,10000.0
1.074736842105263,3.201,9.583333,0.33287722322,0.056199744874,0.012485127804470739,0.04939432278510658,0.11807919546357731,2.8191013828738294,57.17934110398554,10000.0
1.074736842105263,3.201,11.666667,0.397512164757,0.082066956709,0.012485127804470739,0.04927756144531622,0.14382964595878694,2.7637707240891314,57.17934110398554,10000.0
1.074736842105263,3.201,13.75,0.454767055903,0.111250484822,0.012485127804470739,0.04919085603205346,0.1729264686585242,2.629829079555328,57.17934110398554,10000.0
1.074736842105263,3.201,15.833333,0.497445352286,0.141023491664,0.012485127804470739,0.04913444116658586,0.20264306063505658,2.454786019945968,57.17934110398554,10000.0
1.074736842105263,3.201,17.916667,0.520389759788,0.16817717473,0.012485127804470739,0.04910659539089437,0.22976889792536512,2.2648398651284647,57.17934110398554,10000.0
1.074736842105263,3.201,20.0,0.522618610391,0.190130734579,0.012485127804470739,0.04910397559446111,0.25171983797793185,2.0761915889871885,57.17934110398554,10000.0
1.1373684210526314,3.201,-5.0,-0.172983722707,0.015134114704,0.01237426403358423,0.0510213820003629,0.07852976073794712,-2.2027791894622553,57.17934110398554,10000.0
1.1373684210526314,3.201,-2.916667,-0.101120224816,0.005152020764,0.01237426403358423,0.04918867747941038,0.06671496227699461,-1.5157053435203605,57.17934110398554,10000.0
1.1373684210526314,3.201,-0.833333,-0.024096882786,0.000350499538,0.01237426403358423,0.048005329615313716,0.06073009318689795,-0.396786527427867,57.17934110398554,10000.0
1.1373684210526314,3.201,1.25,0.04255215508,0.000928491303,0.01237426403358423,0.047326425103949646,0.06062918044053388,0.7018428217372304,57.17934110398554,10000.0
1.1373684210526314,3.201,3.333333,0.115642217835,0.006735391499,0.01237426403358423,0.04679666666778677,0.065906322200371,1.7546452900742961,57.17934110398554,10000.0
1.1373684210526314,3.201,5.416667,0.188741802466,0.017896749213,0.01237426403358423,0.04640945888254311,0.07668047212912735,2.461406368862272,57.17934110398554,10000.0
1.1373684210526314,3.201,7.5,0.26068885672,0.034320290353,0.01237426403358423,0.046120442332969046,0.09281499671955327,2.808693270848124,57.17934110398554,10000.0
1.1373684210526314,3.201,9.583333,0.329862312491,0.055690859672,0.01237426403358423,0.045902418474451014,0.11396754218003524,2.8943531305598786,57.17934110398554,10000.0
1.1373684210526314,3.201,11.666667,0.39405593306,0.081354369149,0.01237426403358423,0.04573831324657926,0.1394669464291635,2.8254431831283013,57.17934110398554,10000.0
1.1373684210526314,3.201,13.75,0.45054773832,0.110220501152,0.01237426403358423,0.04561712731355545,0.16821189249913968,2.6784535363473445,57.17934110398554,10000.0
1.1373684210526314,3.201,15.833333,0.491546973726,0.139357188443,0.01237426403358423,0.045540154296507616,0.19727160677309186,2.4917269229291223,57.17934110398554,10000.0
1.1373684210526314,3.201,17.916667,0.512708347517,0.165704534775,0.01237426403358423,0.04550353269286687,0.2235823315014511,2.293152343809745,57.17934110398554,10000.0
1.1373684210526314,3.201,20.0,0.51370978956,0.186903689916,0.01237426403358423,0.045501848116965796,0.24477980206655003,2.098660858547202,57.17934110398554,10000.0
1.2,3.201,-5.0,-0.170333133494,0.014902218084,0.012270604989325517,0.04037095282263113,0.06754377589595664,-2.521818350167134,57.17934110398554,10000.0
1.2,3.201,-2.916667,-0.099506869177,0.00506982126,0.012270604989325517,0.04037095282263113,0.05771137907195665,-1.724215757397362,57.17934110398554,10000.0
1.2,3.201,-0.833333,-0.023656085336,0.0003440879,0.012270604989325517,0.04037095282263113,0.052985645711956644,-0.4464621506096284,57.17934110398554,10000.0
1.2,3.201,1.25,0.04194263304,0.000915191519,0.012270604989325517,0.04037095282263113,0.05355674933095665,0.7831437412456341,57.17934110398554,10000.0
1.2,3.201,3.333333,0.114055907949,0.006642999527,0.012270604989325517,0.04037095282263113,0.05928455733895665,1.9238721358226687,57.17934110398554,10000.0
1.2,3.201,5.416667,0.18630015545,0.017665228986,0.012270604989325517,0.04037095282263113,0.07030678679795666,2.6498175202541683,57.17934110398554,10000.0
1.2,3.201,7.5,0.257454447762,0.033894472101,0.012270604989325517,0.04037095282263113,0.08653602991295664,2.975112771188646,57.17934110398554,10000.0
1.2,3.201,9.583333,0.325992507417,0.055037711558,0.012270604989325517,0.04037095282263113,0.10767926936995666,3.02743981570843,57.17934110398554,10000.0
1.2,3.201,11.666667,0.389935823745,0.080505649728,0.012270604989325517,0.04037095282263113,0.13314720753995665,2.9286068476350335,57.17934110398554,10000.0
1.2,3.201,13.75,0.445980463525,0.109107766409,0.012270604989325517,0.04037095282263113,0.16174932422095664,2.7572323140946864,57.17934110398554,10000.0
1.2,3.201,15.833333,0.486361032474,0.137894111358,0.012270604989325517,0.04037095282263113,0.19053566916995668,2.552598338110482,57.17934110398554,10000.0
1.2,3.201,17.916667,0.507140126558,0.163913415649,0.012270604989325517,0.04037095282263113,0.21655497346095665,2.3418539803216936,57.17934110398554,10000.0
1.2,3.201,20.0,0.508120333408,0.18487753468,0.012270604989325517,0.04037095282263113,0.23751909249195668,2.139282059715713,57.17934110398554,10000.0
