mach,planform_area,angle_of_attack,lift,induced_drag,parasitic_drag,wave_drag,total_drag,lift_over_drag
0.1,1,-5.0,-0.195975174835,0.005595746221,0.012541125974673965,0,0.018136872195673965,-10.805345746536402
0.1,1,-4.0,-0.156918191984,0.003585777414,0.012541125974673965,0,0.016126903388673966,-9.730212192763846
0.1,1,-3.0,-0.117756032887,0.002018651026,0.012541125974673965,0,0.014559777000673966,-8.087763492637912
0.1,1,-2.0,-0.078530056739,0.000897811638,0.012541125974673965,0,0.013438937612673965,-5.843472081077305
0.1,1,-1.0,-0.039273788171,0.000224601602,0.012541125974673965,0,0.012765727576673965,-3.0765021370785477
0.1,1,0.0,0.0,0.0,0.012541125974673965,0,0.012541125974673965,0.0
0.1,1,1.0,0.039267381157,0.000224527203,0.012541125974673965,0,0.012765653177673964,3.076018172393661
0.1,1,2.0,0.078502472342,0.00089719506,0.012541125974673965,0,0.013438321034673965,5.841687524761876
0.1,1,3.0,0.117693219709,0.002016555242,0.012541125974673965,0,0.014557681216673965,8.084613061467333
0.1,1,4.0,0.156804309445,0.00358049139,0.012541125974673965,0,0.016121617364673966,9.726338610950597
0.1,1,5.0,0.195798140305,0.005585694327,0.012541125974673965,0,0.018126820301673965,10.801571210308659
0.1,1,6.0,0.234651822052,0.00802803521,0.012541125974673965,0,0.020569161184673966,11.407943179853076
0.1,1,7.0,0.273335370497,0.010902231519,0.012541125974673965,0,0.023443357493673964,11.659395228296875
0.1,1,8.0,0.311821685726,0.014202211036,0.012541125974673965,0,0.026743337010673964,11.659789711416485
0.1,1,9.0,0.350089848343,0.017921801088,0.012541125974673965,0,0.030462927062673964,11.492324674603017
0.1,1,10.0,0.388091586213,0.022051788126,0.012541125974673965,0,0.034592914100673965,11.218817387964402
0.1,1,11.0,0.425833891323,0.02658684471,0.012541125974673965,0,0.03912797068467397,10.883106991536232
0.1,1,12.0,0.463201813779,0.0315048887,0.012541125974673965,0,0.044046014674673964,10.516316111689818
0.1,1,13.0,0.497849776704,0.036442326477,0.012541125974673965,0,0.048983452451673966,10.163631834550005
0.1,1,14.0,0.52876856082,0.041178948093,0.012541125974673965,0,0.05372007406767396,9.843034843062258
0.1,1,15.0,0.556139762749,0.045665383214,0.012541125974673965,0,0.05820650918867397,9.554597423911751
0.1,1,16.0,0.58001508163,0.049845708928,0.012541125974673965,0,0.062386834902673965,9.297074976392816
0.1,1,17.0,0.600589497468,0.053706393679,0.012541125974673965,0,0.06624751965367397,9.065841266325696
0.1,1,18.0,0.617850537471,0.057144059763,0.012541125974673965,0,0.06968518573767396,8.86631112381424
0.1,1,19.0,0.631978716265,0.06016354018,0.012541125974673965,0,0.07270466615467397,8.692409300394978
0.1,1,20.0,0.6433775957,0.062752375626,0.012541125974673965,0,0.07529350160067397,8.54492860635188
0.2,1,-5.0,-0.196799803925,0.005641395985,0.011059437660533921,0,0.016700833645533923,-11.783831160885043
0.2,1,-4.0,-0.157579587055,0.003615018472,0.011059437660533921,0,0.01467445613253392,-10.738359611545606
0.2,1,-3.0,-0.118253949128,0.002035172909,0.011059437660533921,0,0.013094610569533921,-9.030734323869932
0.2,1,-2.0,-0.07886194507,0.000905169322,0.011059437660533921,0,0.011964606982533921,-6.591269164555394
0.2,1,-1.0,-0.039439434856,0.000226442356,0.011059437660533921,0,0.011285880016533922,-3.4945821502816665
0.2,1,0.0,0.0,0.0,0.011059437660533921,0,0.011059437660533921,0.0
0.2,1,1.0,0.039432958165,0.000226365893,0.011059437660533921,0,0.01128580355353392,3.4940319471228407
0.2,1,2.0,0.078833366742,0.000904526556,0.011059437660533921,0,0.011963964216533922,6.589234581047486
0.2,1,3.0,0.118189857199,0.002033059117,0.011059437660533921,0,0.013092496777533921,9.027297024186248
0.2,1,4.0,0.157464645322,0.003609653,0.011059437660533921,0,0.014669090660533922,10.73445170978776
0.2,1,5.0,0.196622012961,0.005631082592,0.011059437660533921,0,0.01669052025253392,11.780460404231512
0.2,1,6.0,0.235637992986,0.008093167983,0.011059437660533921,0,0.01915260564353392,12.303181998923126
0.2,1,7.0,0.274480672536,0.010990321142,0.011059437660533921,0,0.02204975880253392,12.448239229921061
0.2,1,8.0,0.313123175694,0.014316485097,0.011059437660533921,0,0.02537592275753392,12.339380864525847
0.2,1,9.0,0.35154354581,0.018065784996,0.011059437660533921,0,0.02912522265653392,12.070072388996318
0.2,1,10.0,0.389711805364,0.022228872793,0.011059437660533921,0,0.03328831045353392,11.707166871925992
0.2,1,11.0,0.427608541835,0.02679970579,0.011059437660533921,0,0.03785914345053392,11.294723093608964
0.2,1,12.0,0.465048709687,0.031745855563,0.011059437660533921,0,0.04280529322353392,10.864280435096305
0.2,1,13.0,0.49962230807,0.036689772085,0.011059437660533921,0,0.04774920974553393,10.46346757847088
0.2,1,14.0,0.530430800133,0.041424074765,0.011059437660533921,0,0.052483512425533924,10.106617785644591
0.2,1,15.0,0.557671800887,0.045900662029,0.011059437660533921,0,0.056960099689533916,9.790569256841888
0.2,1,16.0,0.581388892371,0.050055638812,0.011059437660533921,0,0.06111507647253392,9.513019142376193
0.2,1,17.0,0.601783422492,0.053877462254,0.011059437660533921,0,0.06493689991453393,9.267202827422182
0.2,1,18.0,0.618848000775,0.057269559283,0.011059437660533921,0,0.06832899694353392,9.056886950739331
0.2,1,19.0,0.632719218768,0.060221543486,0.011059437660533921,0,0.07128098114653392,8.87641006886963
0.2,1,20.0,0.643971527904,0.062813769706,0.011059437660533921,0,0.07387320736653392,8.717254209754703
0.3,1,-5.0,-0.198009890492,0.005732388533,0.01030377173825266,0,0.01603616027125266,-12.347712117031149
0.3,1,-4.0,-0.158560579653,0.003673389733,0.01030377173825266,0,0.01397716147125266,-11.34426185024172
0.3,1,-3.0,-0.118995275567,0.002067528804,0.01030377173825266,0,0.012371300542252661,-9.618655303101418
0.3,1,-2.0,-0.079359845053,0.000919608352,0.01030377173825266,0,0.011223380090252661,-7.070939807333341
0.3,1,-1.0,-0.039689396398,0.000230053441,0.01030377173825266,0,0.01053382517925266,-3.767804735944539
0.3,1,0.0,0.0,0.0,0.01030377173825266,0,0.01030377173825266,0.0
0.3,1,1.0,0.039683106463,0.000229973212,0.01030377173825266,0,0.01053374495025266,3.767236310581848
0.3,1,2.0,0.07933461956,0.00091908531,0.01030377173825266,0,0.01122285704825266,7.069021659894704
0.3,1,3.0,0.118932170674,0.002067008183,0.01030377173825266,0,0.01237077992125266,9.61395897680451
0.3,1,4.0,0.158431181881,0.003671298293,0.01030377173825266,0,0.01397507003125266,11.336700390530993
0.3,1,5.0,0.197784809698,0.005726437669,0.01030377173825266,0,0.01603020940725266,12.338254895691808
0.3,1,6.0,0.236982751566,0.0082287076,0.01030377173825266,0,0.01853247933825266,12.78742834353776
0.3,1,7.0,0.275917687256,0.011163646644,0.01030377173825266,0,0.021467418382252662,12.852858333636616
0.3,1,8.0,0.314672029002,0.014535126434,0.01030377173825266,0,0.02483889817225266,12.6685180163715
0.3,1,9.0,0.353185700267,0.018333146808,0.01030377173825266,0,0.02863691854625266,12.33322990728054
0.3,1,10.0,0.391513423773,0.022559185347,0.01030377173825266,0,0.032862957085252664,11.913517787134642
0.3,1,11.0,0.429468247783,0.02717760753,0.01030377173825266,0,0.037481379268252665,11.458176197554357
0.3,1,12.0,0.466879952724,0.032164427544,0.01030377173825266,0,0.042468199282252664,10.993636664955272
0.3,1,13.0,0.501745679886,0.037198811073,0.01030377173825266,0,0.047502582811252664,10.562492609710137
0.3,1,14.0,0.53295995324,0.042035646942,0.01030377173825266,0,0.05233941868025266,10.182764094036118
0.3,1,15.0,0.559813596613,0.046467652738,0.01030377173825266,0,0.05677142447625266,9.86083406885745
0.3,1,16.0,0.583437842873,0.050604994114,0.01030377173825266,0,0.06090876585225266,9.578881376257964
0.3,1,17.0,0.60355994258,0.054326675362,0.01030377173825266,0,0.06463044710025266,9.338631707804486
0.3,1,18.0,0.620601527822,0.057641448224,0.01030377173825266,0,0.06794521996225265,9.133851184333182
0.3,1,19.0,0.634514142076,0.060464756963,0.01030377173825266,0,0.07076852870125266,8.966049651174513
0.3,1,20.0,0.645762151372,0.06287921856,0.01030377173825266,0,0.07318299029825266,8.82393775849056
0.4,1,-5.0,-0.200159180601,0.005849635404,0.009810556881728761,0,0.01566019228572876,-12.781399931047234
0.4,1,-4.0,-0.16028707809,0.003749114587,0.009810556881728761,0,0.013559671468728761,-11.82086737570694
0.4,1,-3.0,-0.120294907934,0.002110861241,0.009810556881728761,0,0.01192141812272876,-10.090654207040346
0.4,1,-2.0,-0.080230228054,0.000938899685,0.009810556881728761,0,0.01074945656672876,-7.463654330426808
0.4,1,-1.0,-0.040124944268,0.000234869793,0.009810556881728761,0,0.01004542667472876,-3.9943494255890752
0.4,1,0.0,0.0,0.0,0.009810556881728761,0,0.009810556881728761,0.0
0.4,1,1.0,0.040110622423,0.000234708762,0.009810556881728761,0,0.01004526564372876,3.9929877263167235
0.4,1,2.0,0.080189762652,0.000937951619,0.009810556881728761,0,0.010748508500728761,7.460547911978954
0.4,1,3.0,0.120214506111,0.002107961277,0.009810556881728761,0,0.01191851815872876,10.086363464820376
0.4,1,4.0,0.160152588925,0.003742361934,0.009810556881728761,0,0.013552918815728761,11.816833783371878
0.4,1,5.0,0.199964183064,0.005838084773,0.009810556881728761,0,0.015648641654728762,12.778373195322937
0.4,1,6.0,0.239623462405,0.008392189846,0.009810556881728761,0,0.01820274672772876,13.164137588091293
0.4,1,7.0,0.279097790752,0.011396912017,0.009810556881728761,0,0.02120746889872876,13.16035365110119
0.4,1,8.0,0.318353713772,0.01484659051,0.009810556881728761,0,0.02465714739172876,12.911214290700624
0.4,1,9.0,0.357368758494,0.018732421962,0.009810556881728761,0,0.02854297884372876,12.520373589966706
0.4,1,10.0,0.396106894107,0.023047046899,0.009810556881728761,0,0.03285760378072876,12.05525809947589
0.4,1,11.0,0.434547077053,0.027777513658,0.009810556881728761,0,0.03758807053972876,11.560771032226963
0.4,1,12.0,0.472515352537,0.032892096404,0.009810556881728761,0,0.04270265328572877,11.065245744224391
0.4,1,13.0,0.50745859916,0.037982769573,0.009810556881728761,0,0.047793326454728766,10.617771073973678
0.4,1,14.0,0.538245648212,0.042789909185,0.009810556881728761,0,0.05260046606672876,10.23271633238351
0.4,1,15.0,0.565196947554,0.047277810385,0.009810556881728761,0,0.057088367266728765,9.900387322574526
0.4,1,16.0,0.5884066203,0.051371307896,0.009810556881728761,0,0.06118186477772876,9.617337138017245
0.4,1,17.0,0.607921833504,0.054978481912,0.009810556881728761,0,0.06478903879372876,9.383096968600862
0.4,1,18.0,0.62413173651,0.058131890593,0.009810556881728761,0,0.06794244747472876,9.186182713570131
0.4,1,19.0,0.637095569638,0.060750210057,0.009810556881728761,0,0.07056076693872876,9.029034083362786
0.4,1,20.0,0.647616037766,0.062931888145,0.009810556881728761,0,0.07274244502672876,8.902863211815845
0.5,1,-5.0,-0.203093539212,0.00601376099,0.009450340309524019,0,0.01546410129952402,-13.133226126645404
0.5,1,-4.0,-0.162635199171,0.003854373769,0.009450340309524019,0,0.01330471407852402,-12.223877808356646
0.5,1,-3.0,-0.122062042528,0.002170247963,0.009450340309524019,0,0.011620588272524018,-10.503946931551328
0.5,1,-2.0,-0.081411001508,0.000965283041,0.009450340309524019,0,0.010415623350524018,-7.816239006367693
0.5,1,-1.0,-0.040715545779,0.00024146378,0.009450340309524019,0,0.009691804089524018,-4.201028560101612
0.5,1,0.0,0.0,0.0,0.009450340309524019,0,0.009450340309524019,0.0
0.5,1,1.0,0.040708933486,0.000241371782,0.009450340309524019,0,0.00969171209152402,4.2003861754831116
0.5,1,2.0,0.081384335253,0.00096455587,0.009450340309524019,0,0.010414896179524019,7.814224342725942
0.5,1,3.0,0.122003007743,0.002167835382,0.009450340309524019,0,0.01161817569152402,10.5010468925863
0.5,1,4.0,0.162528341147,0.003848404486,0.009450340309524019,0,0.01329874479552402,12.221329429654325
0.5,1,5.0,0.202924943283,0.006002303856,0.009450340309524019,0,0.01545264416552402,13.132053071909882
0.5,1,6.0,0.243162204134,0.00862472904,0.009450340309524019,0,0.01807506934952402,13.452905736176515
0.5,1,7.0,0.283207486153,0.011710068566,0.009450340309524019,0,0.02116040887552402,13.38383808266496
0.5,1,8.0,0.323033925869,0.015252864289,0.009450340309524019,0,0.02470320459852402,13.076600024933638
0.5,1,9.0,0.362604122004,0.019243133335,0.009450340309524019,0,0.028693473644524018,12.637163645510759
0.5,1,10.0,0.401899325776,0.023674271015,0.009450340309524019,0,0.03312461132452402,12.132952197946283
0.5,1,11.0,0.440882207902,0.028529779733,0.009450340309524019,0,0.03798012004252402,11.60823629331269
0.5,1,12.0,0.479149703921,0.033746855502,0.009450340309524019,0,0.04319719581152402,11.092148342489718
0.5,1,13.0,0.513797297184,0.038836994635,0.009450340309524019,0,0.048287334944524016,10.64041529262875
0.5,1,14.0,0.54418224388,0.043608606652,0.009450340309524019,0,0.053058946961524016,10.256182511021501
0.5,1,15.0,0.570646050976,0.048021319977,0.009450340309524019,0,0.05747166028652402,9.92917288505419
0.5,1,16.0,0.593315300564,0.052013371387,0.009450340309524019,0,0.061463711696524016,9.653099108193851
0.5,1,17.0,0.612225186991,0.055485095018,0.009450340309524019,0,0.06493543532752402,9.428214100714555
0.5,1,18.0,0.627697274674,0.058437513968,0.009450340309524019,0,0.06788785427752403,9.246090944456538
0.5,1,19.0,0.639996911624,0.060876408465,0.009450340309524019,0,0.07032674877452402,9.100334122879854
0.5,1,20.0,0.649851671129,0.062867774525,0.009450340309524019,0,0.07231811483452402,8.986015089247966
0.6,1,-5.0,-0.207898608011,0.006281993011,0.009169545027868972,0,0.015451538038868971,-13.454881157333503
0.6,1,-4.0,-0.166519452699,0.004026810148,0.009169545027868972,0,0.013196355175868972,-12.618594337586462
0.6,1,-3.0,-0.124992370872,0.002265793217,0.009169545027868972,0,0.011435338244868972,-10.93036062383935
0.6,1,-2.0,-0.083371346272,0.001007251493,0.009169545027868972,0,0.010176796520868971,-8.192297654869602
0.6,1,-1.0,-0.041697438927,0.00025196681,0.009169545027868972,0,0.009421511837868973,-4.425769414140166
0.6,1,0.0,0.0,0.0,0.009169545027868972,0,0.009169545027868972,0.0
0.6,1,1.0,0.041690835576,0.000251874253,0.009169545027868972,0,0.009421419280868972,4.42511200628306
0.6,1,2.0,0.083341904195,0.001007686266,0.009169545027868972,0,0.010177231293868973,8.189054742738069
0.6,1,3.0,0.124904704367,0.002264958705,0.009169545027868972,0,0.011434503732868972,10.923491502998601
0.6,1,4.0,0.166315050982,0.0040187553,0.009169545027868972,0,0.013188300327868972,12.610802517937046
0.6,1,5.0,0.207633723353,0.006269556632,0.009169545027868972,0,0.015439101659868972,13.448562482926365
0.6,1,6.0,0.248746231696,0.009005452869,0.009169545027868972,0,0.018174997896868973,13.686176642631237
0.6,1,7.0,0.289655754538,0.012221767916,0.009169545027868972,0,0.02139131294386897,13.54081235210105
0.6,1,8.0,0.329824212313,0.01586353922,0.009169545027868972,0,0.025033084247868972,13.17553238934501
0.6,1,9.0,0.370160495846,0.020004865862,0.009169545027868972,0,0.02917441088986897,12.687848170896263
0.6,1,10.0,0.410214361813,0.024600615467,0.009169545027868972,0,0.03377016049486897,12.1472434777243
0.6,1,11.0,0.449952781545,0.029640318347,0.009169545027868972,0,0.03880986337486897,11.593773912545219
0.6,1,12.0,0.488093705458,0.034926614238,0.009169545027868972,0,0.044096159265868975,11.068848479867297
0.6,1,13.0,0.522065268704,0.039994522185,0.009169545027868972,0,0.04916406721286897,10.618838072195674
0.6,1,14.0,0.551804739057,0.044717401341,0.009169545027868972,0,0.053886946368868975,10.24004469059659
0.6,1,15.0,0.577515204901,0.049036492241,0.009169545027868972,0,0.05820603726886897,9.921912433813446
0.6,1,16.0,0.599351930262,0.05289236683,0.009169545027868972,0,0.062061911857868975,9.657323023412575
0.6,1,17.0,0.617431368878,0.056200140192,0.009169545027868972,0,0.06536968521986897,9.445224752135308
0.6,1,18.0,0.631840142109,0.058901471331,0.009169545027868972,0,0.06807101635886897,9.28207298651091
0.6,1,19.0,0.643277997834,0.061084490285,0.009169545027868972,0,0.07025403531286897,9.156456208803222
0.6,1,20.0,0.652253415094,0.0628104694,0.009169545027868972,0,0.07198001442786897,9.061590502286185
0.7,1,-5.0,-0.213092415996,0.006573963822,0.008941114403045455,0.0,0.015515078225045454,-13.734537003623501
0.7,1,-4.0,-0.170667608753,0.004214144153,0.008941114403045455,0.0,0.013155258556045456,-12.973337470024127
0.7,1,-3.0,-0.128107416804,0.002373136905,0.008941114403045455,0.0,0.011314251308045455,-11.322659654280798
0.7,1,-2.0,-0.0854509515,0.001055626372,0.008941114403045455,0.0,0.009996740775045455,-8.547881096737896
0.7,1,-1.0,-0.042737671652,0.000264050908,0.008941114403045455,0.0,0.009205165311045455,-4.6427924114212535
0.7,1,0.0,0.0,0.0,0.008941114403045455,0.0,0.008941114403045455,0.0
0.7,1,1.0,0.042730736321,0.000263942242,0.008941114403045455,0.0,0.009205056645045454,4.6420937935237445
0.7,1,2.0,0.08542325342,0.00105476935,0.008941114403045455,0.0,0.009995883753045455,8.545843022031345
0.7,1,3.0,0.128045181072,0.002370290917,0.008941114403045455,0.0,0.011311405320045455,11.320006440321373
0.7,1,4.0,0.170553816344,0.004207102577,0.008941114403045455,0.0,0.013148216980045455,12.971630800042544
0.7,1,5.0,0.212916083883,0.00656059496,0.008941114403045455,0.0,0.015501709363045454,13.73500682386492
0.7,1,6.0,0.255088527925,0.009424053965,0.008941114403045455,1.7301244213675714e-09,0.01836517009816988,13.8897993626762
0.7,1,7.0,0.297042071305,0.012790046225,0.008941114403045455,5.5203872618965026e-08,0.021731215831918074,13.668911744400175
0.7,1,8.0,0.338742898101,0.016650680424,0.008941114403045455,3.403515014048956e-07,0.02559213517854686,13.236210880323823
0.7,1,9.0,0.3801450546,0.020997888516,0.008941114403045455,1.173856939496621e-06,0.02994017677598495,12.696820644857207
0.7,1,10.0,0.421238920804,0.025829903972,0.008941114403045455,2.998484644984299e-06,0.034774016859690435,12.113611220229618
0.7,1,11.0,0.461769455557,0.031083569855,0.008941114403045455,6.345716057505081e-06,0.040031029974102954,11.535287896807299
0.7,1,12.0,0.499401718719,0.0363852765,0.008941114403045455,1.1437676531042377e-05,0.045337828579576495,11.015122125720142
0.7,1,13.0,0.532528640994,0.041359137301,0.008941114403045455,1.803309003802098e-05,0.05031828479408347,10.583203365799461
0.7,1,14.0,0.561470041266,0.045960412738,0.008941114403045455,2.5830114886846345e-05,0.054927357255932306,10.222047251424238
0.7,1,15.0,0.586265035362,0.050077379218,0.008941114403045455,3.431689298635721e-05,0.059052810514031814,9.927809197543525
0.7,1,16.0,0.606915052039,0.053622920107,0.008941114403045455,4.2852008256521066e-05,0.06260688651830197,9.694062199716313
0.7,1,17.0,0.623798588458,0.056583070506,0.008941114403045455,5.093828788109088e-05,0.06557512319692654,9.512732238179568
0.7,1,18.0,0.637011476376,0.058884324044,0.008941114403045455,5.8024756769239504e-05,0.06788346320381469,9.38389773166734
0.7,1,19.0,0.647353798346,0.060650457205,0.008941114403045455,6.406811038699776e-05,0.06965563971843244,9.293630795191675
0.7,1,20.0,0.655188127487,0.06191217536,0.008941114403045455,6.895108755883152e-05,0.07092224085060429,9.238119377349276
0.8,1,-5.0,-0.220033518195,0.006997783609,0.008749590586435308,0.00018977777206774973,0.015937151967503057,-13.806326164402735
0.8,1,-4.0,-0.176243621111,0.004486474495,0.008749590586435308,0.0002571963052319076,0.013493261386667215,-13.061602829776021
0.8,1,-3.0,-0.132305161489,0.002526949955,0.008749590586435308,0.0003414740327077632,0.011618014574143071,-11.387932132866915
0.8,1,-2.0,-0.088255314801,0.001124026259,0.008749590586435308,0.0004452302103912718,0.01031884705582658,-8.552827105928106
0.8,1,-1.0,-0.044143050122,0.000281167225,0.008749590586435308,0.0005712025344779759,0.009601960345913284,-4.597295607535792
0.8,1,0.0,0.0,0.0,0.008749590586435308,0.0007223008655231746,0.009471891451958482,0.0
0.8,1,1.0,0.044135947189,0.000281059311,0.008749590586435308,0.0009015306872728882,0.009932180584708197,4.443731848467664
0.8,1,2.0,0.088225528872,0.001123022106,0.008749590586435308,0.0011119730380617224,0.01098458573049703,8.031757504250274
0.8,1,3.0,0.132238754556,0.00252369345,0.008749590586435308,0.0013568133403302465,0.012630097376765554,10.470129454367285
0.8,1,4.0,0.176125156206,0.004478815648,0.008749590586435308,0.0016391454887395634,0.01486755172317487,11.846278357415367
0.8,1,5.0,0.219850460497,0.006983002605,0.008749590586435308,0.001962131558911701,0.01769472475034701,12.424632968234702
0.8,1,6.0,0.263371433624,0.010028621397,0.008749590586435308,0.0023288163741063267,0.021107028357541635,12.477902107422725
0.8,1,7.0,0.306651220139,0.013608430142,0.008749590586435308,0.0027421952433051675,0.025100215971740475,12.217074963986315
0.8,1,8.0,0.349653388496,0.017711504241,0.008749590586435308,0.003205141321809272,0.02966623614924458,11.786240314981903
0.8,1,9.0,0.3923309142,0.022326061307,0.008749590586435308,0.0037202275211941286,0.03479587941462944,11.275211915898582
0.8,1,10.0,0.434662322903,0.027441246647,0.008749590586435308,0.004290122339729083,0.040480959573164395,10.737451075422284
0.8,1,11.0,0.476170244654,0.032971234391,0.008749590586435308,0.004910170098370357,0.04663099507580566,10.211453645368579
0.8,1,12.0,0.51400244636,0.038387451033,0.008749590586435308,0.00553173209124042,0.052668773710675736,9.759149684850437
0.8,1,13.0,0.546808566773,0.043333557846,0.008749590586435308,0.006116922109931576,0.05820007054236688,9.395324811074747
0.8,1,14.0,0.574856235809,0.047730717792,0.008749590586435308,0.006653022603690062,0.06313333098212537,9.10543174051368
0.8,1,15.0,0.598458633933,0.051512610397,0.008749590586435308,0.007130821242794188,0.06739302222622949,8.880127558667027
0.8,1,16.0,0.617792106531,0.054584738607,0.008749590586435308,0.007541000648204312,0.07087532984163962,8.716602912626502
0.8,1,17.0,0.633012070316,0.056890393544,0.008749590586435308,0.007876156779912723,0.07351614091034804,8.610518213788586
0.8,1,18.0,0.644876512073,0.058493808316,0.008749590586435308,0.008145073410399837,0.07538847231283514,8.554046690281686
0.8,1,19.0,0.653783993922,0.059433369524,0.008749590586435308,0.008351449612184161,0.07653440972261948,8.54235364578472
0.8,1,20.0,0.660221661324,0.059747890278,0.008749590586435308,0.008503026336466856,0.07700050720090217,8.574250811120171
0.9,1,-5.0,-0.23085039373,0.00765816629,0.008585361080077425,0.011371861230893168,0.02761538860097059,-8.359483803240282
0.9,1,-4.0,-0.184925731596,0.004910280795,0.008585361080077425,0.012787350862494275,0.026282992737571703,-7.035946531752737
0.9,1,-3.0,-0.138836424874,0.002766010708,0.008585361080077425,0.014336817750612461,0.025688189538689885,-5.404679246269714
0.9,1,-2.0,-0.09262055403,0.001230487086,0.008585361080077425,0.01602783319796888,0.025843681364046304,-3.5838761794538136
0.9,1,-1.0,-0.046328349976,0.000307788696,0.008585361080077425,0.017867361768341125,0.026760511544418553,-1.731220641993397
0.9,1,0.0,0.0,0.0,0.008585361080077425,0.01986248579476402,0.028447846874841448,0.0
0.9,1,1.0,0.046320415791,0.000307655471,0.008585361080077425,0.02201982438431199,0.030912840935389416,1.4984198924910779
0.9,1,2.0,0.092587240308,0.001229310972,0.008585361080077425,0.024345508260448876,0.0341601803125263,2.7103849997550773
0.9,1,3.0,0.138762557071,0.002762209062,0.008585361080077425,0.02684558952544168,0.03819315966751911,3.6331782517854596
0.9,1,4.0,0.184794103482,0.004901601911,0.008585361080077425,0.02952478358090545,0.043011746571982874,4.2963636264511
0.9,1,5.0,0.230644178965,0.007641318631,0.008585361080077425,0.03238795220974317,0.0486146319208206,4.74433662977545
0.9,1,6.0,0.276261868357,0.010972419742,0.008585361080077425,0.03543841046382313,0.05499619128590055,5.0232909206537295
0.9,1,7.0,0.321616526285,0.014885676117,0.008585361080077425,0.038680013984292806,0.06215105118137023,5.174756020561153
0.9,1,8.0,0.366655060591,0.019371175004,0.008585361080077425,0.04211419255354108,0.07007072863761851,5.232642327543256
0.9,1,9.0,0.411343967142,0.024413274487,0.008585361080077425,0.045742843508448615,0.07874147907552603,5.223980702057342
0.9,1,10.0,0.455638723366,0.029998454968,0.008585361080077425,0.04956602177125863,0.08814983781933605,5.168911646778477
0.9,1,11.0,0.498005264614,0.035824040954,0.008585361080077425,0.05344232680756802,0.09785172884164545,5.089386467764178
0.9,1,12.0,0.535300703425,0.041189776408,0.008585361080077425,0.057038965240409883,0.1068141027284873,5.011517110111298
0.9,1,13.0,0.566984691476,0.045824079336,0.008585361080077425,0.06023450585852312,0.11464394627460055,4.94561387583372
0.9,1,14.0,0.593438880392,0.049662781918,0.008585361080077425,0.0630038771527703,0.12125202015084771,4.894259738136421
0.9,1,15.0,0.615052059942,0.052637821616,0.008585361080077425,0.0653364480492091,0.12655963074528653,4.8597807714835355
0.9,1,16.0,0.632084002882,0.054662662921,0.008585361080077425,0.06721975137623194,0.13046777537730936,4.844751901793602
0.9,1,17.0,0.645350498341,0.055781869321,0.008585361080077425,0.0687146681876553,0.13308189858873273,4.849273306021485
0.9,1,18.0,0.655395225556,0.056015016116,0.008585361080077425,0.06986302498228185,0.13446340217835928,4.874153226367496
0.9,1,19.0,0.66258644169,0.055352555068,0.008585361080077425,0.07069395329310796,0.13463186944118538,4.921468033090444
0.9,1,20.0,0.667376404788,0.053852076997,0.008585361080077425,0.07125152032737789,0.13368895840445533,4.99200841081397
0.95,1,-5.0,-0.239215240434,0.008167397285,0.008511407705203155,0.034354641248852756,0.05103344623905591,-4.687420859517195
0.95,1,-4.0,-0.191639693911,0.005237352295,0.008511407705203155,0.03768296442497221,0.051431724425175365,-3.7260989409329253
0.95,1,-3.0,-0.143882025007,0.002950277079,0.008511407705203155,0.041261575822608296,0.05272326060681145,-2.729004681254701
0.95,1,-2.0,-0.095991644247,0.001312534064,0.008511407705203155,0.04510021145317122,0.05492415322237437,-1.747712775076449
0.95,1,-1.0,-0.048015109067,0.000328297965,0.008511407705203155,0.04920827141150275,0.05804797708170591,-0.8271624866343911
0.95,1,0.0,0.0,0.0,0.008511407705203155,0.05359442107276271,0.06210582877796586,0.0
0.95,1,1.0,0.048005900656,0.000328134585,0.008511407705203155,0.058266529124446007,0.06710607141464917,0.7153734325970448
0.95,1,2.0,0.095953949634,0.001311134189,0.008511407705203155,0.06323147209661927,0.07305401399082243,1.3134658096412668
0.95,1,3.0,0.143797867558,0.002945742174,0.008511407705203155,0.0684953501752979,0.07995250005450105,1.7985412271033128
0.95,1,4.0,0.191490130516,0.005226684241,0.008511407705203155,0.07406300977763279,0.08780110172383594,2.18095361853546
0.95,1,5.0,0.238982966881,0.008146514882,0.008511407705203155,0.07993800721324335,0.0965959298004465,2.474047999483052
0.95,1,6.0,0.286229830358,0.011696560451,0.008511407705203155,0.08612267641497708,0.10633064457118023,2.6918846538769077
0.95,1,7.0,0.333182272427,0.01586567544,0.008511407705203155,0.09261761040180547,0.11699469354700862,2.847840891972822
0.95,1,8.0,0.379796404342,0.020642456697,0.008511407705203155,0.09942244137275137,0.12857630577495452,2.953859982621937
0.95,1,9.0,0.42602223081,0.026010059027,0.008511407705203155,0.10653422390182252,0.14105569063402568,3.020241359246759
0.95,1,10.0,0.471745820808,0.031936545835,0.008511407705203155,0.1139374843471979,0.15438543788740106,3.05563677030253
0.95,1,11.0,0.514400482488,0.0378399797,0.008511407705203155,0.1211855615835824,0.16753694898878557,3.0703703606446386
0.95,1,12.0,0.551134530443,0.042955101901,0.008511407705203155,0.12770002607147612,0.17916653567767926,3.076101953740354
0.95,1,13.0,0.581796869746,0.047074557329,0.008511407705203155,0.13333590211166926,0.18892186714587242,3.0795634117715798
0.95,1,14.0,0.606871320694,0.050134542031,0.008511407705203155,0.13808166542511133,0.19672761516131448,3.0848303640359394
0.95,1,15.0,0.626838087746,0.052081888226,0.008511407705203155,0.14195041557888932,0.20254371151009248,3.0948286820287954
0.95,1,16.0,0.642242415918,0.052880362325,0.008511407705203155,0.1449902603902829,0.20638203042048606,3.1119105409007024
0.95,1,17.0,0.653820957738,0.052574503071,0.008511407705203155,0.1473070776004469,0.20839298837665005,3.137442208738243
0.95,1,18.0,0.662055657729,0.051165677248,0.008511407705203155,0.14897162179535806,0.20864870674856123,3.173063797260106
0.95,1,19.0,0.667600319077,0.048721181468,0.008511407705203155,0.15010032734167397,0.20733291651487712,3.2199437035802103
0.95,1,20.0,0.670330235461,0.04516934495,0.008511407705203155,0.1506583963669781,0.20433914902218125,3.280478746577509
1.05,1,-5.0,-0.26854145959,0.023494340593,0.008376834431076483,0.16340183671696176,0.19527301174103823,-1.375210312964942
1.05,1,-4.0,-0.215352064887,0.015058883343,0.008376834431076483,0.17528499828391347,0.19872071605798997,-1.0836920737753217
1.05,1,-3.0,-0.161985621866,0.008489306718,0.008376834431076483,0.1878475722170137,0.20471371336609018,-0.7912788020034622
1.05,1,-2.0,-0.108228466909,0.003779421345,0.008376834431076483,0.2011729448195977,0.21332920059567417,-0.5073307667529628
1.05,1,-1.0,-0.05419490686,0.000945975618,0.008376834431076483,0.21526893902071248,0.22459174906978896,-0.24130408656802277
1.05,1,0.0,0.0,0.0,0.008376834431076483,0.23013842015527738,0.23851525458635386,0.0
1.05,1,1.0,0.054240749246,0.0009467758,0.008376834431076483,0.24577878245938473,0.2551023926904612,0.2126234437628941
1.05,1,2.0,0.108411696839,0.003785819876,0.008376834431076483,0.2621814638461879,0.27434411815326437,0.3951668348815665
1.05,1,3.0,0.162397366039,0.008510885316,0.008376834431076483,0.27933149960241477,0.29621921934949125,0.5482337249947213
1.05,1,4.0,0.216082753863,0.015109978094,0.008376834431076483,0.2972071257886627,0.3206939383137392,0.6737974375168991
1.05,1,5.0,0.269353636259,0.023565389652,0.008376834431076483,0.3157794430325697,0.3477216671156462,0.77462425190035
1.05,1,6.0,0.322096871158,0.033853745325,0.008376834431076483,0.3350121510526102,0.37724273080868664,0.8538186288375347
1.05,1,7.0,0.374200698576,0.045946068464,0.008376834431076483,0.3548613636440776,0.4091842665391541,0.9145041224115431
1.05,1,8.0,0.425206528177,0.059758880391,0.008376834431076483,0.37513407609492544,0.4432697909170019,0.959249957677842
1.05,1,9.0,0.471121951666,0.074618386639,0.008376834431076483,0.39411539417450503,0.47711061524458154,0.987448060497435
1.05,1,10.0,0.50861421556,0.089682408975,0.008376834431076483,0.41014139701575514,0.5082006404218317,1.0008138028669642
1.05,1,11.0,0.535763412892,0.104141857823,0.008376834431076483,0.4220477653334576,0.5345664575875341,1.002239114122251
1.05,1,12.0,0.551660820993,0.117259127318,0.008376834431076483,0.4291388643545948,0.5547748261036713,0.9943869026420289
1.05,1,13.0,0.556507040585,0.128479773809,0.008376834431076483,0.431318202444683,0.5681748106847595,0.9794644713557477
1.05,1,14.0,0.55167372034,0.137547706913,0.008376834431076483,0.4291446541875106,0.5750691955315871,0.9593171128389851
1.05,1,15.0,0.540296422002,0.144771989949,0.008376834431076483,0.42406070524954087,0.5772095296296174,0.9360490329199802
1.05,1,16.0,0.52640466823,0.150944109657,0.008376834431076483,0.4179145751909198,0.5772355192789963,0.9119408814057609
1.05,1,17.0,0.512379608557,0.15665016689,0.008376834431076483,0.4117774858406617,0.5768044871617382,0.8883072513500174
1.05,1,18.0,0.496803350086,0.161421193597,0.008376834431076483,0.40504111290148004,0.5748391409295566,0.8642476037429062
1.05,1,19.0,0.47915942151,0.164987819994,0.008376834431076483,0.3975107314652981,0.5708753858903746,0.8393415329383517
1.05,1,20.0,0.461292776121,0.16789683979,0.008376834431076483,0.3899927896002894,0.5662664638213659,0.8146213939777284
1.1,1,-5.0,-0.250910260635,0.021951803201,0.00831528995414937,0.30848184792787625,0.3387489410830256,-0.7406968117237691
1.1,1,-4.0,-0.201459297995,0.014087406338,0.00831528995414937,0.3261781255763,0.34858082186844935,-0.5779414280887448
1.1,1,-3.0,-0.151535243089,0.007941625513,0.00831528995414937,0.3448052431813814,0.36106215864853075,-0.4196929516407981
1.1,1,-2.0,-0.101245914373,0.00353558448,0.00831528995414937,0.3643639977395686,0.376214872173718,-0.26911725681660315
1.1,1,-1.0,-0.050698298711,0.000884941906,0.00831528995414937,0.38485009847976626,0.39405033033991566,-0.12865944984049787
1.1,1,0.0,0.0,0.0,0.00831528995414937,0.4062530611196975,0.4145683510738469,0.0
1.1,1,1.0,0.050740929484,0.000885686029,0.00831528995414937,0.42855569026504037,0.43775666624818976,0.11591126622668496
1.1,1,2.0,0.101416307633,0.003541534744,0.00831528995414937,0.4517336620673274,0.46359048676547676,0.21876270227327796
1.1,1,3.0,0.151918142192,0.007961692405,0.00831528995414937,0.47575516365483184,0.4920321460139812,0.3087565384146328
1.1,1,4.0,0.202138797964,0.014134921604,0.00831528995414937,0.5005805227581532,0.5230307343163026,0.3864759462524369
1.1,1,5.0,0.251971445173,0.022044644817,0.00831528995414937,0.5261620442140984,0.5565219789852478,0.45276099541017273
1.1,1,6.0,0.301310245264,0.031668982664,0.00831528995414937,0.5524438056653243,0.5924280782834737,0.5086022359659744
1.1,1,7.0,0.350050653341,0.042980815435,0.00831528995414937,0.5793615993820331,0.6306577047711825,0.5550564921235785
1.1,1,8.0,0.398062282331,0.055944004992,0.00831528995414937,0.6068270060670212,0.6710863010131706,0.5931610908016252
1.1,1,9.0,0.442721703042,0.070120229156,0.00831528995414937,0.6332407066688733,0.7116762257790227,0.6220830301832595
1.1,1,10.0,0.480828780881,0.08478308717,0.00831528995414937,0.6564528363580869,0.7495512134822363,0.6414888965987848
1.1,1,11.0,0.510566496736,0.099244073471,0.00831528995414937,0.6750056640778667,0.782565027503016,0.6524269278491777
1.1,1,12.0,0.530968511441,0.112860841147,0.00831528995414937,0.6879596464519011,0.8091357775530504,0.6562168256194646
1.1,1,13.0,0.541861578607,0.125098602493,0.00831528995414937,0.6949519260579005,0.8283658185050499,0.6541331939370658
1.1,1,14.0,0.543918083786,0.135614009541,0.00831528995414937,0.6962779584110605,0.8402072579062099,0.647361801112549
1.1,1,15.0,0.538751475023,0.144358022653,0.00831528995414937,0.6929501338384045,0.8456234464455539,0.6371056494324486
1.1,1,16.0,0.529307122305,0.15177637497,0.00831528995414937,0.686897853592159,0.8469895185163084,0.624927594419586
1.1,1,17.0,0.518898169751,0.158643091046,0.00831528995414937,0.6802734433022253,0.8472318243023746,0.6124630294409322
1.1,1,18.0,0.506561905548,0.164591940474,0.00831528995414937,0.6724846381247365,0.8453918685528858,0.599203664467599
1.1,1,19.0,0.492907140347,0.169721539209,0.00831528995414937,0.6639415612224366,0.841978390385586,0.5854154286801494
1.1,1,20.0,0.477088557599,0.173646034075,0.00831528995414937,0.6541467531078382,0.8361080771369875,0.5706063254796593
1.2,1,-5.0,-0.23851615787,0.020867460086,0.008201854602543392,0.8470718162730239,0.8761411309615672,-0.2722348597060246
1.2,1,-4.0,-0.191515592445,0.013392074948,0.008201854602543392,0.8827530182688055,0.9043469478193489,-0.21177225500323896
1.2,1,-3.0,-0.144062556286,0.007549998726,0.008201854602543392,0.9199095085324334,0.9356613618609767,-0.1539686922621961
1.2,1,-2.0,-0.096257738472,0.00336139433,0.008201854602543392,0.9585152692153127,0.9700785181478561,-0.09922674986740478
1.2,1,-1.0,-0.048202779172,0.000841382648,0.008201854602543392,0.9985350963285277,1.0075783335790711,-0.047840229950932366
1.2,1,0.0,0.0,0.0,0.008201854602543392,1.0399240687946223,1.0481259233971656,0.0
1.2,1,1.0,0.048247867481,0.000842169668,0.008201854602543392,1.0826270811620733,1.0916711054326167,0.04419634012560946
1.2,1,2.0,0.096437954392,0.003367687608,0.008201854602543392,1.126578451393068,1.1381479936036112,0.08473235021629968
1.2,1,3.0,0.144467527542,0.00757122237,0.008201854602543392,1.1717016148213537,1.1874746917938972,0.12165945812601316
1.2,1,4.0,0.192234262075,0.013442329224,0.008201854602543392,1.2179089149050768,1.2395530987316201,0.1550835234664048
1.2,1,5.0,0.239636513003,0.020965478459,0.008201854602543392,1.2651015006282798,1.2942688336898232,0.18515203856050658
1.2,1,6.0,0.286573584887,0.030120097781,0.008201854602543392,1.3131693394326809,1.3514912918162243,0.2120424945556869
1.2,1,7.0,0.332945998936,0.040880628685,0.008201854602543392,1.361991353342645,1.4110738366301885,0.23595221617255305
1.2,1,8.0,0.378632459447,0.05321332242,0.008201854602543392,1.4114101458920927,1.472825322914636,0.2570789988168511
1.2,1,9.0,0.42131461389,0.066729679322,0.008201854602543392,1.4587829411184225,1.5337144750429659,0.2747021174708527
1.2,1,10.0,0.458309108121,0.080812261266,0.008201854602543392,1.5007990620553848,1.5898131779239282,0.2882785942933792
1.2,1,11.0,0.487531285999,0.094766482087,0.008201854602543392,1.534624268726269,1.6375926054158123,0.29771219312217617
1.2,1,12.0,0.508799041391,0.108148574819,0.008201854602543392,1.5595992085566395,1.6759496379781829,0.3035885028173045
1.2,1,13.0,0.521708954642,0.120446002652,0.008201854602543392,1.5749073749228208,1.7035552321773642,0.30624716169324806
1.2,1,14.0,0.527071619289,0.131413714193,0.008201854602543392,1.5812992686761267,1.72091483747167,0.3062740862083344
1.2,1,15.0,0.526261411166,0.14101132013,0.008201854602543392,1.5803323159194924,1.7295454906520358,0.30427728788307284
1.2,1,16.0,0.521378361079,0.149502839274,0.008201854602543392,1.5745139673714201,1.7322186612479635,0.30098876818667747
1.2,1,17.0,0.515484259163,0.157599353835,0.008201854602543392,1.56751232770654,1.7333135361440832,0.2973981616215509
1.2,1,18.0,0.507220718526,0.164806001786,0.008201854602543392,1.5577353686666207,1.730743225055164,0.29306526305185066
1.2,1,19.0,0.496683291739,0.171021772405,0.008201854602543392,1.5453345046640634,1.7245581316716068,0.28800611740328347
1.2,1,20.0,0.484954371994,0.176508956383,0.008201854602543392,1.531618677033788,1.7163294880193314,0.28255319003674767
0.1,2,-5.0,-0.195915151918,0.005593423728,0.011767888190218349,0,0.01736131191821835,-11.284582227476342
0.1,2,-4.0,-0.156862376862,0.003584083922,0.011767888190218349,0,0.015351972112218348,-10.217734615161017
0.1,2,-3.0,-0.117716872565,0.002017897715,0.011767888190218349,0,0.013785785905218348,-8.53900338902264
0.1,2,-2.0,-0.078508316488,0.000897464276,0.011767888190218349,0,0.012665352466218348,-6.198668114243267
0.1,2,-1.0,-0.03926570476,0.000224508389,0.011767888190218349,0,0.01199239657921835,-3.2742166672542856
0.1,2,0.0,0.0,0.0,0.011767888190218349,0,0.011767888190218349,0.0
0.1,2,1.0,0.039258309402,0.000224425219,0.011767888190218349,0,0.01199231340921835,3.2736227000057054
0.1,2,2.0,0.07847902725,0.000896796929,0.011767888190218349,0,0.012664685119218349,6.196682073911968
0.1,2,3.0,0.117651175032,0.0020156952,0.011767888190218349,0,0.01378358339021835,8.535601497901647
0.1,2,4.0,0.156745939571,0.003578903699,0.011767888190218349,0,0.015346791889218349,10.213596476871459
0.1,2,5.0,0.195732207525,0.005583795864,0.011767888190218349,0,0.017351684054218348,11.28030033934463
0.1,2,6.0,0.234580789509,0.008025837539,0.011767888190218349,0,0.01979372572921835,11.851270080130767
0.1,2,7.0,0.273267306484,0.010900885186,0.011767888190218349,0,0.022668773376218348,12.05479017098838
0.1,2,8.0,0.311762202166,0.014202050457,0.011767888190218349,0,0.025969938647218346,12.004733873308284
0.1,2,9.0,0.350026777789,0.017921761215,0.011767888190218349,0,0.029689649405218347,11.789522099492295
0.1,2,10.0,0.388065793929,0.022055548002,0.011767888190218349,0,0.03382343619221835,11.473281180647193
0.1,2,11.0,0.425884922504,0.026616298153,0.011767888190218349,0,0.03838418634321835,11.09532239907033
0.1,2,12.0,0.46332480533,0.031562622552,0.011767888190218349,0,0.043330510742218345,10.692807386610546
0.1,2,13.0,0.498024497625,0.036525655192,0.011767888190218349,0,0.04829354338221835,10.312444744080889
0.1,2,14.0,0.529029301717,0.041304145275,0.011767888190218349,0,0.053072033465218355,9.968137023875451
0.1,2,15.0,0.55649072626,0.045845732777,0.011767888190218349,0,0.05761362096721835,9.659013214542414
0.1,2,16.0,0.580385907684,0.050071645287,0.011767888190218349,0,0.06183953347721835,9.385353915999607
0.1,2,17.0,0.600908945473,0.053942654466,0.011767888190218349,0,0.06571054265621835,9.144787444791167
0.1,2,18.0,0.618185654929,0.057399789066,0.011767888190218349,0,0.06916767725621835,8.937493341565457
0.1,2,19.0,0.632305931732,0.060413557187,0.011767888190218349,0,0.07218144537721835,8.759951098618012
0.1,2,20.0,0.64381640012,0.063014354567,0.011767888190218349,0,0.07478224275721834,8.609214920314164
0.2,2,-5.0,-0.196773481672,0.005640647544,0.010408976328764476,0,0.016049623872764478,-12.260317327804557
0.2,2,-4.0,-0.157551199947,0.003614510942,0.010408976328764476,0,0.014023487270764476,-11.234808924842506
0.2,2,-3.0,-0.118235345563,0.002035086039,0.010408976328764476,0,0.012444062367764476,-9.501346270111991
0.2,2,-2.0,-0.078854160737,0.000905100371,0.010408976328764476,0,0.011314076699764477,-6.969562150718096
0.2,2,-1.0,-0.039438849908,0.000226418648,0.010408976328764476,0,0.010635394976764476,-3.7082637733872086
0.2,2,0.0,0.0,0.0,0.010408976328764476,0,0.010408976328764476,0.0
0.2,2,1.0,0.039431387316,0.000226333226,0.010408976328764476,0,0.010635309554764476,3.707591877129262
0.2,2,2.0,0.078825354353,0.000904464329,0.010408976328764476,0,0.011313440657764476,6.967407770765274
0.2,2,3.0,0.118169190912,0.002032829261,0.010408976328764476,0,0.012441805589764477,9.49775256167115
0.2,2,4.0,0.157433977877,0.00360915201,0.010408976328764476,0,0.014018128338764476,11.230741656262783
0.2,2,5.0,0.196588963786,0.005630645292,0.010408976328764476,0,0.016039621620764475,12.25645893862615
0.2,2,6.0,0.235605145954,0.008093041727,0.010408976328764476,0,0.01850201805576448,12.734024215298774
0.2,2,7.0,0.274462270562,0.010992130571,0.010408976328764476,0,0.021401106899764474,12.824676398631537
0.2,2,8.0,0.313118328678,0.014320530491,0.010408976328764476,0,0.024729506819764477,12.661729607472298
0.2,2,9.0,0.351545909749,0.018071339792,0.010408976328764476,0,0.028480316120764473,12.343469372262142
0.2,2,10.0,0.389734946149,0.022238061691,0.010408976328764476,0,0.03264703801976448,11.93783478651432
0.2,2,11.0,0.427696417735,0.026830263293,0.010408976328764476,0,0.037239239621764474,11.485100718464532
0.2,2,12.0,0.465216027346,0.031801748076,0.010408976328764476,0,0.04221072440476448,11.021275609605254
0.2,2,13.0,0.499872904451,0.036778712026,0.010408976328764476,0,0.04718768835476447,10.593290790022957
0.2,2,14.0,0.530758485197,0.041550581721,0.010408976328764476,0,0.05195955804976447,10.214838330392725
0.2,2,15.0,0.558079946356,0.046081832326,0.010408976328764476,0,0.056490808654764475,9.879128297961286
0.2,2,16.0,0.58181621173,0.050272651909,0.010408976328764476,0,0.060681628237764476,9.588012527454127
0.2,2,17.0,0.60216128586,0.054112259791,0.010408976328764476,0,0.06452123611976447,9.33276115079796
0.2,2,18.0,0.61923981471,0.057539093287,0.010408976328764476,0,0.06794806961576448,9.113427625121693
0.2,2,19.0,0.633113160806,0.060497574066,0.010408976328764476,0,0.07090655039476448,8.92883883479328
0.2,2,20.0,0.644383356892,0.063042373942,0.010408976328764476,0,0.07345135027076448,8.772927311977288
0.3,2,-5.0,-0.198245674257,0.005722429528,0.009713658307799033,0,0.015436087835799032,-12.842999882213226
0.3,2,-4.0,-0.158733494312,0.003666990757,0.009713658307799033,0,0.013380649064799032,-11.862914388031152
0.3,2,-3.0,-0.119124468957,0.002064676421,0.009713658307799033,0,0.011778334728799033,-10.113863436545959
0.3,2,-2.0,-0.0794483546,0.000918273805,0.009713658307799033,0,0.010631932112799032,-7.472616807283574
0.3,2,-1.0,-0.039736236831,0.000229713823,0.009713658307799033,0,0.009943372130799032,-3.99625361580497
0.3,2,0.0,0.0,0.0,0.009713658307799033,0,0.009713658307799033,0.0
0.3,2,1.0,0.039728692625,0.000229625371,0.009713658307799033,0,0.009943283678799033,3.995530441287631
0.3,2,2.0,0.079419201051,0.000917610747,0.009713658307799033,0,0.010631269054799032,7.470340618945167
0.3,2,3.0,0.119057707327,0.002062332864,0.009713658307799033,0,0.011775991171799033,10.11020691083037
0.3,2,4.0,0.158614571579,0.003661450521,0.009713658307799033,0,0.013375108828799033,11.858936896085218
0.3,2,5.0,0.198059643044,0.005711757752,0.009713658307799033,0,0.015425416059799033,12.839825018410583
0.3,2,6.0,0.23736918704,0.008209618268,0.009713658307799033,0,0.017923276575799035,13.243626857854135
0.3,2,7.0,0.276506634398,0.011149392302,0.009713658307799033,0,0.020863050609799032,13.253413394306266
0.3,2,8.0,0.315441399339,0.014524848009,0.009713658307799033,0,0.02423850631679903,13.01406098280802
0.3,2,9.0,0.354143836754,0.018328586188,0.009713658307799033,0,0.02804224449579903,12.628940483243195
0.3,2,10.0,0.392601647141,0.022552899728,0.009713658307799033,0,0.03226655803579903,12.167447383306802
0.3,2,11.0,0.430819553068,0.027206605646,0.009713658307799033,0,0.036920263953799035,11.66891855397121
0.3,2,12.0,0.468474100956,0.032223379361,0.009713658307799033,0,0.041937037668799027,11.170891579319697
0.3,2,13.0,0.502988978073,0.037207018103,0.009713658307799033,0,0.04692067641079903,10.71998565556132
0.3,2,14.0,0.533699579948,0.041967249138,0.009713658307799033,0,0.051680907445799035,10.326822927939563
0.3,2,15.0,0.560803937926,0.046472031827,0.009713658307799033,0,0.05618569013479903,9.981259224199897
0.3,2,16.0,0.584283266706,0.050628888852,0.009713658307799033,0,0.06034254715979903,9.68277433099902
0.3,2,17.0,0.60426254174,0.054391223993,0.009713658307799033,0,0.06410488230079903,9.426154764696733
0.3,2,18.0,0.620964493111,0.057745207917,0.009713658307799033,0,0.06745886622479903,9.205083451027862
0.3,2,19.0,0.634449599001,0.060600480397,0.009713658307799033,0,0.07031413870479904,9.02307289384031
0.3,2,20.0,0.645382060109,0.063079793247,0.009713658307799033,0,0.07279345155479904,8.865935689601905
0.4,2,-5.0,-0.200329296513,0.005839078413,0.009258959823002528,0,0.015098038236002528,-13.26856465598942
0.4,2,-4.0,-0.160405874387,0.003741877235,0.009258959823002528,0,0.013000837058002528,-12.338118974290493
0.4,2,-3.0,-0.120382610135,0.002106905073,0.009258959823002528,0,0.011365864896002529,-10.591592565677917
0.4,2,-2.0,-0.080289104894,0.00093707672,0.009258959823002528,0,0.010196036543002527,-7.874540715441226
0.4,2,-1.0,-0.040157191067,0.000234418781,0.009258959823002528,0,0.009493378604002527,-4.230021022238513
0.4,2,0.0,0.0,0.0,0.009258959823002528,0,0.009258959823002528,0.0
0.4,2,1.0,0.040149535756,0.000234325277,0.009258959823002528,0,0.009493285100002528,4.229256293586854
0.4,2,2.0,0.080259484589,0.000936371863,0.009258959823002528,0,0.010195331686002528,7.8721798427794765
0.4,2,3.0,0.12031490459,0.002104408672,0.009258959823002528,0,0.011363368495002527,10.587961187997472
0.4,2,4.0,0.160285888524,0.003736056543,0.009258959823002528,0,0.012995016366002528,12.334412209232674
0.4,2,5.0,0.200140243263,0.005827727989,0.009258959823002528,0,0.015086687812002529,13.26601609027624
0.4,2,6.0,0.239852112627,0.008375274364,0.009258959823002528,0,0.01763423418700253,13.601504328653249
0.4,2,7.0,0.279389467651,0.01137338056,0.009258959823002528,0,0.020632340383002528,13.541336681376606
0.4,2,8.0,0.318723051453,0.014815772327,0.009258959823002528,0,0.024074732150002526,13.23890332266756
0.4,2,9.0,0.357815734228,0.018693813132,0.009258959823002528,0,0.02795277295500253,12.800724092883387
0.4,2,10.0,0.396670840759,0.023003843132,0.009258959823002528,0,0.03226280295500253,12.294990032708673
0.4,2,11.0,0.435226113943,0.027734270914,0.009258959823002528,0,0.03699323073700253,11.765020390816108
0.4,2,12.0,0.473023633922,0.032815818583,0.009258959823002528,0,0.04207477840600253,11.242450984709567
0.4,2,13.0,0.507306125577,0.03779211219,0.009258959823002528,0,0.04705107201300253,10.782031181708387
0.4,2,14.0,0.537740881052,0.042533074743,0.009258959823002528,0,0.05179203456600252,10.382694666430144
0.4,2,15.0,0.564493585808,0.046987350374,0.009258959823002528,0,0.05624631019700253,10.036099858477169
0.4,2,16.0,0.587581032751,0.051083113587,0.009258959823002528,0,0.06034207341000253,9.737501539905661
0.4,2,17.0,0.607060565248,0.054744842886,0.009258959823002528,0,0.06400380270900252,9.48475777303484
0.4,2,18.0,0.623253510454,0.057966982385,0.009258959823002528,0,0.06722594220800253,9.27102677900152
0.4,2,19.0,0.636243023882,0.060704837298,0.009258959823002528,0,0.06996379712100252,9.093889269354785
0.4,2,20.0,0.646679618721,0.063052086947,0.009258959823002528,0,0.07231104677000252,8.94302665508181
0.5,2,-5.0,-0.203302082616,0.006006637084,0.00892642316834055,0,0.01493306025234055,-13.614227705545836
0.5,2,-4.0,-0.162793524939,0.003849465095,0.00892642316834055,0,0.01277588826334055,-12.742247081647058
0.5,2,-3.0,-0.12217788221,0.00216753029,0.00892642316834055,0,0.01109395345834055,-11.013015573645246
0.5,2,-2.0,-0.08148868971,0.000964067529,0.00892642316834055,0,0.00989049069734055,-8.239094722763499
0.5,2,-1.0,-0.040757660525,0.000241168424,0.00892642316834055,0,0.009167591592340549,-4.445841649299987
0.5,2,0.0,0.0,0.0,0.00892642316834055,0,0.00892642316834055,0.0
0.5,2,1.0,0.040749826212,0.000241068129,0.00892642316834055,0,0.00916749129734055,4.445035712640529
0.5,2,2.0,0.081458359422,0.000963308773,0.00892642316834055,0,0.00988973194134055,8.236659992925789
0.5,2,3.0,0.122109484415,0.002164948982,0.00892642316834055,0,0.01109137215034055,11.009411888794187
0.5,2,4.0,0.162670890976,0.003843255884,0.00892642316834055,0,0.01276967905234055,12.738839426522949
0.5,2,5.0,0.203109091605,0.005994416782,0.00892642316834055,0,0.01492083995034055,13.612443554182368
0.5,2,6.0,0.243398635425,0.008613791379,0.00892642316834055,0,0.01754021454734055,13.876605372646605
0.5,2,7.0,0.283497043526,0.01169548995,0.00892642316834055,0,0.02062191311834055,13.74736872855243
0.5,2,8.0,0.323382803454,0.015232933191,0.00892642316834055,0,0.02415935635934055,13.385406409180803
0.5,2,9.0,0.363014772922,0.019218023482,0.00892642316834055,0,0.02814444665034055,12.898273589529163
0.5,2,10.0,0.402411319186,0.023645520082,0.00892642316834055,0,0.032571943250340546,12.354538262981675
0.5,2,11.0,0.44149469676,0.028502536933,0.00892642316834055,0,0.037428960101340544,11.795537347675005
0.5,2,12.0,0.479414767904,0.033650772703,0.00892642316834055,0,0.042577195871340554,11.259895305287175
0.5,2,13.0,0.51341182218,0.038625210029,0.00892642316834055,0,0.04755163319734054,10.79693351539215
0.5,2,14.0,0.543416980923,0.04332089022,0.00892642316834055,0,0.052247313388340544,10.400859789362267
0.5,2,15.0,0.569660542776,0.047707544287,0.00892642316834055,0,0.05663396745534055,10.058637393278392
0.5,2,16.0,0.592195923617,0.051704528895,0.00892642316834055,0,0.06063095206334054,9.767221253565983
0.5,2,17.0,0.611003790323,0.055226389396,0.00892642316834055,0,0.06415281256434055,9.524193342422956
0.5,2,18.0,0.626415370186,0.058263311807,0.00892642316834055,0,0.06718973497534055,9.323081426290818
0.5,2,19.0,0.638704548344,0.060797646349,0.00892642316834055,0,0.06972406951734055,9.16045997838885
0.5,2,20.0,0.648513482879,0.062956992003,0.00892642316834055,0,0.07188341517134056,9.0217400123966
0.6,2,-5.0,-0.207351727453,0.006237203195,0.008666934523829536,0,0.014904137718829535,-13.912359867088234
0.6,2,-4.0,-0.166052611946,0.003997654749,0.008666934523829536,0,0.012664589272829537,-13.111567092210983
0.6,2,-3.0,-0.124631371945,0.002250929804,0.008666934523829536,0,0.010917864327829537,-11.415361851247388
0.6,2,-2.0,-0.083127264147,0.001001157625,0.008666934523829536,0,0.009668092148829537,-8.598104245113527
0.6,2,-1.0,-0.041575336166,0.000250433385,0.008666934523829536,0,0.008917367908829537,-4.6622878624121995
0.6,2,0.0,0.0,0.0,0.008666934523829536,0,0.008666934523829536,0.0
0.6,2,1.0,0.041567762894,0.000250328266,0.008666934523829536,0,0.008917262789829537,4.661493540530122
0.6,2,2.0,0.083097119353,0.001000334545,0.008666934523829536,0,0.009667269068829537,8.595718062811814
0.6,2,3.0,0.124563101761,0.00224815309,0.008666934523829536,0,0.010915087613829536,11.412011169124943
0.6,2,4.0,0.165928587342,0.003990741582,0.008666934523829536,0,0.012657676105829536,13.108929787323364
0.6,2,5.0,0.207157374165,0.006223858346,0.008666934523829536,0,0.014890792869829536,13.911775952825503
0.6,2,6.0,0.248219273433,0.008942082194,0.008666934523829536,0,0.017609016717829537,14.096146162532303
0.6,2,7.0,0.289078069248,0.012138876741,0.008666934523829536,0,0.020805811264829537,13.894102256741222
0.6,2,8.0,0.329706535184,0.015807444723,0.008666934523829536,0,0.024474379246829537,13.47149735071262
0.6,2,9.0,0.370072043653,0.019938736734,0.008666934523829536,0,0.028605671257829538,12.937016590782122
0.6,2,10.0,0.410145244627,0.024523422519,0.008666934523829536,0,0.033190357042829535,12.35736163060072
0.6,2,11.0,0.44990635285,0.02955060742,0.008666934523829536,0,0.038217541943829536,11.772247244766621
0.6,2,12.0,0.487733003353,0.034758094246,0.008666934523829536,0,0.04342502876982954,11.231610367794687
0.6,2,13.0,0.521312005458,0.039713038613,0.008666934523829536,0,0.048379973136829534,10.775367815596166
0.6,2,14.0,0.550765450155,0.044332469221,0.008666934523829536,0,0.05299940374482954,10.391917856410432
0.6,2,15.0,0.57625139394,0.048578368079,0.008666934523829536,0,0.057245302602829534,10.066352482020367
0.6,2,16.0,0.597930665664,0.052390979234,0.008666934523829536,0,0.061057913757829534,9.792844675884895
0.6,2,17.0,0.615925274753,0.05571718382,0.008666934523829536,0,0.06438411834382954,9.566416231154761
0.6,2,18.0,0.630348570445,0.058493347308,0.008666934523829536,0,0.06716028183182954,9.385734443810158
0.6,2,19.0,0.641732925503,0.060774914465,0.008666934523829536,0,0.06944184898882955,9.241299516754363
0.6,2,20.0,0.650594589467,0.062615802158,0.008666934523829536,0,0.07128273668182954,9.126958640363776
0.7,2,-5.0,-0.212728843908,0.006548196123,0.008455658881635495,0.0,0.015003855004635495,-14.178279105088437
0.7,2,-4.0,-0.17037106192,0.004197396878,0.008455658881635495,0.0,0.012653055759635495,-13.464815547837908
0.7,2,-3.0,-0.12788083048,0.002363600627,0.008455658881635495,0.0,0.010819259508635496,-11.819739639106604
0.7,2,-2.0,-0.085298392502,0.001051302464,0.008455658881635495,0.0,0.009506961345635495,-8.972203567563596
0.7,2,-1.0,-0.042661624713,0.000262965409,0.008455658881635495,0.0,0.008718624290635494,-4.89316012376196
0.7,2,0.0,0.0,0.0,0.008455658881635495,0.0,0.008455658881635495,0.0
0.7,2,1.0,0.042653668092,0.000262847837,0.008455658881635495,0.0,0.008718506718635496,4.892313496854835
0.7,2,2.0,0.085266581878,0.001050374322,0.008455658881635495,0.0,0.009506033203635494,8.96973322640937
0.7,2,3.0,0.127809718602,0.00236048213,0.008455658881635495,0.0,0.010816141011635496,11.816572885330203
0.7,2,4.0,0.17024222981,0.004189712514,0.008455658881635495,0.0,0.012645371395635496,13.462809788944474
0.7,2,5.0,0.21252701101,0.006533359574,0.008455658881635495,0.0,0.014989018455635494,14.17884777706009
0.7,2,6.0,0.254630435438,0.009385814374,0.008455658881635495,1.6284166276742183e-09,0.017841474884052123,14.27182657783552
0.7,2,7.0,0.29651766152,0.012738808762,0.008455658881635495,5.362234745990073e-08,0.021194521265982955,13.990297671686907
0.7,2,8.0,0.338150518805,0.016584966976,0.008455658881635495,3.3334000669299414e-07,0.02504095919764219,13.503896401733671
0.7,2,9.0,0.379495162578,0.020913113875,0.008455658881635495,1.1543595133513968e-06,0.029369927116148848,12.921215673338775
0.7,2,10.0,0.420530112045,0.025714232622,0.008455658881635495,2.9554811161596153e-06,0.034172846984751655,12.305972406473646
0.7,2,11.0,0.461103934592,0.030958280383,0.008455658881635495,6.274784190217804e-06,0.039420214048825716,11.697144364078758
0.7,2,12.0,0.498608045448,0.036196971431,0.008455658881635495,1.1306105338249889e-05,0.04466393641797375,11.163549060743987
0.7,2,13.0,0.531616477955,0.041101030414,0.008455658881635495,1.7820353295532514e-05,0.04957450964893102,10.723585199727
0.7,2,14.0,0.560318433952,0.045600739771,0.008455658881635495,2.547870079228221e-05,0.054081877353427774,10.360558127268604
0.7,2,15.0,0.584871715412,0.049644704877,0.008455658881635495,3.379109495377552e-05,0.05813415485358926,10.06072448950188
0.7,2,16.0,0.605341649132,0.053155461545,0.008455658881635495,4.215090165635037e-05,0.06165327132829185,9.818483854792907
0.7,2,17.0,0.6220780147,0.056132671182,0.008455658881635495,5.0065727659944346e-05,0.06463839579129545,9.623970506764532
0.7,2,18.0,0.635160733508,0.058515431907,0.008455658881635495,5.699014075827489e-05,0.06702808092939377,9.476039365904976
0.7,2,19.0,0.645356749063,0.060405573265,0.008455658881635495,6.28660140295358e-05,0.06892409816066503,9.3632962386921
0.7,2,20.0,0.653157652702,0.061815011638,0.008455658881635495,6.765963656521972e-05,0.07033833015620071,9.285941978598714
0.8,2,-5.0,-0.219292543287,0.00694879358,0.008278393066883936,0.00019079403364889844,0.015417980680532834,-14.223168898108998
0.8,2,-4.0,-0.175643855519,0.004454768602,0.008278393066883936,0.0002582290207594213,0.012991390689643357,-13.520019504841928
0.8,2,-3.0,-0.131848219578,0.002508808183,0.008278393066883936,0.00034244675838874123,0.011129648008272677,-11.846575873738065
0.8,2,-2.0,-0.087950436101,0.001115931392,0.008278393066883936,0.000446021804636213,0.00984034626352015,-8.937737935813026
0.8,2,-1.0,-0.043989958854,0.000279133542,0.008278393066883936,0.0005716815253758227,0.009129208134259758,-4.81859523926463
0.8,2,0.0,0.0,0.0,0.008278393066883936,0.0007223008655231746,0.00900069393240711,0.0
0.8,2,1.0,0.043982003882,0.000279004609,0.008278393066883936,0.0009008528562619544,0.009458250532145891,4.6501204141841805
0.8,2,2.0,0.087918396221,0.00111489387,0.008278393066883936,0.001110390651757835,0.01050367758864177,8.370248941767901
0.8,2,3.0,0.13177686146,0.002505328555,0.008278393066883936,0.0013540511890610483,0.012137772810944985,10.856757949957093
0.8,2,4.0,0.17551475995,0.004446318718,0.008278393066883936,0.0016349401164105584,0.014359651901294493,12.222772610120005
0.8,2,5.0,0.219091200198,0.006932383979,0.008278393066883936,0.0019561462425118376,0.017166923288395773,12.762403403182784
0.8,2,6.0,0.262469047197,0.009957243913,0.008278393066883936,0.0023207286684539096,0.02055636564833785,12.768261262088552
0.8,2,7.0,0.305609556949,0.013512022184,0.008278393066883936,0.002731643573465183,0.02452205882434912,12.462638603800498
0.8,2,8.0,0.348477244269,0.017588235087,0.008278393066883936,0.0031917503487108,0.029058378502594736,11.99231554637101
0.8,2,9.0,0.391040906737,0.022175011228,0.008278393066883936,0.0037038047337845208,0.03415720902866845,11.448268692234072
0.8,2,10.0,0.433250301895,0.027260511085,0.008278393066883936,0.004270120017905624,0.03980902416978956,10.88321833881542
0.8,2,11.0,0.47478877801,0.032776074813,0.008278393066883936,0.004888513464003645,0.045942981343887586,10.334304917135457
0.8,2,12.0,0.512568912601,0.038122317774,0.008278393066883936,0.005507158041228841,0.05190786888211278,9.87458979996054
0.8,2,13.0,0.545271896546,0.042957369339,0.008278393066883936,0.006088518699483799,0.05732428110536773,9.512058172063876
0.8,2,14.0,0.573234460582,0.047231111445,0.008278393066883936,0.006621098429767429,0.06213060294165137,9.226281951912505
0.8,2,15.0,0.596707550306,0.050879137861,0.008278393066883936,0.00709451524265098,0.06625204617053491,9.006628244659122
0.8,2,16.0,0.615872435996,0.053831019934,0.008278393066883936,0.007499500663642008,0.06960891366452594,8.84760878418737
0.8,2,17.0,0.630906557999,0.056032666563,0.008278393066883936,0.007829138499688559,0.0721401981295725,8.745561758311444
0.8,2,18.0,0.642495499747,0.057560977282,0.008278393066883936,0.008090561956551452,0.07392993230543538,8.690600406511713
0.8,2,19.0,0.651107692834,0.058470674288,0.008278393066883936,0.00828903542122585,0.07503810277610978,8.677027653227077
0.8,2,20.0,0.657183951849,0.058815000897,0.008278393066883936,0.00843124778434805,0.07552464174823198,8.701583173870329
0.9,2,-5.0,-0.230149274476,0.007606052109,0.00812629731869062,0.011392544028029392,0.02712489345572001,-8.484799206739995
0.9,2,-4.0,-0.184361876482,0.004876810994,0.00812629731869062,0.01280551153169029,0.02580861984438091,-7.1434225306759105
0.9,2,-3.0,-0.138407664882,0.002746907896,0.00812629731869062,0.014351862064159296,0.025225067278849916,-5.486909642379769
0.9,2,-2.0,-0.092333629238,0.001221975241,0.00812629731869062,0.016038777374336784,0.025387049934027406,-3.6370365788047345
0.9,2,-1.0,-0.046183964061,0.000305650095,0.00812629731869062,0.017873335866049615,0.026305283279740237,-1.7556915684907257
0.9,2,0.0,0.0,0.0,0.00812629731869062,0.01986248579476402,0.02798878311345464,0.0
0.9,2,1.0,0.04617536431,0.000305500749,0.00812629731869062,0.02201280614191434,0.03044460420960496,1.5167010873944011
0.9,2,2.0,0.092299228956,0.001220785433,0.00812629731869062,0.0243304847668063,0.03367756751849692,2.7406738596932803
0.9,2,3.0,0.138330405981,0.002742914131,0.00812629731869062,0.026821335107851806,0.03769054655754243,3.6701618473430724
0.9,2,4.0,0.18422302108,0.004867151691,0.00812629731869062,0.02949036471170952,0.04248381372140014,4.336310819176818
0.9,2,5.0,0.229933767808,0.007587299128,0.00812629731869062,0.032342062614081776,0.048055659060772395,4.784738619799595
0.9,2,6.0,0.275417501179,0.010895059239,0.00812629731869062,0.035380063746299026,0.054401420303989645,5.062689533471641
0.9,2,7.0,0.320635347907,0.014781275748,0.00812629731869062,0.038607619476702056,0.061515192543392674,5.212295282678739
0.9,2,8.0,0.365543435694,0.019233794799,0.00812629731869062,0.04202677693761722,0.06938686905530785,5.268193257179937
0.9,2,9.0,0.410101532944,0.024240155694,0.00812629731869062,0.045638901026422436,0.07800535403911305,5.257351088213368
0.9,2,10.0,0.454262847891,0.02978533516,0.00812629731869062,0.04944378190679362,0.08735541438548423,5.200168198921445
0.9,2,11.0,0.496397293587,0.035544822187,0.00812629731869062,0.053291187001825405,0.09696230650751603,5.119487267441619
0.9,2,12.0,0.533419798077,0.04081953359,0.00812629731869062,0.05685335038483971,0.10579918129353033,5.041814043882576
0.9,2,13.0,0.564930629329,0.045370456093,0.00812629731869062,0.06002336433881091,0.11352011775050153,4.976480297268756
0.9,2,14.0,0.59129137075,0.049126380592,0.00812629731869062,0.062775571166427,0.12002824907711762,4.926268401783466
0.9,2,15.0,0.61275272519,0.05198655045,0.00812629731869062,0.06508526547737621,0.12519811324606683,4.8942648519445635
0.9,2,16.0,0.629550133603,0.053879646298,0.00812629731869062,0.06693702360672407,0.1289429672234147,4.882392170425254
0.9,2,17.0,0.642379355747,0.054850545957,0.00812629731869062,0.0683777238497767,0.1313545671254673,4.890422691838433
0.9,2,18.0,0.651796582129,0.054932894515,0.00812629731869062,0.06944997088860466,0.1325091627222953,4.918879334367209
0.9,2,19.0,0.658223590174,0.054171437968,0.00812629731869062,0.07018895701953452,0.13248669230622515,4.968224194567442
0.9,2,20.0,0.662241621491,0.052655595029,0.00812629731869062,0.07065394178461777,0.1314358341323084,5.038516519204055
0.95,2,-5.0,-0.238167410097,0.008099560946,0.00805777970767323,0.034425478759318125,0.05058281941299135,-4.708464511486496
0.95,2,-4.0,-0.190798129077,0.005193729973,0.00805777970767323,0.037743933194042095,0.05099544287471533,-3.741474106730465
0.95,2,-3.0,-0.143249019641,0.002925701809,0.00805777970767323,0.0413106562235471,0.05229413774022033,-2.739294036218991
0.95,2,-2.0,-0.095567271031,0.001301547852,0.00805777970767323,0.04513538017459798,0.05449470773427121,-1.753698203080712
0.95,2,-1.0,-0.047802913107,0.000325549568,0.00805777970767323,0.049227041898012226,0.057610371173685455,-0.8297622829556568
0.95,2,0.0,0.0,0.0,0.00805777970767323,0.05359442107276271,0.06165220078043594,0.0
0.95,2,1.0,0.047793480751,0.000325387293,0.00805777970767323,0.05824520615495359,0.06662837315562682,0.7173142384756516
0.95,2,2.0,0.095528508514,0.001300176678,0.00805777970767323,0.06318607059837075,0.07254402698404398,1.3168349274987372
0.95,2,3.0,0.143162567633,0.002921124705,0.00805777970767323,0.0684233719505272,0.07940227636320042,1.8030033166574273
0.95,2,4.0,0.19064552805,0.005182954642,0.00805777970767323,0.07396155374677806,0.08720228809645128,2.186244560912598
0.95,2,5.0,0.237929916318,0.008078618534,0.00805777970767323,0.07980407381540841,0.09594047205708164,2.4799744176413787
0.95,2,6.0,0.28497005891,0.011599094952,0.00805777970767323,0.0859532594100704,0.10561013406974362,2.698321154689656
0.95,2,7.0,0.331711659962,0.01573266193,0.00805777970767323,0.09240877765516303,0.11619921929283626,2.854680625056921
0.95,2,8.0,0.378096340613,0.020467404746,0.00805777970767323,0.0991678704396101,0.12769305489328334,2.960978112153286
0.95,2,9.0,0.424098055053,0.025788263782,0.00805777970767323,0.1062308033781765,0.14007684686784974,3.027609947938787
0.95,2,10.0,0.469572910733,0.031659238039,0.00805777970767323,0.11357717644970394,0.1532941941963772,3.0632139279290294
0.95,2,11.0,0.512047968317,0.037517019265,0.00805777970767323,0.12077703682433741,0.16635183579701063,3.0781022996453253
0.95,2,12.0,0.54874560431,0.042609275368,0.00805777970767323,0.12726856393806513,0.17793561901373836,3.083955912546276
0.95,2,13.0,0.579363656372,0.046704405955,0.00805777970767323,0.13288197820091213,0.18764416386358534,3.0875655519624328
0.95,2,14.0,0.604401755431,0.049742124116,0.00805777970767323,0.13760871930361282,0.19540862312728605,3.0930147593195128
0.95,2,15.0,0.624397597263,0.05166624859,0.00805777970767323,0.14147323897170175,0.20119726726937498,3.10340993064791
0.95,2,16.0,0.63969915153,0.05244969324,0.00805777970767323,0.1444850467252795,0.20499251967295273,3.1205975347324033
0.95,2,17.0,0.651289978642,0.052122090292,0.00805777970767323,0.1467982850931503,0.20697815509282352,3.146660469313372
0.95,2,18.0,0.659598671559,0.050636808016,0.00805777970767323,0.14847350313374194,0.20716809085741517,3.183881595032766
0.95,2,19.0,0.665225555302,0.048065940856,0.00805777970767323,0.149616123390661,0.20573984395433423,3.233333624233003
0.95,2,20.0,0.668195351828,0.044352765077,0.00805777970767323,0.15022183582998733,0.20263238061466055,3.297574404451604
1.05,2,-5.0,-0.26854145956,0.02349434059,0.007933052683386654,0.16340183672348868,0.19482922999687532,-1.3783427649142115
1.05,2,-4.0,-0.215352064865,0.015058883341,0.007933052683386654,0.17528499828895872,0.19827693431334537,-1.0861175840285593
1.05,2,-3.0,-0.161985621849,0.008489306717,0.007933052683386654,0.18784757222112006,0.2042699316215067,-0.7929978757184116
1.05,2,-2.0,-0.108228466898,0.003779421345,0.007933052683386654,0.201172944822395,0.21288541885078166,-0.5083883503259604
1.05,2,-1.0,-0.054194906854,0.000945975618,0.007933052683386654,0.21526893902231756,0.2241479673237042,-0.24178183501318215
1.05,2,0.0,0.0,0.0,0.007933052683386654,0.23013842015527738,0.23807147283866403,0.0
1.05,2,1.0,0.05424074924,0.0009467758,0.007933052683386654,0.24577878245761187,0.2546586109409985,0.21299397275267068
1.05,2,2.0,0.108411696828,0.003785819875,0.007933052683386654,0.2621814638427762,0.27390033640116285,0.3958070963053397
1.05,2,3.0,0.162397366022,0.008510885315,0.007933052683386654,0.2793314995968852,0.29577543759527186,0.5490562953514028
1.05,2,4.0,0.21608275384,0.015109978092,0.007933052683386654,0.2972071257808254,0.3202501565562121,0.6747311419411343
1.05,2,5.0,0.26935363623,0.02356538965,0.007933052683386654,0.31577944302222816,0.3472778853556148,0.77561413377699
1.05,2,6.0,0.322096871124,0.033853745321,0.007933052683386654,0.33501215103993576,0.37679894904432243,0.854824229050894
1.05,2,7.0,0.374200698536,0.045946068459,0.007933052683386654,0.35486136362850906,0.4087404847708957,0.9154970267888788
1.05,2,8.0,0.425206528134,0.059758880385,0.007933052683386654,0.3751340760774772,0.44282600914586384,0.9602112779105978
1.05,2,9.0,0.471121951621,0.074618386632,0.007933052683386654,0.39411539415555646,0.47666683347094313,0.9883673848050912
1.05,2,10.0,0.508614215527,0.089682408969,0.007933052683386654,0.4101413970014375,0.5077568586538241,1.0016885185469457
1.05,2,11.0,0.535763412877,0.10414185782,0.007933052683386654,0.42204776532680854,0.5341226758301952,1.0030718355933017
1.05,2,12.0,0.551660820981,0.117259127316,0.007933052683386654,0.42913886434920856,0.5543310443485951,0.9951829806488053
1.05,2,13.0,0.556507040554,0.128479773801,0.007933052683386654,0.4313182024307156,0.5677310289151023,0.980230095257343
1.05,2,14.0,0.551673720281,0.137547706899,0.007933052683386654,0.42914465416102837,0.574625413743415,0.9600579909738146
1.05,2,15.0,0.540296421907,0.144771989924,0.007933052683386654,0.4240607052072793,0.5767657478146659,0.9367692584973254
1.05,2,16.0,0.526404668091,0.150944109617,0.007933052683386654,0.4179145751297585,0.5767917374301451,0.9126425257691083
1.05,2,17.0,0.512379608378,0.156650166835,0.007933052683386654,0.41177748576276907,0.5763607052811557,0.8889912231751731
1.05,2,18.0,0.496803349866,0.161421193526,0.007933052683386654,0.40504111280692245,0.5743953590163091,0.8649153271656117
1.05,2,19.0,0.479159421218,0.164987819893,0.007933052683386654,0.3975107313415486,0.5704316039179352,0.8399945198108868
1.05,2,20.0,0.461292775765,0.167896839661,0.007933052683386654,0.3899927894515619,0.5658226817959485,0.8152603114121096
1.1,2,-5.0,-0.250910260513,0.02195180319,0.007875991608670044,0.30848184797062544,0.3383096427692955,-0.741658613272528
1.1,2,-4.0,-0.201459297897,0.014087406331,0.007875991608670044,0.32617812561210646,0.3481415235517765,-0.5786706964503717
1.1,2,-3.0,-0.151535243016,0.007941625509,0.007875991608670044,0.3448052432091884,0.3606228603268584,-0.420204206906497
1.1,2,-2.0,-0.101245914324,0.003535584479,0.007875991608670044,0.3643639977590221,0.37577557384669213,-0.2694318667059132
1.1,2,-1.0,-0.050698298686,0.000884941906,0.007875991608670044,0.38485009849010704,0.3936110320047771,-0.1288030430137555
1.1,2,0.0,0.0,0.0,0.007875991608670044,0.4062530611196975,0.41412905272836753,0.0
1.1,2,1.0,0.05074092946,0.000885686029,0.007875991608670044,0.428555690254279,0.437317367891949,0.11602770250034274
1.1,2,2.0,0.101416307584,0.003541534742,0.007875991608670044,0.4517336620444711,0.46315118839514113,0.2189701983393722
1.1,2,3.0,0.151918142118,0.007961692401,0.007875991608670044,0.47575516361894654,0.4915928476286166,0.30903245002614343
1.1,2,4.0,0.202138797865,0.014134921597,0.007875991608670044,0.5005805227082777,0.5225914359139477,0.3868008236902778
1.1,2,5.0,0.251971445049,0.022044644806,0.007875991608670044,0.5261620441492486,0.5560826805639186,0.4531186707585964
1.1,2,6.0,0.301310245116,0.031668982649,0.007875991608670044,0.5524438055850409,0.5919887798427109,0.5089796553172122
1.1,2,7.0,0.35005065317,0.042980815414,0.007875991608670044,0.5793615992859038,0.6302184063085738,0.5554433981393503
1.1,2,8.0,0.398062282137,0.055944004965,0.007875991608670044,0.6068270059541069,0.6706470025277769,0.5935496328718968
1.1,2,9.0,0.442721702853,0.070120229126,0.007875991608670044,0.6332407065552972,0.7112369272899672,0.6224672621258667
1.1,2,10.0,0.480828780707,0.08478308714,0.007875991608670044,0.6564528362506638,0.7491119149993338,0.6418650819449689
1.1,2,11.0,0.510566496604,0.099244073445,0.007875991608670044,0.6750056639946518,0.7821257290483218,0.6527933778949444
1.1,2,12.0,0.530968511349,0.112860841127,0.007875991608670044,0.6879596463930702,0.8086964791287402,0.6565732942488459
1.1,2,13.0,0.541861578532,0.125098602476,0.007875991608670044,0.6949519260095753,0.8279265200942454,0.6544802773926341
1.1,2,14.0,0.543918083703,0.13561400952,0.007875991608670044,0.6962779583575045,0.8397679594861746,0.6477004481521359
1.1,2,15.0,0.538751474915,0.144358022625,0.007875991608670044,0.6929501337689661,0.8451841480026361,0.6374367955056814
1.1,2,16.0,0.529307122139,0.151776374923,0.007875991608670044,0.6868978534861294,0.8465502200177994,0.62525188656601
1.1,2,17.0,0.518898169514,0.158643090973,0.007875991608670044,0.6802734431519428,0.8467925257336129,0.6127807624003958
1.1,2,18.0,0.506561905274,0.164591940385,0.007875991608670044,0.6724846379524861,0.8449525699461562,0.5995151956355138
1.1,2,19.0,0.492907140017,0.169721539096,0.007875991608670044,0.6639415610169613,0.8415390917216314,0.5857210257560398
1.1,2,20.0,0.4770885572,0.17364603393,0.007875991608670044,0.6541467528621538,0.8356687784008239,0.5709062843211394
1.2,2,-5.0,-0.238516157823,0.020867460081,0.007770787343289783,0.8470718163081545,0.8757100637324443,-0.27236886693570517
1.2,2,-4.0,-0.191515592407,0.013392074945,0.007770787343289783,0.8827530182981014,0.9039158805863912,-0.21187324674809277
1.2,2,-3.0,-0.144062556257,0.007549998725,0.007770787343289783,0.9199095085554934,0.9352302946237832,-0.15403965962731386
1.2,2,-2.0,-0.096257738453,0.003361394329,0.007770787343289783,0.9585152692308941,0.9696474509031839,-0.09927086217092629
1.2,2,-1.0,-0.048202779162,0.000841382648,0.007770787343289783,0.9985350963369837,1.0071472663282734,-0.04786070594991676
1.2,2,0.0,0.0,0.0,0.007770787343289783,1.0399240687946223,1.047694856137912,0.0
1.2,2,1.0,0.048247867471,0.000842169668,0.007770787343289783,1.0826270811530885,1.0912400381643783,0.04421379878267646
1.2,2,2.0,0.096437954372,0.003367687608,0.007770787343289783,1.126578451374554,1.1377169263258438,0.08476445426846013
1.2,2,3.0,0.144467527512,0.007571222369,0.007770787343289783,1.1717016147927528,1.1870436245050426,0.12170363795369199
1.2,2,4.0,0.192234262035,0.013442329221,0.007770787343289783,1.2179089148658198,1.2391220314301095,0.15513747408165798
1.2,2,5.0,0.239636512953,0.020965478455,0.007770787343289783,1.2651015005777895,1.2938377663760792,0.18521372553855797
1.2,2,6.0,0.286573584827,0.030120097775,0.007770787343289783,1.3131693393703743,1.351060224488664,0.2121101484839135
1.2,2,7.0,0.332945998866,0.040880628676,0.007770787343289783,1.361991353267936,1.4106427692872257,0.23602431892394138
1.2,2,8.0,0.378641546502,0.053214600997,0.007770787343289783,1.411420107098852,1.4724054954391417,0.2571584714094476
1.2,2,9.0,0.421253087285,0.066719934465,0.007770787343289783,1.4587138064375313,1.533204528245821,0.27475335450969907
1.2,2,10.0,0.458053553944,0.08076720017,0.007770787343289783,1.5005057426566295,1.5890437301699194,0.2882573621148988
1.2,2,11.0,0.487531285861,0.09476648206,0.007770787343289783,1.534624268565195,1.6371615379684847,0.2977905811701184
1.2,2,12.0,0.508799041233,0.108148574785,0.007770787343289783,1.559599208369974,1.6755185704982636,0.3036666081723547
1.2,2,13.0,0.52170895446,0.12044600261,0.007770787343289783,1.5749073747062199,1.7031241646595097,0.30632467396427354
1.2,2,14.0,0.52707161908,0.13141371414,0.007770787343289783,1.5812992684266356,1.7204837699099254,0.30635082312203066
1.2,2,15.0,0.526261410934,0.141011320067,0.007770787343289783,1.5803323156426727,1.7291144230529625,0.30435314396650587
1.2,2,16.0,0.521378360839,0.149502839205,0.007770787343289783,1.5745139670858463,1.731787593634136,0.3010636886160465
1.2,2,17.0,0.515484258949,0.15759935377,0.007770787343289783,1.5675123274527538,1.7328824685660436,0.2974721415328081
1.2,2,18.0,0.50722071832,0.16480600172,0.007770787343289783,1.5577353684234638,1.7303121574867537,0.2931382734180916
1.2,2,19.0,0.496683291561,0.171021772344,0.007770787343289783,1.5453345044552136,1.7241270641425035,0.28807812480342104
1.2,2,20.0,0.484954371811,0.176508956317,0.007770787343289783,1.5316186768205027,1.7158984204807926,0.28262417286631475
0.1,3,-5.0,-0.196898849101,0.005628151063,0.01134606339875452,0,0.01697421446175452,-11.599879896925007
0.1,3,-4.0,-0.157650167214,0.003606410228,0.01134606339875452,0,0.01495247362675452,-10.543417172922874
0.1,3,-3.0,-0.118307439923,0.002030345274,0.01134606339875452,0,0.013376408672754522,-8.844484556155361
0.1,3,-2.0,-0.078901290789,0.000902908232,0.01134606339875452,0,0.01224897163075452,-6.441462448234913
0.1,3,-1.0,-0.039460664324,0.000225829688,0.01134606339875452,0,0.01157189308675452,-3.41004397708856
0.1,3,0.0,0.0,0.0,0.01134606339875452,0,0.01134606339875452,0.0
0.1,3,1.0,0.039452093075,0.000225738155,0.01134606339875452,0,0.011571801553754521,3.4093302492039017
0.1,3,2.0,0.07886779374,0.00090223919,0.01134606339875452,0,0.01224830258875452,6.439079469869608
0.1,3,3.0,0.118231064104,0.002027980722,0.01134606339875452,0,0.01337404412075452,8.84033752517109
0.1,3,4.0,0.157513422213,0.00360069392,0.01134606339875452,0,0.01494675731875452,10.538300639655079
0.1,3,5.0,0.196684908898,0.005617018111,0.01134606339875452,0,0.01696308150975452,11.59488084667267
0.1,3,6.0,0.235724521143,0.008073189265,0.01134606339875452,0,0.01941925266375452,12.138701999741373
0.1,3,7.0,0.27459599616,0.010963961374,0.01134606339875452,0,0.02231002477275452,12.308188760746807
0.1,3,8.0,0.313294521511,0.014293165849,0.01134606339875452,0,0.02563922924775452,12.21934241796439
0.1,3,9.0,0.351782858586,0.01804678776,0.01134606339875452,0,0.02939285115875452,11.968313542839928
0.1,3,10.0,0.390049217586,0.022221177611,0.01134606339875452,0,0.03356724100975452,11.619936755381625
0.1,3,11.0,0.428051367644,0.026804877634,0.01134606339875452,0,0.03815094103275452,11.219942576947084
0.1,3,12.0,0.46509688075,0.031694065272,0.01134606339875452,0,0.04304012867075452,10.806121986945412
0.1,3,13.0,0.498967962285,0.036545987689,0.01134606339875452,0,0.04789205108775452,10.418596634558856
0.1,3,14.0,0.529378053125,0.041248076662,0.01134606339875452,0,0.05259414006075452,10.06534287875959
0.1,3,15.0,0.556415852641,0.045759542466,0.01134606339875452,0,0.05710560586475452,9.743629267480006
0.1,3,16.0,0.579934361746,0.049992957129,0.01134606339875452,0,0.06133902052775452,9.454574865335399
0.1,3,17.0,0.600145742853,0.053930165341,0.01134606339875452,0,0.06527622873975453,9.193940189861172
0.1,3,18.0,0.617269334611,0.057520494289,0.01134606339875452,0,0.06886655768775453,8.963266864734832
0.1,3,19.0,0.631294425929,0.060722257137,0.01134606339875452,0,0.07206832053575453,8.75966612286743
0.1,3,20.0,0.642621223175,0.063543369214,0.01134606339875452,0,0.07488943261275452,8.580933260610047
0.2,3,-5.0,-0.197782310218,0.005677666956,0.010052955956268778,0,0.015730622912268778,-12.573075543228725
0.2,3,-4.0,-0.158358732937,0.003638156352,0.010052955956268778,0,0.013691112308268779,-11.566535236246574
0.2,3,-3.0,-0.118840778174,0.002048246734,0.010052955956268778,0,0.012101202690268778,-9.820575790335798
0.2,3,-2.0,-0.079257556772,0.000910875757,0.010052955956268778,0,0.010963831713268778,-7.229001579445987
0.2,3,-1.0,-0.039639009101,0.000227822725,0.010052955956268778,0,0.010280778681268778,-3.855642683294107
0.2,3,0.0,0.0,0.0,0.010052955956268778,0,0.010052955956268778,0.0
0.2,3,1.0,0.039630405845,0.000227729241,0.010052955956268778,0,0.010280685197268779,3.8548409064726954
0.2,3,2.0,0.079223926625,0.000910188074,0.010052955956268778,0,0.010963144030268778,7.226387467524469
0.2,3,3.0,0.11876435323,0.002045829372,0.010052955956268778,0,0.012098785328268778,9.816221216232957
0.2,3,4.0,0.158222186524,0.003632307803,0.010052955956268778,0,0.013685263759268778,11.561500699381043
0.2,3,5.0,0.197567274019,0.005666213384,0.010052955956268778,0,0.015719169340268777,12.568556883783904
0.2,3,6.0,0.236778390357,0.008143677355,0.010052955956268778,0,0.01819663331126878,13.012208704033636
0.2,3,7.0,0.275823643899,0.011059736745,0.010052955956268778,0,0.021112692701268778,13.064351752840329
0.2,3,8.0,0.31468129049,0.014414749388,0.010052955956268778,0,0.02446770534426878,12.861087137609728
0.2,3,9.0,0.353332579073,0.018198221135,0.010052955956268778,0,0.02825117709126878,12.506826810490661
0.2,3,10.0,0.391756097585,0.022404511334,0.010052955956268778,0,0.03245746729026878,12.069829542813842
0.2,3,11.0,0.429919692927,0.027029838601,0.010052955956268778,0,0.037082794557268775,11.5935084736684
0.2,3,12.0,0.467004393629,0.031940285055,0.010052955956268778,0,0.04199324101126878,11.120941903571591
0.2,3,13.0,0.500908431414,0.036815349144,0.010052955956268778,0,0.04686830510026878,10.68757298439468
0.2,3,14.0,0.531186146293,0.041509379616,0.010052955956268778,0,0.051562335572268775,10.301824779610685
0.2,3,15.0,0.55799966254,0.045999866939,0.010052955956268778,0,0.05605282289526878,9.954889579470203
0.2,3,16.0,0.581334762484,0.050211213254,0.010052955956268778,0,0.06026416921026878,9.64644116233735
0.2,3,17.0,0.601376690622,0.054119171389,0.010052955956268778,0,0.06417212734526878,9.371306757315063
0.2,3,18.0,0.618235593433,0.057669915642,0.010052955956268778,0,0.06772287159826877,9.12890400011928
0.2,3,19.0,0.632042001815,0.060825460509,0.010052955956268778,0,0.07087841646526878,8.917270353023586
0.2,3,20.0,0.643187523849,0.063610385686,0.010052955956268778,0,0.07366334164226877,8.73144646318804
0.3,3,-5.0,-0.199299825237,0.005761477214,0.009390089652146119,0,0.015151566866146118,-13.15374356973636
0.3,3,-4.0,-0.159577115502,0.003692708031,0.009390089652146119,0,0.01308279768314612,-12.197476362993429
0.3,3,-3.0,-0.119757142192,0.002079146123,0.009390089652146119,0,0.011469235775146119,-10.441597377526602
0.3,3,-2.0,-0.079870124495,0.00092463483,0.009390089652146119,0,0.010314724482146119,-7.74331147993804
0.3,3,-1.0,-0.03994535825,0.000231262173,0.009390089652146119,0,0.009621351825146118,-4.151740729987634
0.3,3,0.0,0.0,0.0,0.009390089652146119,0,0.009390089652146119,0.0
0.3,3,1.0,0.039936695834,0.000231165006,0.009390089652146119,0,0.009621254658146118,4.150882317638939
0.3,3,2.0,0.079836265619,0.000923918239,0.009390089652146119,0,0.010314007891146119,7.740566660564033
0.3,3,3.0,0.119680143245,0.002076635773,0.009390089652146119,0,0.011466725425146118,10.437168311586648
0.3,3,4.0,0.159439540081,0.003686891677,0.009390089652146119,0,0.01307698132914612,12.192381106000312
0.3,3,5.0,0.199083109523,0.005751176075,0.009390089652146119,0,0.015141265727146119,13.14837960779412
0.3,3,6.0,0.238588423754,0.008264416629,0.009390089652146119,0,0.01765450628114612,13.514307336297312
0.3,3,7.0,0.277924045983,0.011221336807,0.009390089652146119,0,0.02061142645914612,13.483979215794351
0.3,3,8.0,0.317083916816,0.014622443968,0.009390089652146119,0,0.024012533620146118,13.204933799654189
0.3,3,9.0,0.356091888328,0.018466130945,0.009390089652146119,0,0.027856220597146118,12.783208945598375
0.3,3,10.0,0.394818818229,0.02274097699,0.009390089652146119,0,0.03213106664214612,12.287759464266232
0.3,3,11.0,0.433332759837,0.027437785832,0.009390089652146119,0,0.03682787548414612,11.766433826017023
0.3,3,12.0,0.470484371672,0.032398202051,0.009390089652146119,0,0.041788291703146116,11.258760588114175
0.3,3,13.0,0.504112312252,0.03725761145,0.009390089652146119,0,0.04664770110214612,10.806798627613556
0.3,3,14.0,0.534171354584,0.041952969529,0.009390089652146119,0,0.05134305918114612,10.403964296310475
0.3,3,15.0,0.560696070587,0.046408729579,0.009390089652146119,0,0.05579881923114612,10.048529311423623
0.3,3,16.0,0.583724995029,0.050585928218,0.009390089652146119,0,0.05997601787014612,9.732640074451442
0.3,3,17.0,0.60337998315,0.054440121992,0.009390089652146119,0,0.06383021164414612,9.452890216216854
0.3,3,18.0,0.619878041741,0.057927838336,0.009390089652146119,0,0.06731792798814612,9.208216299380949
0.3,3,19.0,0.633285802021,0.061013365065,0.009390089652146119,0,0.07040345471714612,8.995095547019641
0.3,3,20.0,0.644088465642,0.063736908803,0.009390089652146119,0,0.07312699845514611,8.80780668219364
0.4,3,-5.0,-0.200333160835,0.005837993891,0.00895614329046927,0,0.014794137181469269,-13.54138861750801
0.4,3,-4.0,-0.160411654072,0.003741902003,0.00895614329046927,0,0.01269804529346927,-12.632783264247868
0.4,3,-3.0,-0.120393172885,0.002107232733,0.00895614329046927,0,0.01106337602346927,-10.882136938092332
0.4,3,-2.0,-0.080298521319,0.000937219837,0.00895614329046927,0,0.00989336312746927,-8.116402914196927
0.4,3,-1.0,-0.040160303803,0.000234418855,0.00895614329046927,0,0.00919056214546927,-4.3697331204923175
0.4,3,0.0,0.0,0.0,0.00895614329046927,0,0.00895614329046927,0.0
0.4,3,1.0,0.040152711822,0.000234325388,0.00895614329046927,0,0.00919046867846927,4.368951489499846
0.4,3,2.0,0.080265604241,0.000936821713,0.00895614329046927,0,0.00989296500346927,8.113402221968077
0.4,3,3.0,0.120307173584,0.002105593285,0.00895614329046927,0,0.01106173657546927,10.875975283193384
0.4,3,4.0,0.160243692935,0.003737410132,0.00895614329046927,0,0.01269355342246927,12.624021627493798
0.4,3,5.0,0.200048353454,0.005828031468,0.00895614329046927,0,0.01478417475846927,13.531249239285417
0.4,3,6.0,0.239718703954,0.008375038494,0.00895614329046927,0,0.01733118178446927,13.831642119686006
0.4,3,7.0,0.279196893449,0.011369153984,0.00895614329046927,0,0.02032529727446927,13.736423614315395
0.4,3,8.0,0.318466008797,0.014807934012,0.00895614329046927,0,0.02376407730246927,13.40115186226519
0.4,3,9.0,0.357497888501,0.018685439948,0.00895614329046927,0,0.02764158323846927,12.933336177482916
0.4,3,10.0,0.396261092559,0.022995757647,0.00895614329046927,0,0.031951900937469274,12.401800235125089
0.4,3,11.0,0.434781164573,0.027732747134,0.00895614329046927,0,0.03668889042446927,11.850485515992254
0.4,3,12.0,0.472453242326,0.032805916952,0.00895614329046927,0,0.04176206024246927,11.31297736708751
0.4,3,13.0,0.506744881079,0.037788715759,0.00895614329046927,0,0.046744859049469276,10.840654809606349
0.4,3,14.0,0.536718495185,0.042446807819,0.00895614329046927,0,0.05140295110946927,10.44139458145094
0.4,3,15.0,0.563074780158,0.046834043426,0.00895614329046927,0,0.055790186716469264,10.09272084030829
0.4,3,16.0,0.585854936896,0.050831395438,0.00895614329046927,0,0.05978753872846927,9.798947228062277
0.4,3,17.0,0.605717232857,0.054528870873,0.00895614329046927,0,0.06348501416346927,9.541105737132268
0.4,3,18.0,0.622303519765,0.057822353433,0.00895614329046927,0,0.06677849672346926,9.318920764897838
0.4,3,19.0,0.635684314547,0.060664939137,0.00895614329046927,0,0.06962108242746927,9.130629579183163
0.4,3,20.0,0.646518261197,0.063229176313,0.00895614329046927,0,0.07218531960346927,8.956367648553403
0.5,3,-5.0,-0.203316972157,0.006008876054,0.008638540621248135,0,0.014647416675248135,-13.88073929108429
0.5,3,-4.0,-0.162809472223,0.003850753643,0.008638540621248135,0,0.012489294264248135,-13.035922509173199
0.5,3,-3.0,-0.122192744522,0.002168142569,0.008638540621248135,0,0.010806683190248134,-11.307145992052934
0.5,3,-2.0,-0.081499480835,0.000964276906,0.008638540621248135,0,0.009602817527248135,-8.487038372201079
0.5,3,-1.0,-0.040761878181,0.00024118584,0.008638540621248135,0,0.008879726461248134,-4.590443000568568
0.5,3,0.0,0.0,0.0,0.008638540621248135,0,0.008638540621248135,0.0
0.5,3,1.0,0.04075409495,0.000241085269,0.008638540621248135,0,0.008879625890248134,4.589618465205538
0.5,3,2.0,0.081469140619,0.000963530276,0.008638540621248135,0,0.009602070897248134,8.48453854286249
0.5,3,3.0,0.12212337204,0.002165549173,0.008638540621248135,0,0.010804089794248135,11.303439194388762
0.5,3,4.0,0.162684917564,0.003844973943,0.008638540621248135,0,0.012483514564248135,13.031980435214743
0.5,3,5.0,0.203117219242,0.005997393156,0.008638540621248135,0,0.014635933777248134,13.877981571476496
0.5,3,6.0,0.24339471842,0.008617951056,0.008638540621248135,0,0.017256491677248135,14.104530803379019
0.5,3,7.0,0.283479684331,0.011700742472,0.008638540621248135,0,0.020339283093248135,13.937545538421876
0.5,3,8.0,0.323356054172,0.015238787622,0.008638540621248135,0,0.023877328243248133,13.542388448064175
0.5,3,9.0,0.362972113446,0.019221972129,0.008638540621248135,0,0.02786051275024813,13.028192147783328
0.5,3,10.0,0.402358706438,0.023658166709,0.008638540621248135,0,0.032296707330248135,12.458195887391987
0.5,3,11.0,0.441448219579,0.028529647486,0.008638540621248135,0,0.03716818810724813,11.877044377444744
0.5,3,12.0,0.479374792496,0.033693842799,0.008638540621248135,0,0.042332383420248136,11.324068095506966
0.5,3,13.0,0.513365608691,0.038680854724,0.008638540621248135,0,0.047319395345248136,10.848946926422482
0.5,3,14.0,0.543374330876,0.043386222507,0.008638540621248135,0,0.052024763128248136,10.444532530335758
0.5,3,15.0,0.569608122124,0.047769076807,0.008638540621248135,0,0.05640761742824814,10.098070936049647
0.5,3,16.0,0.592102976224,0.051767169599,0.008638540621248135,0,0.060405710220248134,9.802102716201915
0.5,3,17.0,0.610914044379,0.055277615747,0.008638540621248135,0,0.06391615636824813,9.558053535936432
0.5,3,18.0,0.626442050815,0.058300088771,0.008638540621248135,0,0.06693862939224814,9.358453504390777
0.5,3,19.0,0.638760085818,0.060841495816,0.008638540621248135,0,0.06948003643724814,9.193433374130498
0.5,3,20.0,0.648618883769,0.062987862448,0.008638540621248135,0,0.07162640306924814,9.055583639205192
0.6,3,-5.0,-0.207361664737,0.006238649014,0.008390559517755298,0,0.014629208531755297,-14.17449647305831
0.6,3,-4.0,-0.166056719265,0.00399848867,0.008390559517755298,0,0.012389048187755297,-13.403509030590582
0.6,3,-3.0,-0.124635099614,0.002251505899,0.008390559517755298,0,0.010642065416755298,-11.711551727333818
0.6,3,-2.0,-0.083130699128,0.001001380429,0.008390559517755298,0,0.009391939946755298,-8.851280949333558
0.6,3,-1.0,-0.04157885679,0.00025047126,0.008390559517755298,0,0.008641030777755297,-4.8117936227049345
0.6,3,0.0,0.0,0.0,0.008390559517755298,0,0.008390559517755298,0.0
0.6,3,1.0,0.04157082435,0.000250361112,0.008390559517755298,0,0.008640920629755298,4.810925378350252
0.6,3,2.0,0.083099312635,0.001000544653,0.008390559517755298,0,0.009391104170755298,8.848726531410266
0.6,3,3.0,0.124563566435,0.002248597867,0.008390559517755298,0,0.010639157384755297,11.708029304415163
0.6,3,4.0,0.165928668652,0.003991590618,0.008390559517755298,0,0.012382150135755297,13.40063452896249
0.6,3,5.0,0.207160831261,0.006225355689,0.008390559517755298,0,0.014615915206755297,14.173647584193208
0.6,3,6.0,0.24823303738,0.008945327978,0.008390559517755298,0,0.0173358874957553,14.319026784223189
0.6,3,7.0,0.28910599604,0.012144368544,0.008390559517755298,0,0.020534928061755296,14.078744038964391
0.6,3,8.0,0.329749544979,0.015815257201,0.008390559517755298,0,0.024205816718755296,13.622739889767962
0.6,3,9.0,0.370131633196,0.01994902556,0.008390559517755298,0,0.028339585077755296,13.060587590836992
0.6,3,10.0,0.410232695864,0.024538506669,0.008390559517755298,0,0.0329290661867553,12.458072559282094
0.6,3,11.0,0.450032191088,0.029580871787,0.008390559517755298,0,0.0379714313047553,11.851862719529377
0.6,3,12.0,0.487920790161,0.034808813901,0.008390559517755298,0,0.043199373418755294,11.294626554679748
0.6,3,13.0,0.521541035749,0.039787882647,0.008390559517755298,0,0.048178442164755295,10.825195093803403
0.6,3,14.0,0.551010142677,0.044430902281,0.008390559517755298,0,0.0528214617987553,10.431558005272473
0.6,3,15.0,0.576466085381,0.048685038301,0.008390559517755298,0,0.0570755978187553,10.100044632236346
0.6,3,16.0,0.598113681275,0.052502460727,0.008390559517755298,0,0.0608930202447553,9.822368456531196
0.6,3,17.0,0.616068706464,0.05582958458,0.008390559517755298,0,0.0642201440977553,9.593075741565233
0.6,3,18.0,0.630480891254,0.058600170583,0.008390559517755298,0,0.0669907301007553,9.411464695275674
0.6,3,19.0,0.641832756567,0.060876641276,0.008390559517755298,0,0.0692672007937553,9.266041491673267
0.6,3,20.0,0.650743555886,0.062735635713,0.008390559517755298,0,0.0711261952307553,9.149140534999619
0.7,3,-5.0,-0.212647965113,0.006544860552,0.008188557033112706,0.0,0.014733417585112707,-14.433037269497394
0.7,3,-4.0,-0.170300308198,0.004195081859,0.008188557033112706,0.0,0.012383638892112706,-13.75204087277338
0.7,3,-3.0,-0.127827138469,0.002362373929,0.008188557033112706,0.0,0.010550930962112706,-12.115247358551956
0.7,3,-2.0,-0.085262869074,0.001050721144,0.008188557033112706,0.0,0.009239278177112707,-9.228304142331261
0.7,3,-1.0,-0.042646332699,0.000262819143,0.008188557033112706,0.0,0.008451376176112706,-5.046081467718504
0.7,3,0.0,0.0,0.0,0.008188557033112706,0.0,0.008188557033112706,0.0
0.7,3,1.0,0.042637914085,0.000262695881,0.008188557033112706,0.0,0.008451252914112707,5.045158927121817
0.7,3,2.0,0.08522990917,0.001049776484,0.008188557033112706,0.0,0.009238333517112706,9.225680044146886
0.7,3,3.0,0.127751416603,0.002359044187,0.008188557033112706,0.0,0.010547601220112706,12.111892925890775
0.7,3,4.0,0.170167187013,0.004187363473,0.008188557033112706,0.0,0.012375920506112706,13.749861024798207
0.7,3,5.0,0.212438495481,0.006529749799,0.008188557033112706,0.0,0.014718306832112706,14.433623235622273
0.7,3,6.0,0.25453479095,0.009380767457,0.008188557033112706,1.607760187327465e-09,0.017569326097872894,14.487453276925422
0.7,3,7.0,0.296418645691,0.012733025303,0.008188557033112706,5.3327590184374066e-08,0.020921635663702892,14.168043572485063
0.7,3,8.0,0.338056588282,0.016578776487,0.008188557033112706,3.322382617751151e-07,0.02476766575837448,13.649109753820698
0.7,3,9.0,0.379416756047,0.020907995071,0.008188557033112706,1.1520237653916823e-06,0.0290977041278781,13.039405252714978
0.7,3,10.0,0.420470544112,0.025711560085,0.008188557033112706,2.951888313866397e-06,0.033903069006426576,12.40213810827264
0.7,3,11.0,0.461084457169,0.030964056308,0.008188557033112706,6.272717265494012e-06,0.0391588860583782,11.77470821007558
0.7,3,12.0,0.498622206009,0.036210387424,0.008188557033112706,1.1308442811339809e-05,0.04441025289992404,11.227637165962927
0.7,3,13.0,0.531653010516,0.041130942147,0.008188557033112706,1.782883713793068e-05,0.04933732801725064,10.775877654544024
0.7,3,14.0,0.560381809245,0.045653972178,0.008188557033112706,2.5497946045997465e-05,0.0538680271571587,10.402864905560756
0.7,3,15.0,0.58491401988,0.049717899598,0.008188557033112706,3.38069698960903e-05,0.0579402636010088,10.095121829404588
0.7,3,16.0,0.605327853455,0.053240766667,0.008188557033112706,4.214479262594511e-05,0.06147146849273865,9.847297751256823
0.7,3,17.0,0.62197637823,0.056219442207,0.008188557033112706,5.001453754446754e-05,0.06445801377765717,9.649325844501792
0.7,3,18.0,0.635005531972,0.058596364649,0.008188557033112706,5.690401218402887e-05,0.06684182569429672,9.500122496297731
0.7,3,19.0,0.645165401825,0.060479055146,0.008188557033112706,6.275172998890286e-05,0.06873036390910162,9.386905075582817
0.7,3,20.0,0.652721815848,0.061866596013,0.008188557033112706,6.738481150371903e-05,0.07012253785761642,9.308302805202937
0.8,3,-5.0,-0.220090337162,0.006984324546,0.008019003906617275,0.00018970001169710488,0.015193028464314378,-14.486271626420738
0.8,3,-4.0,-0.176267476393,0.004476627548,0.008019003906617275,0.00025715529380777337,0.012752786748425048,-13.821879081822551
0.8,3,-3.0,-0.132317935578,0.002521076094,0.008019003906617275,0.0003414468693804355,0.01088152686999771,-12.159868477908546
0.8,3,-2.0,-0.088263113377,0.001121366307,0.008019003906617275,0.00044520997581575146,0.009585580189433026,-9.207905169297911
0.8,3,-1.0,-0.044145469924,0.000280469622,0.008019003906617275,0.0005711949658355135,0.008870668494452788,-4.97656630406221
0.8,3,0.0,0.0,0.0,0.008019003906617275,0.0007223008655231746,0.008741304772140449,0.0
0.8,3,1.0,0.044136997656,0.00028033733,0.008019003906617275,0.0009015353139198043,0.009200876550537078,4.797042696266109
0.8,3,2.0,0.088228922749,0.001120318985,0.008019003906617275,0.001111990533187785,0.01025131342480506,8.606596939618766
0.8,3,3.0,0.132239637802,0.00251747082,0.008019003906617275,0.0013568186262445173,0.011893293352861791,11.118841003798178
0.8,3,4.0,0.176126529438,0.004467850852,0.008019003906617275,0.001639154958864427,0.014126009717481703,12.468243542267558
0.8,3,5.0,0.219850971581,0.006965991516,0.008019003906617275,0.0019621355924523184,0.016947131015069596,12.97275458515697
0.8,3,6.0,0.263373367887,0.010005490455,0.008019003906617275,0.0023288337327542767,0.02035332809437155,12.940063986873602
0.8,3,7.0,0.30665751489,0.013577105146,0.008019003906617275,0.0027422590996197763,0.02433836815223705,12.599756605366894
0.8,3,8.0,0.349669158828,0.017672296985,0.008019003906617275,0.003205321160480007,0.02889662205209728,12.100693229734146
0.8,3,9.0,0.392368648296,0.022279640039,0.008019003906617275,0.00372070872589675,0.03401935267151403,11.533689429209755
0.8,3,10.0,0.434722331133,0.027387280542,0.008019003906617275,0.004290973954378005,0.03969725840299528,10.950940911833822
0.8,3,11.0,0.476023484126,0.032867652544,0.008019003906617275,0.0049078659897224194,0.04579452244033969,10.39476904134452
0.8,3,12.0,0.512986422618,0.038094744461,0.008019003906617275,0.00551430665067244,0.05162805501828972,9.936195009404669
0.8,3,13.0,0.545105634329,0.042860562854,0.008019003906617275,0.006085451493361996,0.056965018253979274,9.569129459392771
0.8,3,14.0,0.572584429777,0.047100035556,0.008019003906617275,0.0066083350699969795,0.06172737453261425,9.276021118871165
0.8,3,15.0,0.595644685419,0.050766009607,0.008019003906617275,0.007072546111170908,0.06585755962478818,9.044439071422937
0.8,3,16.0,0.614429209879,0.053798730075,0.008019003906617275,0.007468413567266785,0.06928614754888406,8.867994997780709
0.8,3,17.0,0.629122381395,0.056142415283,0.008019003906617275,0.007789461025333612,0.07195088021495089,8.743776024914741
0.8,3,18.0,0.640390338533,0.057876949599,0.008019003906617275,0.008042594217447036,0.07393854772306431,8.661115997727899
0.8,3,19.0,0.648713666226,0.059045414105,0.008019003906617275,0.008233501202339653,0.07529791921395693,8.615293397188019
0.8,3,20.0,0.65468931579,0.059701236265,0.008019003906617275,0.008372642248832645,0.07609288242044993,8.603818057154482
0.9,3,-5.0,-0.230568907664,0.007623345202,0.007873475784261027,0.011380161594650889,0.026876982580911916,-8.578675339386889
0.9,3,-4.0,-0.184697985855,0.004887930642,0.007873475784261027,0.012794683779909532,0.025556090206170556,-7.227161289734546
0.9,3,-3.0,-0.138660502076,0.002753062338,0.007873475784261027,0.014342989091146806,0.02496952721340783,-5.553188928685193
0.9,3,-2.0,-0.092502437535,0.001224698379,0.007873475784261027,0.01603233783861347,0.025130512001874498,-3.680881532700177
0.9,3,-1.0,-0.046268050624,0.000306316812,0.007873475784261027,0.01786985652636953,0.02604964912263056,-1.776148707653984
0.9,3,0.0,0.0,0.0,0.007873475784261027,0.01986248579476402,0.027735961579025047,0.0
0.9,3,1.0,0.04625918481,0.000306164408,0.007873475784261027,0.02201686154967252,0.03019650174193355,1.5319385406078472
0.9,3,2.0,0.09246687628,0.001223479994,0.007873475784261027,0.02433922888343086,0.03343618466169189,2.765473310294881
0.9,3,3.0,0.138580218754,0.002748983342,0.007873475784261027,0.026835353808478464,0.03745781293473949,3.6996345460809485
0.9,3,4.0,0.184553044047,0.004877935278,0.007873475784261027,0.029510251368979078,0.042261662431240105,4.366913969540799
0.9,3,5.0,0.230344580717,0.00760415567,0.007873475784261027,0.03236859346283785,0.047846224917098876,4.814268651625249
0.9,3,6.0,0.275907952057,0.010919144887,0.007873475784261027,0.035413945673276034,0.05420656634453706,5.089935973869447
0.9,3,7.0,0.321205476547,0.014817254145,0.007873475784261027,0.03864967302722379,0.06134040295648482,5.236442231637518
0.9,3,8.0,0.366187244149,0.019282187399,0.007873475784261027,0.04207738794644482,0.06923305112970585,5.2891969684097875
0.9,3,9.0,0.410817974918,0.024302625645,0.007873475784261027,0.04569881716614627,0.0778749185954073,5.275356717255408
0.9,3,10.0,0.455019508022,0.029856968779,0.007873475784261027,0.049510979474714625,0.08724142403797566,5.21563595550587
0.9,3,11.0,0.496711629688,0.035535339991,0.007873475784261027,0.053320707502969356,0.0967295232782304,5.135057145472236
0.9,3,12.0,0.533183984943,0.040699917768,0.007873475784261027,0.056830111452081465,0.1054035050043425,5.058503366857046
0.9,3,13.0,0.564367608104,0.045169766823,0.007873475784261027,0.05996558721549461,0.11300882982275565,4.994013379212586
0.9,3,14.0,0.590447407361,0.048854404626,0.007873475784261027,0.06268601780905599,0.11941389821931701,4.944545117156942
0.9,3,15.0,0.611596849201,0.051658658664,0.007873475784261027,0.06495926985416395,0.12449140430242497,4.912763677364082
0.9,3,16.0,0.62803183561,0.053523129529,0.007873475784261027,0.06676804061898389,0.1281646459322449,4.900195611994381
0.9,3,17.0,0.64039080522,0.054493428983,0.007873475784261027,0.06815290425300603,0.13051980902026705,4.90646446717188
0.9,3,18.0,0.649249162548,0.054609941554,0.007873475784261027,0.06915868593271284,0.13164210327097386,4.931926385372139
0.9,3,19.0,0.655154680591,0.053943437508,0.007873475784261027,0.06983535779393689,0.13165227108619793,4.976402421208856
0.9,3,20.0,0.658681978698,0.05256876488,0.007873475784261027,0.07024188749912842,0.13068412816338945,5.040259960830705
0.95,3,-5.0,-0.238070272191,0.008089310131,0.007807901602521733,0.03443205121311427,0.050329262946636,-4.730255486622671
0.95,3,-4.0,-0.19071903425,0.005187131673,0.007807901602521733,0.03774966717054388,0.05074470044606561,-3.758402997229379
0.95,3,-3.0,-0.143189270557,0.002921946217,0.007807901602521733,0.04131529116033949,0.052045138979861225,-2.751251574376751
0.95,3,-2.0,-0.095527737459,0.001299878174,0.007807901602521733,0.045138657453725986,0.05424643723024772,-1.7609956033339993
0.95,3,-1.0,-0.047782507106,0.000325117289,0.007807901602521733,0.04922884726045337,0.05736186615197511,-0.8330012656736889
0.95,3,0.0,0.0,0.0,0.007807901602521733,0.05359442107276271,0.06140232267528444,0.0
0.95,3,1.0,0.047772769692,0.000324949859,0.007807901602521733,0.05824312746672885,0.06637597892825058,0.719729794774706
0.95,3,2.0,0.095487817376,0.00129847075,0.007807901602521733,0.06318172947248361,0.07228810182500535,1.3209340813396429
0.95,3,3.0,0.14309991177,0.002917250696,0.007807901602521733,0.0684162762397831,0.07914142853830483,1.808154267783263
0.95,3,4.0,0.1905612335,0.005176057928,0.007807901602521733,0.07395143377145763,0.08693539330197936,2.191986787683415
0.95,3,5.0,0.237824521724,0.008067778515,0.007807901602521733,0.07979067835900944,0.09566635847653117,2.4859786189347117
0.95,3,6.0,0.284843588721,0.011583429347,0.007807901602521733,0.08593626522082853,0.10532759617035026,2.7043585829141286
0.95,3,7.0,0.331573756937,0.015711784587,0.007807901602521733,0.092389213011115,0.11590889920063673,2.8606410657308574
0.95,3,8.0,0.37796672833,0.020441979884,0.007807901602521733,0.09914848211511472,0.12739836360163645,2.96680991532881
0.95,3,9.0,0.42394447565,0.025753479703,0.007807901602521733,0.1062066136237985,0.13976799492932024,3.033201383939048
0.95,3,10.0,0.469348664293,0.031605342091,0.007807901602521733,0.11354004103105679,0.15295328472457853,3.068575252490664
0.95,3,11.0,0.511640613774,0.037417099516,0.007807901602521733,0.12070640290637671,0.16593140402489845,3.083446540940659
0.95,3,12.0,0.548141264556,0.042452084237,0.007807901602521733,0.12715958809330466,0.1774195739328264,3.0895196759041603
0.95,3,13.0,0.57865072791,0.046497684408,0.007807901602521733,0.13274919888092127,0.187054784891443,3.0934826299461906
0.95,3,14.0,0.603821853487,0.049523900216,0.007807901602521733,0.13749783872534171,0.19482964054386345,3.0992299313463914
0.95,3,15.0,0.623602401574,0.051365059933,0.007807901602521733,0.1413180186074252,0.20049098014294695,3.110376342763057
0.95,3,16.0,0.63871733809,0.052092154094,0.007807901602521733,0.144290365390829,0.20419042108735075,3.1280475092255315
0.95,3,17.0,0.649992963184,0.051630118557,0.007807901602521733,0.14653806267204775,0.20597608283156948,3.1556720287544815
0.95,3,18.0,0.657975920998,0.050033661631,0.007807901602521733,0.14814519943521456,0.2059867626687363,3.1942631287241663
0.95,3,19.0,0.663080062119,0.047316548001,0.007807901602521733,0.14917967486943542,0.20430412447295715,3.2455539692580655
0.95,3,20.0,0.665594223958,0.04354573789,0.007807901602521733,0.14969121639162786,0.20104485588414958,3.3106752273310747
1.05,3,-5.0,-0.268541459588,0.023494340593,0.007688508205616989,0.16340183671739694,0.19458468551601393,-1.3800749985840977
1.05,3,-4.0,-0.21535206489,0.015058883343,0.007688508205616989,0.17528499828322555,0.19803238983184254,-1.087458799405816
1.05,3,-3.0,-0.161985621868,0.008489306718,0.007688508205616989,0.18784757221653056,0.20402538714014756,-0.7939483617140747
1.05,3,-2.0,-0.108228466911,0.003779421345,0.007688508205616989,0.20117294481908907,0.21264087436970605,-0.5089730148627474
1.05,3,-1.0,-0.05419490686,0.000945975618,0.007688508205616989,0.21526893902071248,0.22390342284432946,-0.2420459060944299
1.05,3,0.0,0.0,0.0,0.007688508205616989,0.23013842015527738,0.23782692836089436,0.0
1.05,3,1.0,0.054240749246,0.0009467758,0.007688508205616989,0.24577878245938473,0.2544140664650017,0.21319870398542448
1.05,3,2.0,0.10841169684,0.003785819876,0.007688508205616989,0.262181463846498,0.27365579192811496,0.396160797753106
1.05,3,3.0,0.162397366041,0.008510885316,0.007688508205616989,0.27933149960306536,0.29553089312468234,0.5495106258569243
1.05,3,4.0,0.216082753865,0.015109978094,0.007688508205616989,0.2972071257893443,0.3200056120889613,0.6752467635002888
1.05,3,5.0,0.269353636262,0.023565389652,0.007688508205616989,0.3157794430336394,0.3470333408912564,0.776160686953714
1.05,3,6.0,0.322096871162,0.033853745325,0.007688508205616989,0.3350121510541014,0.3765544045847184,0.855379374773808
1.05,3,7.0,0.374200698581,0.045946068465,0.007688508205616989,0.3548613636460236,0.4084959403166406,0.9160450855177238
1.05,3,8.0,0.425206528195,0.059758880393,0.007688508205616989,0.37513407610222976,0.44258146470084675,0.9607418342347641
1.05,3,9.0,0.471121951744,0.074618386652,0.007688508205616989,0.3941153942073494,0.4764222890649664,0.9888747074966435
1.05,3,10.0,0.508614215723,0.089682409004,0.007688508205616989,0.410141397086474,0.507512314296091,1.002171181655833
1.05,3,11.0,0.535763413147,0.104141857872,0.007688508205616989,0.4220477654464915,0.5338781315241085,1.0035312958362042
1.05,3,12.0,0.551660821314,0.117259127387,0.007688508205616989,0.4291388644986739,0.5540865000912909,0.9956222019903187
1.05,3,13.0,0.556507040924,0.128479773887,0.007688508205616989,0.4313182025974204,0.5674864846900374,0.9806525017559945
1.05,3,14.0,0.55167372064,0.137547706988,0.007688508205616989,0.4291446543221651,0.574380869515782,0.9604667389167665
1.05,3,15.0,0.540296422203,0.144771990003,0.007688508205616989,0.42406070533895657,0.5765212035475735,0.9371666104877541
1.05,3,16.0,0.526404668253,0.150944109663,0.007688508205616989,0.4179145752010404,0.5765471930696574,0.913029626335204
1.05,3,17.0,0.512379608433,0.156650166852,0.007688508205616989,0.4117774857867025,0.5761161608443195,0.8893685740078681
1.05,3,18.0,0.49680334985,0.161421193521,0.007688508205616989,0.4050411128000458,0.5741508145266627,0.865283715149949
1.05,3,19.0,0.479159421185,0.164987819882,0.007688508205616989,0.3975107313275634,0.5701870594151804,0.8403547805459771
1.05,3,20.0,0.461292775716,0.167896839642,0.007688508205616989,0.3899927894310914,0.5655781372787083,0.8156128133515209
1.1,3,-5.0,-0.250910260673,0.021951803204,0.007633876592245516,0.3084818479145606,0.33806752771080617,-0.7421897701089963
1.1,3,-4.0,-0.201459298025,0.01408740634,0.007633876592245516,0.32617812556533843,0.34789940849758394,-0.5790734134760654
1.1,3,-3.0,-0.151535243112,0.007941625514,0.007633876592245516,0.3448052431726205,0.36038074527886604,-0.420486513492114
1.1,3,-2.0,-0.101245914389,0.003535584481,0.007633876592245516,0.3643639977332167,0.3755334588064622,-0.26960557578753286
1.1,3,-1.0,-0.050698298719,0.000884941907,0.007633876592245516,0.38485009847645724,0.39336891697570275,-0.12888232021171994
1.1,3,0.0,0.0,0.0,0.007633876592245516,0.4062530611196975,0.413886937711943,0.0
1.1,3,1.0,0.050740929492,0.000885686029,0.007633876592245516,0.4285556902686274,0.4370752528898729,0.11609197536696243
1.1,3,2.0,0.101416307649,0.003541534745,0.007633876592245516,0.45173366207479093,0.46290907341203646,0.21908472629727244
1.1,3,3.0,0.151918142215,0.007961692406,0.007633876592245516,0.47575516366598575,0.49135073266423124,0.3091847271525584
1.1,3,4.0,0.202138797995,0.014134921607,0.007633876592245516,0.5005805227737705,0.522349320973016,0.38698011058665144
1.1,3,5.0,0.251971445212,0.02204464482,0.007633876592245516,0.5261620442344949,0.5558405656467403,0.45331604201795206
1.1,3,6.0,0.301310245311,0.031668982669,0.007633876592245516,0.5524438056908196,0.5917466649520652,0.5091879061716517
1.1,3,7.0,0.350050653396,0.042980815442,0.007633876592245516,0.5793615994129517,0.6299762914471972,0.5556568685971577
1.1,3,8.0,0.398062282395,0.055944005001,0.007633876592245516,0.6068270061042713,0.6704048876975168,0.5937639920289538
1.1,3,9.0,0.442721703143,0.070120229172,0.007633876592245516,0.6332407067295674,0.710994812493813,0.622679231076461
1.1,3,10.0,0.48082878102,0.084783087195,0.007633876592245516,0.6564528364439021,0.7488698002311476,0.6420726017681397
1.1,3,11.0,0.510566496914,0.099244073505,0.007633876592245516,0.6750056641900809,0.7818836142873264,0.65299551951779
1.1,3,12.0,0.530968511642,0.11286084119,0.007633876592245516,0.6879596465804343,0.8084543643626798,0.6567699242499269
1.1,3,13.0,0.541861578798,0.125098602538,0.007633876592245516,0.6949519261809688,0.8276844053112143,0.6546717267123775
1.1,3,14.0,0.543918083932,0.135614009577,0.007633876592245516,0.6962779585052683,0.8395258446745139,0.6478872418071636
1.1,3,15.0,0.538751475096,0.144358022673,0.007633876592245516,0.6929501338853399,0.8449420331505854,0.6376194507534741
1.1,3,16.0,0.529307122273,0.151776374961,0.007633876592245516,0.6868978535717197,0.8463081051249652,0.6254307610522564
1.1,3,17.0,0.518898169602,0.158643091,0.007633876592245516,0.6802734432077442,0.8465504107999897,0.6129560188998567
1.1,3,18.0,0.506561905338,0.164591940405,0.007633876592245516,0.6724846379927198,0.8447104549899653,0.5996870316279177
1.1,3,19.0,0.492907140082,0.169721539118,0.007633876592245516,0.6639415610574342,0.8412969767676797,0.5858895891624177
1.1,3,20.0,0.477088557285,0.173646033961,0.007633876592245516,0.6541467529144923,0.8354266634677379,0.5710717387265004
1.2,3,-5.0,-0.238516157863,0.020867460085,0.007533133967636153,0.8470718162782562,0.8754724103308924,-0.27244280350633865
1.2,3,-4.0,-0.19151559244,0.013392074947,0.007533133967636153,0.8827530182726604,0.9036782271872965,-0.2119289661720559
1.2,3,-3.0,-0.144062556281,0.007549998726,0.007533133967636153,0.9199095085364093,0.9349926412300454,-0.15407881295351808
1.2,3,-2.0,-0.096257738469,0.00336139433,0.007533133967636153,0.9585152692177736,0.9694097975154098,-0.09929519870307467
1.2,3,-1.0,-0.04820277917,0.000841382648,0.007533133967636153,0.9985350963302191,1.0069096129458552,-0.04787200216410291
1.2,3,0.0,0.0,0.0,0.007533133967636153,1.0399240687946223,1.0474572027622584,0.0
1.2,3,1.0,0.04824786748,0.000842169668,0.007533133967636153,1.0826270811611751,1.0910023847968113,0.044223429895605314
1.2,3,2.0,0.096437954388,0.003367687608,0.007533133967636153,1.1265784513893657,1.1374792729650018,0.08478216410627046
1.2,3,3.0,0.144467527537,0.00757122237,0.007533133967636153,1.1717016148165869,1.186805971154223,0.12172800866218995
1.2,3,4.0,0.192234262068,0.013442329223,0.007533133967636153,1.2179089148982065,1.2388843780888428,0.1551672338984119
1.2,3,5.0,0.239636512994,0.020965478458,0.007533133967636153,1.2651015006191924,1.2936001130448285,0.1852477520506336
1.2,3,6.0,0.286573615197,0.030120101795,0.007533133967636153,1.3131693709082954,1.3508226066709317,0.2121474824168463
1.2,3,7.0,0.332946034105,0.04088063413,0.007533133967636153,1.3619913908778263,1.4104051589754625,0.23606410681797033
1.2,3,8.0,0.378641546568,0.053214601007,0.007533133967636153,1.4114201071712016,1.4721678421458377,0.2571999847626685
1.2,3,9.0,0.421253087404,0.066719934484,0.007533133967636153,1.4587138065712448,1.5329668750228809,0.2747959491281979
1.2,3,10.0,0.458053554139,0.080767200204,0.007533133967636153,1.50050574288043,1.5888060770520662,0.28830047968402206
1.2,3,11.0,0.48753128614,0.094766482114,0.007533133967636153,1.534624268890847,1.636923884972483,0.2978338153751086
1.2,3,12.0,0.508799041593,0.108148574862,0.007533133967636153,1.5595992087952883,1.6752809176249246,0.3037096860831755
1.2,3,13.0,0.521708954887,0.120446002709,0.007533133967636153,1.5749073752143987,1.7028865118910348,0.3063674245135975
1.2,3,14.0,0.527071619541,0.131413714255,0.007533133967636153,1.581299268976948,1.7202461171995842,0.30639314588253697
1.2,3,15.0,0.526261411384,0.141011320188,0.007533133967636153,1.580332316179607,1.7288767703352432,0.30439498084178296
1.2,3,16.0,0.521378361216,0.149502839313,0.007533133967636153,1.5745139675344346,1.7315499408150707,0.30110500940595347
1.2,3,17.0,0.515484259205,0.157599353848,0.007533133967636153,1.5675123277563487,1.732644815571985,0.2975129435485755
1.2,3,18.0,0.507220718529,0.164806001787,0.007533133967636153,1.5577353686701614,1.7300745044247976,0.29317854071124927
1.2,3,19.0,0.496683291704,0.171021772393,0.007533133967636153,1.5453345046229976,1.7238894109836338,0.288117838963114
1.2,3,20.0,0.484954371923,0.176508956357,0.007533133967636153,1.5316186769510376,1.7156607672756738,0.28266332201153443
0.1,4,-5.0,-0.196842528714,0.005624459371,0.011059437660533921,0,0.01668389703153392,-11.79835432584795
0.1,4,-4.0,-0.157603959932,0.003603899003,0.011059437660533921,0,0.014663336663533921,-10.748164865091274
0.1,4,-3.0,-0.11827277258,0.002028961113,0.011059437660533921,0,0.013088398773533922,-9.03645851768817
0.1,4,-2.0,-0.078877810133,0.000902282772,0.011059437660533921,0,0.01196172043253392,-6.594186060264816
0.1,4,-1.0,-0.039446682226,0.000225670475,0.011059437660533921,0,0.011285108135533921,-3.495463379902624
0.1,4,0.0,0.0,0.0,0.011059437660533921,0,0.011059437660533921,0.0
0.1,4,1.0,0.039438153782,0.000225579294,0.011059437660533921,0,0.01128501695453392,3.494735891039592
0.1,4,2.0,0.078844330217,0.000901621495,0.011059437660533921,0,0.01196105915553392,6.591751549069279
0.1,4,3.0,0.118196313702,0.002026608339,0.011059437660533921,0,0.013086045999533922,9.032240426650628
0.1,4,4.0,0.15746693791,0.003598241278,0.011059437660533921,0,0.014657678938533921,10.742965415624667
0.1,4,5.0,0.196629215555,0.005614857665,0.011059437660533921,0,0.01667429532553392,11.792355341931296
0.1,4,6.0,0.23566052541,0.008075155817,0.011059437660533921,0,0.01913459347753392,12.315941056531507
0.1,4,7.0,0.274513268975,0.010972956067,0.011059437660533921,0,0.02203239372753392,12.45952992533627
0.1,4,8.0,0.313180216437,0.014298664238,0.011059437660533921,0,0.025358101898533922,12.350301993821805
0.1,4,9.0,0.351635453062,0.018055052026,0.011059437660533921,0,0.02911448968653392,12.077678738248295
0.1,4,10.0,0.389902017033,0.02222576236,0.011059437660533921,0,0.03328520002053392,11.71397548437342
0.1,4,11.0,0.427847017128,0.02680504974,0.011059437660533921,0,0.03786448740053392,11.299427154584087
0.1,4,12.0,0.464926362669,0.031699619541,0.011059437660533921,0,0.04275905720153392,10.873166835220152
0.1,4,13.0,0.498812041003,0.036556688418,0.011059437660533921,0,0.047616126078533924,10.47569556961233
0.1,4,14.0,0.52923963328,0.041258212907,0.011059437660533921,0,0.052317650567533916,10.115890670526849
0.1,4,15.0,0.556220048695,0.045754404329,0.011059437660533921,0,0.05681384198953392,9.790220643720332
0.1,4,16.0,0.579754196722,0.049983776549,0.011059437660533921,0,0.061043214209533916,9.497438891929322
0.1,4,17.0,0.600087445326,0.053942771055,0.011059437660533921,0,0.06500220871553392,9.231800844677975
0.1,4,18.0,0.617203605042,0.057528847206,0.011059437660533921,0,0.06858828486653393,8.998673844126845
0.1,4,19.0,0.631200222245,0.060588424184,0.011059437660533921,0,0.07164786184453392,8.809756578844159
0.1,4,20.0,0.642538525133,0.063390261019,0.011059437660533921,0,0.07444969867953392,8.63050538187917
0.2,4,-5.0,-0.197725767907,0.005673960763,0.009810556881728761,0,0.01548451764472876,-12.769255875032686
0.2,4,-4.0,-0.158313755427,0.003635702017,0.009810556881728761,0,0.01344625889872876,-11.7738143091955
0.2,4,-3.0,-0.118806565861,0.002046885466,0.009810556881728761,0,0.011857442347728762,-10.01957777882486
0.2,4,-2.0,-0.079234324387,0.000910251333,0.009810556881728761,0,0.010720808214728761,-7.390704394669059
0.2,4,-1.0,-0.039625133331,0.000227664036,0.009810556881728761,0,0.010038220917728762,-3.9474259090091377
0.2,4,0.0,0.0,0.0,0.009810556881728761,0,0.009810556881728761,0.0
0.2,4,1.0,0.039616644099,0.000227571446,0.009810556881728761,0,0.010038128327728761,3.9466166207065925
0.2,4,2.0,0.079200688095,0.000909576581,0.009810556881728761,0,0.010720133462728761,7.388031909337799
0.2,4,3.0,0.11872972202,0.00204447394,0.009810556881728761,0,0.01185503082172876,10.015133980283169
0.2,4,4.0,0.15817623154,0.003629911243,0.009810556881728761,0,0.01344046812472876,11.768654936130963
0.2,4,5.0,0.197510181398,0.005662563853,0.009810556881728761,0,0.01547312073472876,12.76472825256878
0.2,4,6.0,0.236713163852,0.008143534933,0.009810556881728761,0,0.017954091814728762,13.184357431981647
0.2,4,7.0,0.275731144057,0.011064812716,0.009810556881728761,0,0.02087536959772876,13.208443700417144
0.2,4,8.0,0.314579705615,0.014421644399,0.009810556881728761,0,0.02423220128072876,12.981887281745923
0.2,4,9.0,0.353205731683,0.01820586016,0.009810556881728761,0,0.02801641704172876,12.607098586408155
0.2,4,10.0,0.391610229029,0.022415138659,0.009810556881728761,0,0.032225695540728766,12.15211099273434
0.2,4,11.0,0.429706262452,0.027029364275,0.009810556881728761,0,0.03683992115672876,11.664147179465795
0.2,4,12.0,0.46681379977,0.031946918332,0.009810556881728761,0,0.04175747521372876,11.179167260010104
0.2,4,13.0,0.500624167585,0.036808868362,0.009810556881728761,0,0.046619425243728765,10.7385315234521
0.2,4,14.0,0.530933013809,0.04150507079,0.009810556881728761,0,0.05131562767172876,10.346419558685554
0.2,4,15.0,0.557624411061,0.04596698266,0.009810556881728761,0,0.05577753954172876,9.997293097588598
0.2,4,16.0,0.581160762232,0.050203300009,0.009810556881728761,0,0.06001385689072876,9.68377625337692
0.2,4,17.0,0.601276924126,0.054122416789,0.009810556881728761,0,0.06393297367072875,9.404801460084286
0.2,4,18.0,0.618204380787,0.057678550532,0.009810556881728761,0,0.06748910741372877,9.160061593305999
0.2,4,19.0,0.632030257614,0.060831460327,0.009810556881728761,0,0.07064201720872876,8.946945211750045
0.2,4,20.0,0.64313457258,0.063444523897,0.009810556881728761,0,0.07325508077872876,8.779385207732217
0.3,4,-5.0,-0.199244266913,0.005759398392,0.009169545027868972,0,0.014928943419868973,-13.346173356637232
0.3,4,-4.0,-0.159533159165,0.003690576531,0.009169545027868972,0,0.012860121558868972,-12.405260590634004
0.3,4,-3.0,-0.119724133588,0.002077835014,0.009169545027868972,0,0.011247380041868971,-10.644624182904867
0.3,4,-2.0,-0.079847159145,0.000924021565,0.009169545027868972,0,0.010093566592868973,-7.910698206658824
0.3,4,-1.0,-0.039931898577,0.000231106706,0.009169545027868972,0,0.009400651733868972,-4.247779803727019
0.3,4,0.0,0.0,0.0,0.009169545027868972,0,0.009169545027868972,0.0
0.3,4,1.0,0.039923301325,0.000231010206,0.009169545027868972,0,0.009400555233868972,4.246908861421457
0.3,4,2.0,0.079813304893,0.000923312057,0.009169545027868972,0,0.010092857084868971,7.907900034833016
0.3,4,3.0,0.119646904627,0.002075328795,0.009169545027868972,0,0.011244873822868972,10.64012869434526
0.3,4,4.0,0.159394995094,0.003684566093,0.009169545027868972,0,0.012854111120868972,12.400312522210752
0.3,4,5.0,0.199027119812,0.005747552605,0.009169545027868972,0,0.014917097632868973,13.342214733076165
0.3,4,6.0,0.238522960655,0.008262610529,0.009169545027868972,0,0.017432155556868972,13.682929794704151
0.3,4,7.0,0.277835353481,0.011227155278,0.009169545027868972,0,0.020396700305868973,13.621583359787628
0.3,4,8.0,0.316964349679,0.014633665186,0.009169545027868972,0,0.023803210213868973,13.31603371272671
0.3,4,9.0,0.355868393866,0.01846890391,0.009169545027868972,0,0.027638448937868973,12.875845336545098
0.3,4,10.0,0.394554506255,0.022736140648,0.009169545027868972,0,0.031905685675868975,12.366275724749928
0.3,4,11.0,0.432962531335,0.027425383561,0.009169545027868972,0,0.03659492858886897,11.831216729486762
0.3,4,12.0,0.470037500274,0.032370127755,0.009169545027868972,0,0.04153967278286897,11.315387647151718
0.3,4,13.0,0.503738999269,0.037234476127,0.009169545027868972,0,0.046404021154868975,10.855503181239818
0.3,4,14.0,0.533839809517,0.041930191501,0.009169545027868972,0,0.05109973652886897,10.447016868969676
0.3,4,15.0,0.560449460629,0.046393807624,0.009169545027868972,0,0.05556335265186897,10.086674649394979
0.3,4,16.0,0.58351561357,0.050568215187,0.009169545027868972,0,0.05973776021486897,9.767952656262473
0.3,4,17.0,0.603308102348,0.054435012054,0.009169545027868972,0,0.06360455708186896,9.48529680933787
0.3,4,18.0,0.619861671612,0.057920405563,0.009169545027868972,0,0.06708995059086897,9.239262604202365
0.3,4,19.0,0.633309765118,0.060998617967,0.009169545027868972,0,0.07016816299486897,9.025599902968965
0.3,4,20.0,0.644118357926,0.063694193352,0.009169545027868972,0,0.07286373837986897,8.840039946453793
0.4,4,-5.0,-0.201475055146,0.005885916465,0.008749590586435308,0,0.014635507051435308,-13.766182096590995
0.4,4,-4.0,-0.16132453181,0.003771799142,0.008749590586435308,0,0.012521389728435308,-12.88391586787223
0.4,4,-3.0,-0.121071960222,0.002123618913,0.008749590586435308,0,0.010873209499435307,-11.134887102863951
0.4,4,-2.0,-0.080747804121,0.000944394093,0.008749590586435308,0,0.009693984679435308,-8.32968142525512
0.4,4,-1.0,-0.04038266754,0.000236201225,0.008749590586435308,0,0.008985791811435308,-4.494057773362729
0.4,4,0.0,0.0,0.0,0.008749590586435308,0,0.008749590586435308,0.0
0.4,4,1.0,0.040373957206,0.000236099524,0.008749590586435308,0,0.008985690110435308,4.493139281435123
0.4,4,2.0,0.080713581772,0.000943643448,0.008749590586435308,0,0.009693234034435307,8.326795936760035
0.4,4,3.0,0.120994033872,0.002120969354,0.008749590586435308,0,0.010870559940435308,11.130432520033999
0.4,4,4.0,0.161185070183,0.00376541151,0.008749590586435308,0,0.012515002096435308,12.87934823669833
0.4,4,5.0,0.201256459014,0.005873380745,0.008749590586435308,0,0.014622971331435308,13.763034505945775
0.4,4,6.0,0.241169162464,0.0084403583,0.008749590586435308,0,0.01718994888643531,14.02966140605037
0.4,4,7.0,0.280921352765,0.011466886758,0.008749590586435308,0,0.02021647734443531,13.895662828832299
0.4,4,8.0,0.320461586733,0.014944286868,0.008749590586435308,0,0.023693877454435307,13.525079943089354
0.4,4,9.0,0.359799577931,0.018863861886,0.008749590586435308,0,0.02761345247243531,13.029865725416414
0.4,4,10.0,0.398870613641,0.023217368657,0.008749590586435308,0,0.03196695924343531,12.477590083045246
0.4,4,11.0,0.437678337945,0.027999224381,0.008749590586435308,0,0.0367488149674353,11.909998685205101
0.4,4,12.0,0.474795845436,0.03299825608,0.008749590586435308,0,0.041747846666435315,11.372942159858253
0.4,4,13.0,0.508228757025,0.037859604295,0.008749590586435308,0,0.046609194881435306,10.90404497047921
0.4,4,14.0,0.538061337342,0.042537514496,0.008749590586435308,0,0.05128710508243531,10.491162183499299
0.4,4,15.0,0.564273348994,0.04696695737,0.008749590586435308,0,0.05571654795643531,10.12757196363286
0.4,4,16.0,0.586935437452,0.051090685571,0.008749590586435308,0,0.05984027615743531,9.808367794089328
0.4,4,17.0,0.606106243108,0.05485259162,0.008749590586435308,0,0.0636021822064353,9.529645400227695
0.4,4,18.0,0.622116900098,0.058237056412,0.008749590586435308,0,0.0669866469984353,9.287177788022912
0.4,4,19.0,0.635061102544,0.061201581902,0.008749590586435308,0,0.06995117248843531,9.078634137962327
0.4,4,20.0,0.645379397152,0.063794044707,0.008749590586435308,0,0.0725436352934353,8.896430328332366
0.5,4,-5.0,-0.204616695388,0.006065411876,0.008442065407656704,0,0.014507477283656704,-14.104223042176292
0.5,4,-4.0,-0.163847843403,0.003887097723,0.008442065407656704,0,0.012329163130656705,-13.289453766378443
0.5,4,-3.0,-0.122969684866,0.002188618236,0.008442065407656704,0,0.010630683643656704,-11.567429620518867
0.5,4,-2.0,-0.082015630659,0.000973315069,0.008442065407656704,0,0.009415380476656705,-8.710814274828204
0.5,4,-1.0,-0.041017134669,0.000243431417,0.008442065407656704,0,0.008685496824656703,-4.722485713489535
0.5,4,0.0,0.0,0.0,0.008442065407656704,0,0.008442065407656704,0.0
0.5,4,1.0,0.041008291334,0.000243322211,0.008442065407656704,0,0.008685387618656703,4.7215269063998795
0.5,4,2.0,0.081980892953,0.000972502097,0.008442065407656704,0,0.009414567504656704,8.707876693480609
0.5,4,3.0,0.122890464556,0.002185771787,0.008442065407656704,0,0.010627837194656703,11.563073681424564
0.5,4,4.0,0.163705980518,0.003880255722,0.008442065407656704,0,0.012322321129656704,13.285320094766982
0.5,4,5.0,0.204394323612,0.006052088416,0.008442065407656704,0,0.014494153823656705,14.10184589585332
0.5,4,6.0,0.24491686751,0.00869634179,0.008442065407656704,0,0.017138407197656705,14.290526808318974
0.5,4,7.0,0.285260269159,0.011807197648,0.008442065407656704,0,0.020249263055656705,14.087439546562239
0.5,4,8.0,0.325399594907,0.015384982783,0.008442065407656704,0,0.023827048190656702,13.656731303989174
0.5,4,9.0,0.365303440343,0.01941644897,0.008442065407656704,0,0.027858514377656705,13.112811235762932
0.5,4,10.0,0.404950746074,0.023895412784,0.008442065407656704,0,0.03233747819165671,12.522644582052786
0.5,4,11.0,0.444285690813,0.02881035637,0.008442065407656704,0,0.037252421777656704,11.926357257113258
0.5,4,12.0,0.481325460046,0.033849610857,0.008442065407656704,0,0.04229167626465671,11.381092038866411
0.5,4,13.0,0.514526721601,0.038731604458,0.008442065407656704,0,0.04717366986565671,10.907074286700446
0.5,4,14.0,0.543918200226,0.043381867674,0.008442065407656704,0,0.051823933081656705,10.495502133521434
0.5,4,15.0,0.569611244863,0.047756769242,0.008442065407656704,0,0.056198834649656706,10.135641573601196
0.5,4,16.0,0.591674426134,0.051804475357,0.008442065407656704,0,0.06024654076465671,9.82088628864651
0.5,4,17.0,0.610131283106,0.055450188934,0.008442065407656704,0,0.0638922543416567,9.549377923705602
0.5,4,18.0,0.625405076185,0.058698740428,0.008442065407656704,0,0.06714080583565671,9.314828268755509
0.5,4,19.0,0.637479766297,0.061485574189,0.008442065407656704,0,0.0699276395966567,9.11627748303803
0.5,4,20.0,0.647138239594,0.063931234014,0.008442065407656704,0,0.0723732994216567,8.941671096458991
0.6,4,-5.0,-0.207338219842,0.00623074006,0.008201854602543392,0,0.014432594662543392,-14.365969854339532
0.6,4,-4.0,-0.166037947971,0.003994727415,0.008201854602543392,0,0.012196582017543391,-13.613481853536783
0.6,4,-3.0,-0.124617471621,0.002249828608,0.008201854602543392,0,0.010451683210543392,-11.923196399149283
0.6,4,-2.0,-0.083117142569,0.001000850932,0.008201854602543392,0,0.00920270553454339,-9.031815943366922
0.6,4,-1.0,-0.041569147095,0.000250344523,0.008201854602543392,0,0.008452199125543392,-4.918145736696368
0.6,4,0.0,0.0,0.0,0.008201854602543392,0,0.008201854602543392,0.0
0.6,4,1.0,0.041560655903,0.00025028809,0.008201854602543392,0,0.008452142692543392,4.917173953968553
0.6,4,2.0,0.083071509487,0.001000490342,0.008201854602543392,0,0.009202344944543393,9.027210997590124
0.6,4,3.0,0.124488708214,0.002247770557,0.008201854602543392,0,0.010449625159543391,11.913222370498856
0.6,4,4.0,0.165792939843,0.003988679777,0.008201854602543392,0,0.012190534379543393,13.600137178663198
0.6,4,5.0,0.206955522378,0.006218569282,0.008201854602543392,0,0.014420423884543392,14.351556100915062
0.6,4,6.0,0.247926378815,0.008931138596,0.008201854602543392,0,0.01713299319854339,14.470698490446967
0.6,4,7.0,0.288699908367,0.012122906497,0.008201854602543392,0,0.02032476109954339,14.20434449158105
0.6,4,8.0,0.32923803698,0.01578185794,0.008201854602543392,0,0.023983712542543393,13.727567673102431
0.6,4,9.0,0.369447802141,0.019898758407,0.008201854602543392,0,0.02810061300954339,13.14732180452896
0.6,4,10.0,0.408674565829,0.024381146739,0.008201854602543392,0,0.03258300134154339,12.542569714347927
0.6,4,11.0,0.447792692938,0.029316949781,0.008201854602543392,0,0.037518804383543394,11.935153592858414
0.6,4,12.0,0.485639189951,0.034514848375,0.008201854602543392,0,0.04271670297754339,11.368835984516538
0.6,4,13.0,0.519373310918,0.039484783817,0.008201854602543392,0,0.04768663841954339,10.891380230004753
0.6,4,14.0,0.548990245998,0.04414611322,0.008201854602543392,0,0.05234796782254339,10.487326802428042
0.6,4,15.0,0.574751346812,0.048412257239,0.008201854602543392,0,0.05661411184154339,10.15208625758654
0.6,4,16.0,0.596785569253,0.052283672214,0.008201854602543392,0,0.06048552681654339,9.866584630453664
0.6,4,17.0,0.615022889521,0.055667717852,0.008201854602543392,0,0.06386957245454339,9.629356607306523
0.6,4,18.0,0.6298468588,0.058508075812,0.008201854602543392,0,0.0667099304145434,9.44157571273208
0.6,4,19.0,0.641516686089,0.060913771305,0.008201854602543392,0,0.06911562590754339,9.281789431338765
0.6,4,20.0,0.650610938463,0.062760115961,0.008201854602543392,0,0.07096197056354339,9.168445200946131
0.7,4,-5.0,-0.21273762836,0.006549688104,0.008006116934541412,0.0,0.014555805038541411,-14.615311746530352
0.7,4,-4.0,-0.170373111137,0.004198090332,0.008006116934541412,0.0,0.012204207266541412,-13.9601948259342
0.7,4,-3.0,-0.127881656809,0.0023640573,0.008006116934541412,0.0,0.010370174234541412,-12.331678708256067
0.7,4,-2.0,-0.085299429778,0.001051458386,0.008006116934541412,0.0,0.009057575320541411,-9.417468445948431
0.7,4,-1.0,-0.042662111633,0.000262981812,0.008006116934541412,0.0,0.008269098746541411,-5.159221450928207
0.7,4,0.0,0.0,0.0,0.008006116934541412,0.0,0.008006116934541412,0.0
0.7,4,1.0,0.042653714336,0.000262858614,0.008006116934541412,0.0,0.008268975548541412,5.158282798831569
0.7,4,2.0,0.085266457003,0.00105051578,0.008006116934541412,0.0,0.009056632714541412,9.414807875127298
0.7,4,3.0,0.12780653903,0.002360803517,0.008006116934541412,0.0,0.010366920451541412,12.328303243707923
0.7,4,4.0,0.170238816799,0.004190410316,0.008006116934541412,0.0,0.012196527250541413,13.957974536681576
0.7,4,5.0,0.212527212659,0.006534944098,0.008006116934541412,0.0,0.014541061032541411,14.61566058923663
0.7,4,6.0,0.254624103311,0.009388371649,0.008006116934541412,1.6270429524796113e-09,0.017394490210584364,14.638204410041514
0.7,4,7.0,0.296523022841,0.012742338893,0.008006116934541412,5.36383422105095e-08,0.020748509465883618,14.291292747007548
0.7,4,8.0,0.338159437246,0.01659130692,0.008006116934541412,3.33444756544797e-07,0.024597757299297956,13.747571907933713
0.7,4,9.0,0.379524124573,0.020922639401,0.008006116934541412,1.1552231952668725e-06,0.02892991155873668,13.118744722134684
0.7,4,10.0,0.420588593307,0.02573209055,0.008006116934541412,2.9590115660504397e-06,0.033741166496107464,12.465146791991351
0.7,4,11.0,0.461216488019,0.030996919477,0.008006116934541412,6.286738254072448e-06,0.03900932314979548,11.823237389890936
0.7,4,12.0,0.498767266345,0.036255932611,0.008006116934541412,1.1332408690509507e-05,0.044273381954231916,11.265623820213374
0.7,4,13.0,0.531806329979,0.041181161612,0.008006116934541412,1.7864475075151057e-05,0.04920514302161656,10.80794196137931
0.7,4,14.0,0.560547294185,0.045715815531,0.008006116934541412,2.554825046659214e-05,0.053747480716008,10.429275692880022
0.7,4,15.0,0.585057170595,0.049778085028,0.008006116934541412,3.3860729337174894e-05,0.057818062691878586,10.118934176554138
0.7,4,16.0,0.605466365869,0.053305717507,0.008006116934541412,4.220615912730951e-05,0.06135404060066872,9.868402470992283
0.7,4,17.0,0.622101690514,0.056272621378,0.008006116934541412,5.007765783580605e-05,0.06432881597037722,9.670653518641966
0.7,4,18.0,0.635113836173,0.058646300781,0.008006116934541412,5.696410493783291e-05,0.06670938182047924,9.52060742943394
0.7,4,19.0,0.645286573893,0.060517610803,0.008006116934541412,6.282408310051137e-05,0.06858655182064193,9.408354214693054
0.7,4,20.0,0.652835612444,0.061925344671,0.008006116934541412,6.745648715780547e-05,0.06999891809269922,9.32636718155348
0.8,4,-5.0,-0.220148183056,0.006987882598,0.007841776661773889,0.0001896208704621751,0.015019280130236063,-14.657705372497094
0.8,4,-4.0,-0.176326871933,0.00447961365,0.007841776661773889,0.00025705320373958,0.012578443515513469,-14.018178935694978
0.8,4,-3.0,-0.132360153956,0.002522665243,0.007841776661773889,0.00034135710608283905,0.010705799010856729,-12.363407329221653
0.8,4,-2.0,-0.08829144599,0.001122065112,0.007841776661773889,0.0004451364684048935,0.009408978242178782,-9.383744304371444
0.8,4,-1.0,-0.044159142025,0.000280645942,0.007841776661773889,0.0005711522037314649,0.008693574807505353,-5.079514814420927
0.8,4,0.0,0.0,0.0,0.007841776661773889,0.0007223008655231746,0.008564077527297063,0.0
0.8,4,1.0,0.044150605076,0.000280511563,0.007841776661773889,0.0009015952476620785,0.009023883472435967,4.892639096112097
0.8,4,2.0,0.088257245194,0.001121003357,0.007841776661773889,0.0011121365408558687,0.010074916559629757,8.760096887317879
0.8,4,3.0,0.132282552786,0.002519040834,0.007841776661773889,0.0013570754758201733,0.011717892971594063,11.288936765907732
0.8,4,4.0,0.176187723636,0.004470854499,0.007841776661773889,0.00163957700983932,0.013952208170613208,12.627945446448742
0.8,4,5.0,0.219930436522,0.006970930799,0.007841776661773889,0.0019627628156372303,0.01677547027641112,13.110239707035568
0.8,4,6.0,0.263466291062,0.010012750036,0.007841776661773889,0.0023296677671139545,0.020184194464887846,13.053099122698328
0.8,4,7.0,0.306764802299,0.013586856395,0.007841776661773889,0.0027433476348293316,0.02417198069160322,12.690925340907745
0.8,4,8.0,0.349798454425,0.017686156261,0.007841776661773889,0.0032067958820657322,0.02873472880483962,12.17336891539013
0.8,4,9.0,0.392517739306,0.022298292576,0.007841776661773889,0.0037226104681626765,0.033862679705936566,11.591455334150254
0.8,4,10.0,0.434894126434,0.027411672451,0.007841776661773889,0.004293412710946056,0.03954686182371994,10.996931396795521
0.8,4,11.0,0.476284754988,0.03291199458,0.007841776661773889,0.004911968449307943,0.04566573969108183,10.429804886769737
0.8,4,12.0,0.51328255783,0.038152800652,0.007841776661773889,0.0055193812969853194,0.05151395861075921,9.96395096925818
0.8,4,13.0,0.545423899355,0.04293160374,0.007841776661773889,0.006091323862408124,0.05686470426418201,9.591607068262766
0.8,4,14.0,0.572925343214,0.047189966561,0.007841776661773889,0.006615026604595465,0.06164676982736936,9.29367986057297
0.8,4,15.0,0.595833555348,0.050835461813,0.007841776661773889,0.007076446268890435,0.06575368474366432,9.061599477973155
0.8,4,16.0,0.61458043699,0.053874909619,0.007841776661773889,0.007471666458705616,0.0691883527394795,8.8827152642892
0.8,4,17.0,0.629221559741,0.05622532649,0.007841776661773889,0.00779166263927072,0.07185876579104461,8.756364694193184
0.8,4,18.0,0.640418172649,0.057953920663,0.007841776661773889,0.008043227044573739,0.07383892436934762,8.673178518224104
0.8,4,19.0,0.648699703349,0.059126887317,0.007841776661773889,0.008233178126368139,0.07520184210514202,8.626114536423627
0.8,4,20.0,0.654424024649,0.059782367112,0.007841776661773889,0.008366427888139889,0.07599057166191378,8.611910798099641
0.9,4,-5.0,-0.230188197233,0.00760244044,0.007700689127788981,0.01139139507988339,0.02669452464767237,-8.623049118541665
0.9,4,-4.0,-0.184391558774,0.004874413063,0.007700689127788981,0.012804555041128112,0.025379657231917093,-7.2653289636280745
0.9,4,-3.0,-0.138427968239,0.002745411521,0.007700689127788981,0.014351149393835447,0.024797250042624428,-5.5823919185011945
0.9,4,-2.0,-0.092345694858,0.001221206704,0.007700689127788981,0.016038317042368827,0.024960212874157808,-3.69971583670301
0.9,4,-1.0,-0.046188611888,0.000305437866,0.007700689127788981,0.017873143534674486,0.025879270528463467,-1.78477255907191
0.9,4,0.0,0.0,0.0,0.007700689127788981,0.01986248579476402,0.027563174922553002,0.0
0.9,4,1.0,0.046179388128,0.000305279943,0.007700689127788981,0.022013000809681826,0.030018969880470807,1.5383401999427884
0.9,4,2.0,0.092308526506,0.001219945061,0.007700689127788981,0.024330969644898243,0.03325160383368722,2.7760623808612253
0.9,4,3.0,0.138344283383,0.0027411127,0.007700689127788981,0.0268221137195301,0.03726391554731908,3.7125535883990874
0.9,4,4.0,0.18424072844,0.004864071962,0.007700689127788981,0.029491431473711933,0.04205619256350091,4.380822827977443
0.9,4,5.0,0.22995351161,0.007582357559,0.007700689127788981,0.0323433373220873,0.04762638400887628,4.828279878798752
0.9,4,6.0,0.275437170918,0.010888022784,0.007700689127788981,0.035381422127087156,0.053970134038876134,5.103510966261363
0.9,4,7.0,0.320654021365,0.014772209444,0.007700689127788981,0.03860899631534788,0.06108189488713686,5.249575540468801
0.9,4,8.0,0.365564356794,0.019222918543,0.007700689127788981,0.042028420867052455,0.06895202853784144,5.301720116810999
0.9,4,9.0,0.410123949198,0.024228926869,0.007700689127788981,0.04564077480742425,0.07757039080421323,5.287119801073945
0.9,4,10.0,0.454293463491,0.029773613241,0.007700689127788981,0.04944649949225283,0.08692080186104181,5.226521773433108
0.9,4,11.0,0.496318017537,0.035477099228,0.007700689127788981,0.053283743821811315,0.09646153217760028,5.145242941229706
0.9,4,12.0,0.533062505457,0.040615839826,0.007700689127788981,0.05681814266209745,0.10513467161588642,5.070282688517489
0.9,4,13.0,0.564366393971,0.045014951551,0.007700689127788981,0.059965462666502975,0.11268110334529195,5.0085274035842176
0.9,4,14.0,0.590473162536,0.04860218055,0.007700689127788981,0.06268874928471739,0.11899161896250637,4.962308838928017
0.9,4,15.0,0.611585136202,0.051293547715,0.007700689127788981,0.0649579940221929,0.12395223086498189,4.934038959477741
0.9,4,16.0,0.627955490439,0.053040126779,0.007700689127788981,0.06675955203867458,0.12750036794546354,4.925126888320817
0.9,4,17.0,0.640257133261,0.053897076064,0.007700689127788981,0.06813781161201102,0.1297355768038,4.935092971677809
0.9,4,18.0,0.649021317961,0.05390441544,0.007700689127788981,0.06913267773656209,0.13073778230435107,4.964298051577092
0.9,4,19.0,0.654777617092,0.053140994073,0.007700689127788981,0.06979200494812864,0.13063368814891763,5.012318234065147
0.9,4,20.0,0.658179274731,0.051716349359,0.007700689127788981,0.07018384146711662,0.1296008799539056,5.078509304605732
0.95,4,-5.0,-0.238043267004,0.008088555452,0.0076371055991934274,0.03443387857989648,0.050159539631089906,-4.745722723030255
0.95,4,-4.0,-0.190698567941,0.005186636558,0.0076371055991934274,0.03775115098123427,0.050574893138427696,-3.770617318340983
0.95,4,-3.0,-0.143172180345,0.002921483816,0.0076371055991934274,0.041316616977121065,0.051875206392314493,-2.759934664398974
0.95,4,-2.0,-0.095515697572,0.001299648652,0.0076371055991934274,0.04513965557936788,0.054076409830561306,-1.766309891342292
0.95,4,-1.0,-0.047775620987,0.000325060056,0.0076371055991934274,0.04922945650129762,0.05719162215649105,-0.8353604808808109
0.95,4,0.0,0.0,0.0,0.0076371055991934274,0.05359442107276271,0.06123152667195614,0.0
0.95,4,1.0,0.047765682878,0.000324885755,0.0076371055991934274,0.058242416203620716,0.06620440755781415,0.7214879588838219
0.95,4,2.0,0.095475772879,0.001298252873,0.0076371055991934274,0.06318044455064561,0.07211580302283904,1.3239230359642928
0.95,4,3.0,0.143082498151,0.00291680505,0.0076371055991934274,0.06841430426371169,0.07896821491290512,1.8118998676721665
0.95,4,4.0,0.190538199883,0.005175284927,0.0076371055991934274,0.07394866865311737,0.0867610591793108,2.1961257928999105
0.95,4,5.0,0.237793718285,0.008066594466,0.0076371055991934274,0.0797867636178222,0.09549046368301564,2.490235245630031
0.95,4,6.0,0.284805892521,0.011581640356,0.0076371055991934274,0.08593120035374187,0.10514994630893529,2.7085690722487623
0.95,4,7.0,0.331527817738,0.015709986469,0.0076371055991934274,0.09238269619294387,0.1157297882611373,2.8646714274628016
0.95,4,8.0,0.377915488937,0.020439587772,0.0076371055991934274,0.09914081814748266,0.12721751151867608,2.9706247546079405
0.95,4,9.0,0.423925500903,0.025755307474,0.0076371055991934274,0.10620362526455268,0.13959603833774611,3.0368018029088475
0.95,4,10.0,0.46935497142,0.031608532205,0.0076371055991934274,0.11354108537266547,0.1527867231768589,3.071961762519746
0.95,4,11.0,0.511528147213,0.037386951601,0.0076371055991934274,0.12068690703895887,0.1657109642391523,3.0868696562212263
0.95,4,12.0,0.547810923514,0.042366142053,0.0076371055991934274,0.12710004987653767,0.1771032975287311,3.093171788205297
0.95,4,13.0,0.578175529338,0.046358605051,0.0076371055991934274,0.13266075083516443,0.18665646148535786,3.0975382514864322
0.95,4,14.0,0.603028778875,0.049282889208,0.0076371055991934274,0.13734630681025253,0.19426630161744596,3.1041347565389867
0.95,4,15.0,0.622727593003,0.051059214042,0.0076371055991934274,0.14114740557923094,0.19984372522042437,3.1160727829514867
0.95,4,16.0,0.637579705517,0.051631336025,0.0076371055991934274,0.1440650331939068,0.2033334748181002,3.1356357141261246
0.95,4,17.0,0.648438176887,0.051070062966,0.0076371055991934274,0.14622657935505304,0.20493374792024646,3.1641356461179395
0.95,4,18.0,0.655678171346,0.049363927944,0.0076371055991934274,0.1476812662171077,0.2046822997603011,3.2033945881683477
0.95,4,19.0,0.660122220985,0.046647233442,0.0076371055991934274,0.1485795403715175,0.20286387941271092,3.2540155640129123
0.95,4,20.0,0.661842701218,0.042899036552,0.0076371055991934274,0.14892839838342087,0.1994645405346143,3.3180970384214556
1.05,4,-5.0,-0.268541459631,0.023494340597,0.007521320161674001,0.16340183670804145,0.19441749746671547,-1.3812617852309033
1.05,4,-4.0,-0.215352064921,0.015058883345,0.007521320161674001,0.17528499827611652,0.19786520178279052,-1.0883776580250122
1.05,4,-3.0,-0.161985621891,0.008489306719,0.007521320161674001,0.1878475722109751,0.2038581990916491,-0.7945994942208612
1.05,4,-2.0,-0.108228466926,0.003779421346,0.007521320161674001,0.20117294481527476,0.21247368632294875,-0.5093735078399235
1.05,4,-1.0,-0.054194906868,0.000945975618,0.007521320161674001,0.21526893901857225,0.22373623479824625,-0.24222677617181748
1.05,4,0.0,0.0,0.0,0.007521320161674001,0.23013842015527738,0.2376597403169514,0.0
1.05,4,1.0,0.054240749254,0.0009467758,0.007521320161674001,0.2457787824617486,0.25424687842342264,0.21333889953868962
1.05,4,2.0,0.108411696855,0.003785819876,0.007521320161674001,0.2621814638511505,0.2734886038888245,0.39640297735795343
1.05,4,3.0,0.162397366062,0.008510885317,0.007521320161674001,0.27933149960989573,0.29536370508856974,0.5498216716007894
1.05,4,4.0,0.216082753894,0.015109978096,0.007521320161674001,0.29720712579922626,0.3198384240569003,0.6755997329938013
1.05,4,5.0,0.269353636297,0.023565389655,0.007521320161674001,0.3157794430461209,0.3468661528627949,0.7765347932450029
1.05,4,6.0,0.322096871203,0.033853745329,0.007521320161674001,0.3350121510693848,0.3763872165600588,0.8557593271810924
1.05,4,7.0,0.374200698628,0.045946068471,0.007521320161674001,0.35486136366431686,0.40832875229699084,0.9164201553845799
1.05,4,8.0,0.425206528217,0.059758880397,0.007521320161674001,0.37513407611115684,0.44241427666983085,0.961104897919755
1.05,4,9.0,0.471121951659,0.074618386638,0.007521320161674001,0.3941153941715574,0.47625510097123136,0.9892218491691464
1.05,4,10.0,0.508614215504,0.089682408965,0.007521320161674001,0.4101413969914589,0.5073451261181329,1.0025014321031864
1.05,4,11.0,0.535763412788,0.104141857802,0.007521320161674001,0.4220477652873575,0.5337109432510315,1.0038456575847332
1.05,4,12.0,0.551660820835,0.117259127285,0.007521320161674001,0.4291388642836773,0.5539193117303514,0.9959227077888001
1.05,4,13.0,0.556507040374,0.12847977376,0.007521320161674001,0.43131820234961654,0.5673192962712905,0.9809414980799099
1.05,4,14.0,0.551673720098,0.137547706853,0.007521320161674001,0.4291446540788891,0.5742136810935631,0.9607463880821564
1.05,4,15.0,0.540296421772,0.144771989887,0.007521320161674001,0.4240607051472237,0.5763540151958977,0.9374384623456782
1.05,4,16.0,0.526404668071,0.150944109611,0.007521320161674001,0.4179145751209583,0.5763800048936323,0.9132944647657321
1.05,4,17.0,0.512379608365,0.156650166831,0.007521320161674001,0.4117774857571117,0.5759489727497857,0.8896267423114187
1.05,4,18.0,0.496803349844,0.161421193519,0.007521320161674001,0.4050411127974667,0.5739836264781407,0.865535752112469
1.05,4,19.0,0.479159421206,0.164987819889,0.007521320161674001,0.3975107313364634,0.5700198713871374,0.8406012584087122
1.05,4,20.0,0.461292775755,0.167896839657,0.007521320161674001,0.3899927894473842,0.5654109492660582,0.8158539843520706
1.1,4,-5.0,-0.250910260653,0.021951803202,0.007468332317598609,0.3084818479215687,0.3379019834411673,-0.7425533821901534
1.1,4,-4.0,-0.201459298009,0.014087406339,0.007468332317598609,0.3261781255711846,0.3477338642277832,-0.5793490905937019
1.1,4,-3.0,-0.1515352431,0.007941625514,0.007468332317598609,0.3448052431771915,0.3602152010087901,-0.4206797566444237
1.1,4,-2.0,-0.10124591438,0.00353558448,0.007468332317598609,0.3643639977367895,0.3753679145343881,-0.2697244768658156
1.1,4,-1.0,-0.050698298714,0.000884941906,0.007468332317598609,0.38485009847852547,0.3932033727021241,-0.12893658150894627
1.1,4,0.0,0.0,0.0,0.007468332317598609,0.4062530611196975,0.41372139343729614,0.0
1.1,4,1.0,0.050740929488,0.000885686029,0.007468332317598609,0.42855569026683366,0.43690970861343226,0.11613596239147529
1.1,4,2.0,0.10141630764,0.003541534744,0.007468332317598609,0.4517336620705926,0.46274352913219124,0.21916310278869086
1.1,4,3.0,0.151918142202,0.007961692405,0.007468332317598609,0.4757551636596812,0.4911851883822798,0.3092889317414944
1.1,4,4.0,0.202138797978,0.014134921605,0.007468332317598609,0.5005805227652059,0.5221837766878046,0.38710279216286664
1.1,4,5.0,0.251971445189,0.022044644818,0.007468332317598609,0.5261620442224664,0.555675021358065,0.45345109192272837
1.1,4,6.0,0.301310245283,0.031668982666,0.007468332317598609,0.5524438056756311,0.5915811206592297,0.509330394024803
1.1,4,7.0,0.350050653364,0.042980815438,0.007468332317598609,0.5793615993949626,0.6298107471505612,0.5558029216677016
1.1,4,8.0,0.398062282353,0.055944004995,0.007468332317598609,0.606827006079826,0.6702393433924246,0.5939106474087344
1.1,4,9.0,0.442721703022,0.070120229153,0.007468332317598609,0.6332407066568548,0.7108292681274534,0.6228242460925496
1.1,4,10.0,0.480828780809,0.084783087158,0.007468332317598609,0.6564528363136358,0.7487042557892344,0.6422145688248322
1.1,4,11.0,0.510566496608,0.099244073446,0.007468332317598609,0.6750056639971731,0.7817180697607717,0.6531338040634626
1.1,4,12.0,0.530968511257,0.112860841108,0.007468332317598609,0.6879596463342385,0.808288819759837,0.6569044359846077
1.1,4,13.0,0.541861578363,0.125098602437,0.007468332317598609,0.6949519259006819,0.8275188606552805,0.6548026928762936
1.1,4,14.0,0.543918083492,0.135614009467,0.007468332317598609,0.6962779582213542,0.8393603000059529,0.6480150222593831
1.1,4,15.0,0.538751474722,0.144358022573,0.007468332317598609,0.6929501336448778,0.8447764885354764,0.6377443998897173
1.1,4,16.0,0.529307122043,0.151776374895,0.007468332317598609,0.6868978534248121,0.8461425606374108,0.6255531238663443
1.1,4,17.0,0.518898169546,0.158643090983,0.007468332317598609,0.6802734431722341,0.8463848664728327,0.6130759068370649
1.1,4,18.0,0.506561905318,0.164591940399,0.007468332317598609,0.6724846379801469,0.8445449106967455,0.5998045798418096
1.1,4,19.0,0.492907140095,0.169721539122,0.007468332317598609,0.6639415610655285,0.8411314325051271,0.586004898933551
1.1,4,20.0,0.477088557333,0.173646033978,0.007468332317598609,0.6541467529440487,0.8352611192396473,0.5711849221083126
1.2,4,-5.0,-0.23851615802,0.020867460099,0.007370609005296202,0.8470718161609047,0.8753098852652008,-0.2724933900954798
1.2,4,-4.0,-0.191515592566,0.013392074956,0.007370609005296202,0.8827530181755204,0.9035157021368166,-0.21196708824546734
1.2,4,-3.0,-0.144062556376,0.007549998731,0.007370609005296202,0.919909508460869,0.9348301161971653,-0.15410560045074084
1.2,4,-2.0,-0.096257738532,0.003361394332,0.007370609005296202,0.9585152691661093,0.9692472725034055,-0.09931184875391207
1.2,4,-1.0,-0.048202779202,0.000841382649,0.007370609005296202,0.9985350963031594,1.0067470879574556,-0.04787973044927945
1.2,4,0.0,0.0,0.0,0.007370609005296202,1.0399240687946223,1.0472946777999186,0.0
1.2,4,1.0,0.048247867511,0.000842169668,0.007370609005296202,1.0826270811890273,1.0908398598623235,0.04423001880137515
1.2,4,2.0,0.096437954452,0.00336768761,0.007370609005296202,1.1265784514486104,1.1373167480639066,0.08479427970806694
1.2,4,3.0,0.144467527631,0.007571222375,0.007370609005296202,1.1717016149062034,1.1866434462864996,0.12174468083323504
1.2,4,4.0,0.192234262194,0.013442329232,0.007370609005296202,1.2179089150218665,1.2387218532591626,0.15518759250772754
1.2,4,5.0,0.23963651315,0.020965478472,0.007370609005296202,1.2651015007767232,1.2934375882540194,0.18527102917542362
1.2,4,6.0,0.286573615384,0.030120101814,0.007370609005296202,1.313169371102487,1.350660081921783,0.21217301023381804
1.2,4,7.0,0.332946034322,0.040880634157,0.007370609005296202,1.3619913911094264,1.4102426342717225,0.2360913123959977
1.2,4,8.0,0.378641546808,0.053214601041,0.007370609005296202,1.4114201074342894,1.4720053174805856,0.25722838247355306
1.2,4,9.0,0.421253087533,0.066719934504,0.007370609005296202,1.4587138067161938,1.53280435022549,0.27482508610510514
1.2,4,10.0,0.45805355411,0.080767200199,0.007370609005296202,1.5005057428471467,1.5886435520514428,0.28832997403256855
1.2,4,11.0,0.48753128593,0.094766482073,0.007370609005296202,1.5346242686457325,1.6367613597240287,0.29786338920672084
1.2,4,12.0,0.508799041202,0.108148574779,0.007370609005296202,1.559599208333349,1.6751183921176451,0.30373915276447316
1.2,4,13.0,0.521708954342,0.120446002583,0.007370609005296202,1.5749073745657858,1.702723986154082,0.30639666709598457
1.2,4,14.0,0.527071618908,0.131413714098,0.007370609005296202,1.581299268221314,1.7200835913246102,0.30642209574367846
1.2,4,15.0,0.526261410772,0.141011320024,0.007370609005296202,1.5803323154493756,1.7287142444786718,0.3044235983204411
1.2,4,16.0,0.521378360775,0.149502839187,0.007370609005296202,1.574513967009693,1.7313874152019892,0.3011332739265489
1.2,4,17.0,0.515484259029,0.157599353794,0.007370609005296202,1.567512327547627,1.7324822903469232,0.29754085331849256
1.2,4,18.0,0.507220718372,0.164806001737,0.007370609005296202,1.557735368484843,1.7299119792271391,0.29320608473883597
1.2,4,19.0,0.496683291581,0.171021772351,0.007370609005296202,1.5453345044786797,1.723726885834976,0.28814500467712195
1.2,4,20.0,0.48495437181,0.176508956316,0.007370609005296202,1.5316186768193363,1.7154982421406324,0.28269010127627087
0.1,5,-5.0,-0.196973322756,0.005639498393,0.010844008591234102,0,0.016483506984234102,-11.94972180036676
0.1,5,-4.0,-0.157713613216,0.003611743911,0.010844008591234102,0,0.014455752502234102,-10.910093624778492
0.1,5,-3.0,-0.118362054367,0.002031918945,0.010844008591234102,0,0.012875927536234101,-9.192507027856266
0.1,5,-2.0,-0.078937537989,0.00090362559,0.010844008591234102,0,0.011747634181234102,-6.719441273979772
0.1,5,-1.0,-0.039476472516,0.00022597959,0.010844008591234102,0,0.011069988181234102,-3.5660808186697714
0.1,5,0.0,0.0,0.0,0.010844008591234102,0,0.010844008591234102,0.0
0.1,5,1.0,0.039467337051,0.000225892949,0.010844008591234102,0,0.011069901540234102,3.565283476781977
0.1,5,2.0,0.078905070819,0.000902944576,0.010844008591234102,0,0.011746953167234103,6.71706694456659
0.1,5,3.0,0.118284750132,0.002030124909,0.010844008591234102,0,0.012874133500234102,9.187783405372418
0.1,5,4.0,0.157579253534,0.003607246657,0.010844008591234102,0,0.014451255248234103,10.904191423319832
0.1,5,5.0,0.196756739707,0.005629493,0.010844008591234102,0,0.0164735015912341,11.943832257963809
0.1,5,6.0,0.23580461457,0.008093582601,0.010844008591234102,0,0.0189375911922341,12.451668862019705
0.1,5,7.0,0.274667345157,0.010991612173,0.010844008591234102,0,0.0218356207642341,12.578865887197237
0.1,5,8.0,0.313356156263,0.014325124765,0.010844008591234102,0,0.0251691333562341,12.450017719238845
0.1,5,9.0,0.351678521225,0.018062622431,0.010844008591234102,0,0.028906631022234102,12.166015505386966
0.1,5,10.0,0.389907243739,0.022233410176,0.010844008591234102,0,0.03307741876723411,11.78771676480497
0.1,5,11.0,0.427921791291,0.026821380305,0.010844008591234102,0,0.0376653888962341,11.361140926220063
0.1,5,12.0,0.465033934325,0.031807219299,0.010844008591234102,0,0.04265122789023411,10.903178110646593
0.1,5,13.0,0.499070645638,0.036656149251,0.010844008591234102,0,0.0475001578422341,10.50671552072735
0.1,5,14.0,0.529592235011,0.041338570565,0.010844008591234102,0,0.0521825791562341,10.148832111678617
0.1,5,15.0,0.556629673468,0.045812157331,0.010844008591234102,0,0.0566561659222341,9.824697178274054
0.1,5,16.0,0.576136691179,0.049297474927,0.010844008591234102,0,0.060141483518234104,9.579688718591768
0.1,5,17.0,0.600574724227,0.05372518111,0.010844008591234102,0,0.0645691897012341,9.301258495048472
0.1,5,18.0,0.618304117058,0.05736764769,0.010844008591234102,0,0.0682116562812341,9.064493530383654
0.1,5,19.0,0.632819706665,0.060636151675,0.010844008591234102,0,0.0714801602662341,8.853081810505287
0.1,5,20.0,0.64450604988,0.06352305591,0.010844008591234102,0,0.0743670645012341,8.666552245978522
0.2,5,-5.0,-0.197864503971,0.005686670458,0.009628104560129618,0,0.015314775018129619,-12.919843989661498
0.2,5,-4.0,-0.158424383692,0.003641738746,0.009628104560129618,0,0.013269843306129618,-11.938677800273682
0.2,5,-3.0,-0.118888196416,0.002049400302,0.009628104560129618,0,0.011677504862129618,-10.180958845203037
0.2,5,-2.0,-0.079288004409,0.000911367676,0.009628104560129618,0,0.010539472236129619,-7.522957756575173
0.2,5,-1.0,-0.039651420072,0.000227939584,0.009628104560129618,0,0.009856044144129618,-4.023056257881808
0.2,5,0.0,0.0,0.0,0.009628104560129618,0,0.009628104560129618,0.0
0.2,5,1.0,0.039642844463,0.00022784719,0.009628104560129618,0,0.009855951750129618,4.022223877311356
0.2,5,2.0,0.079254349385,0.00091068472,0.009628104560129618,0,0.010538789280129619,7.5202518314347815
0.2,5,3.0,0.118811281977,0.002046984786,0.009628104560129618,0,0.011675089346129618,10.176477323180988
0.2,5,4.0,0.158287271919,0.00363748305,0.009628104560129618,0,0.01326558761012962,11.932171915108505
0.2,5,5.0,0.197647484301,0.005677323836,0.009628104560129618,0,0.015305428396129618,12.913554536701525
0.2,5,6.0,0.236864833882,0.008163054305,0.009628104560129618,0,0.01779115886512962,13.313625923843063
0.2,5,7.0,0.275891511504,0.01108516882,0.009628104560129618,0,0.02071327338012962,13.319551499217141
0.2,5,8.0,0.314750314373,0.014448174297,0.009628104560129618,0,0.024076278857129617,13.073046555107256
0.2,5,9.0,0.353379353964,0.018235084148,0.009628104560129618,0,0.027863188708129618,12.682660181707588
0.2,5,10.0,0.391614695531,0.022423911193,0.009628104560129618,0,0.03205201575312962,12.218098809987076
0.2,5,11.0,0.429763659253,0.027048204223,0.009628104560129618,0,0.03667630878312962,11.717745692300497
0.2,5,12.0,0.466947344597,0.031978756028,0.009628104560129618,0,0.041606860588129624,11.222844934621657
0.2,5,13.0,0.500823139423,0.036904530544,0.009628104560129618,0,0.046532635104129624,10.762836411526447
0.2,5,14.0,0.531220203925,0.041584735813,0.009628104560129618,0,0.05121284037312962,10.3727932302642
0.2,5,15.0,0.558148208461,0.046058325929,0.009628104560129618,0,0.05568643048912962,10.023055950227487
0.2,5,16.0,0.581523470295,0.050254668117,0.009628104560129618,0,0.05988277267712962,9.711031141300092
0.2,5,17.0,0.601625978927,0.054146875319,0.009628104560129618,0,0.06377497987912961,9.433573794413416
0.2,5,18.0,0.618535948352,0.057676540146,0.009628104560129618,0,0.06730464470612962,9.190093061967657
0.2,5,19.0,0.632991580833,0.060704708392,0.009628104560129618,0,0.07033281295212962,8.999946884874786
0.2,5,20.0,0.644605764286,0.063545636254,0.009628104560129618,0,0.07317374081412963,8.809249836268158
0.3,5,-5.0,-0.199462040249,0.005775573203,0.009003411677995819,0,0.014778984880995818,-13.496328865285374
0.3,5,-4.0,-0.159704348895,0.003698136087,0.009003411677995819,0,0.012701547764995819,-12.573613220203685
0.3,5,-3.0,-0.119851662078,0.002082001539,0.009003411677995819,0,0.01108541321699582,-10.81165489566479
0.3,5,-2.0,-0.079931434929,0.000925869451,0.009003411677995819,0,0.009929281128995819,-8.050072698171627
0.3,5,-1.0,-0.039973558511,0.000231567186,0.009003411677995819,0,0.009234978863995819,-4.328494856316771
0.3,5,0.0,0.0,0.0,0.009003411677995819,0,0.009003411677995819,0.0
0.3,5,1.0,0.039964922951,0.00023147011,0.009003411677995819,0,0.009234881787995818,4.327605254563124
0.3,5,2.0,0.079897620666,0.000925160755,0.009003411677995819,0,0.009928572432995818,8.047241555137845
0.3,5,3.0,0.119774008616,0.002079469304,0.009003411677995819,0,0.011082880981995818,10.807118547115442
0.3,5,4.0,0.159566962354,0.003693050651,0.009003411677995819,0,0.012696462328995819,12.56782859817459
0.3,5,5.0,0.199242900059,0.005765010657,0.009003411677995819,0,0.014768422334995819,13.491143166109653
0.3,5,6.0,0.238772585731,0.008288561392,0.009003411677995819,0,0.017291973069995817,13.808290399509497
0.3,5,7.0,0.278139760143,0.01126051221,0.009003411677995819,0,0.02026392388799582,13.725858904738963
0.3,5,8.0,0.317274446156,0.014668402819,0.009003411677995819,0,0.02367181449699582,13.403047163801709
0.3,5,9.0,0.356204772229,0.018513190255,0.009003411677995819,0,0.027516601932995818,12.945085773903873
0.3,5,10.0,0.394909145163,0.022793125544,0.009003411677995819,0,0.03179653722199582,12.419879007762349
0.3,5,11.0,0.433344534165,0.027487695532,0.009003411677995819,0,0.03649110720999582,11.875346277415671
0.3,5,12.0,0.470361879307,0.032427067744,0.009003411677995819,0,0.04143047942199582,11.353039739561416
0.3,5,13.0,0.504159881553,0.037311591523,0.009003411677995819,0,0.046315003200995825,10.885454965102106
0.3,5,14.0,0.534359066299,0.04202304833,0.009003411677995819,0,0.05102646000799582,10.472195527874483
0.3,5,15.0,0.560924816955,0.046472118313,0.009003411677995819,0,0.05547552999099582,10.111211502549738
0.3,5,16.0,0.584075286739,0.050643232203,0.009003411677995819,0,0.05964664388099582,9.792257346520948
0.3,5,17.0,0.603835172712,0.054485206678,0.009003411677995819,0,0.06348861835599581,9.510920041229317
0.3,5,18.0,0.620375307298,0.057950600737,0.009003411677995819,0,0.06695401241499582,9.26569274822211
0.3,5,19.0,0.633817684706,0.061021745262,0.009003411677995819,0,0.07002515693999582,9.05128545801211
0.3,5,20.0,0.644576540986,0.06370481539,0.009003411677995819,0,0.07270822706799582,8.865249050608815
0.4,5,-5.0,-0.20148923889,0.005887691096,0.008593914064187361,0,0.014481605160187361,-13.913460328550565
0.4,5,-4.0,-0.161332642044,0.003771998777,0.008593914064187361,0,0.01236591284118736,-13.04656147232791
0.4,5,-3.0,-0.121075686694,0.002123619454,0.008593914064187361,0,0.010717533518187362,-11.29697299183043
0.4,5,-2.0,-0.080749290464,0.00094440125,0.008593914064187361,0,0.009538315314187362,-8.46578119973586
0.4,5,-1.0,-0.04038293406,0.000236201481,0.008593914064187361,0,0.008830115545187362,-4.573318871462529
0.4,5,0.0,0.0,0.0,0.008593914064187361,0,0.008593914064187361,0.0
0.4,5,1.0,0.040374256092,0.000236099681,0.008593914064187361,0,0.008830013745187361,4.572388815816426
0.4,5,2.0,0.080715010534,0.000943650308,0.008593914064187361,0,0.009537564372187361,8.462853552986157
0.4,5,3.0,0.120997608191,0.002120977788,0.008593914064187361,0,0.010714891852187361,11.29247125030938
0.4,5,4.0,0.161192630221,0.003765634179,0.008593914064187361,0,0.01235954824318736,13.041951619052915
0.4,5,5.0,0.201270415645,0.005876616833,0.008593914064187361,0,0.014470530897187361,13.908986275280402
0.4,5,6.0,0.241202090063,0.008449383539,0.008593914064187361,0,0.01704329760318736,14.152313459449976
0.4,5,7.0,0.280959681614,0.011477695322,0.008593914064187361,0,0.02007160938618736,13.997865154119003
0.4,5,8.0,0.320492178278,0.014953619039,0.008593914064187361,0,0.023547533103187364,13.610435406272709
0.4,5,9.0,0.359809880379,0.018873542287,0.008593914064187361,0,0.02746745635118736,13.099497666570286
0.4,5,10.0,0.398846375004,0.023225419107,0.008593914064187361,0,0.03181933317118736,12.534718212296111
0.4,5,11.0,0.437634890097,0.028006481524,0.008593914064187361,0,0.03660039558818736,11.957108196891866
0.4,5,12.0,0.474778155336,0.033010904232,0.008593914064187361,0,0.04160481829618737,11.411614682607766
0.4,5,13.0,0.508268402006,0.037880431812,0.008593914064187361,0,0.04647434587618736,10.936536973754972
0.4,5,14.0,0.538102277615,0.042551648164,0.008593914064187361,0,0.05114556222818736,10.520996430037107
0.4,5,15.0,0.564366573449,0.04698564742,0.008593914064187361,0,0.055579561484187356,10.154210619484015
0.4,5,16.0,0.587073252872,0.051125579405,0.008593914064187361,0,0.05971949346918737,9.830512932513468
0.4,5,17.0,0.606278230084,0.054893334397,0.008593914064187361,0,0.06348724846118736,9.549606334800371
0.4,5,18.0,0.622225902057,0.058138414772,0.008593914064187361,0,0.06673232883618736,9.324204818093829
0.4,5,19.0,0.635100078237,0.061063797688,0.008593914064187361,0,0.06965771175218737,9.117441016386199
0.4,5,20.0,0.645556703436,0.063689192667,0.008593914064187361,0,0.07228310673118736,8.930948497229814
0.5,5,-5.0,-0.204557544721,0.006062111031,0.008293924803573166,0,0.014356035834573165,-14.248887860001773
0.5,5,-4.0,-0.163798807447,0.003884897736,0.008293924803573166,0,0.012178822539573166,-13.449478134258182
0.5,5,-3.0,-0.12293213916,0.002187331947,0.008293924803573166,0,0.010481256750573166,-11.728759449889202
0.5,5,-2.0,-0.081989377072,0.000972742076,0.008293924803573166,0,0.009266666879573166,-8.847774300890434
0.5,5,-1.0,-0.041003806863,0.000243290073,0.008293924803573166,0,0.008537214876573166,-4.802948907320804
0.5,5,0.0,0.0,0.0,0.008293924803573166,0,0.008293924803573166,0.0
0.5,5,1.0,0.040995050032,0.000243181768,0.008293924803573166,0,0.008537106571573166,4.8019841017921925
0.5,5,2.0,0.081954582725,0.000971931426,0.008293924803573166,0,0.009265856229573165,8.844793259734752
0.5,5,3.0,0.122852562354,0.002184478748,0.008293924803573166,0,0.010478403551573166,11.724358748862619
0.5,5,4.0,0.163657262622,0.003878096553,0.008293924803573166,0,0.012172021356573165,13.445364399859635
0.5,5,5.0,0.204335167713,0.006048808065,0.008293924803573166,0,0.014342732868573165,14.246599276817427
0.5,5,6.0,0.244864808505,0.008695723662,0.008293924803573166,0,0.016989648465573166,14.412588288755932
0.5,5,7.0,0.285206606307,0.011811361744,0.008293924803573166,0,0.020105286547573167,14.185652397052069
0.5,5,8.0,0.325324151569,0.015389186179,0.008293924803573166,0,0.023683110982573165,13.73654634344215
0.5,5,9.0,0.365203619618,0.019418741788,0.008293924803573166,0,0.027712666591573162,13.178220089763961
0.5,5,10.0,0.404835294227,0.02390126338,0.008293924803573166,0,0.03219518818357316,12.574403725136717
0.5,5,11.0,0.444160123783,0.028813709674,0.008293924803573166,0,0.03710763447757317,11.969507893353809
0.5,5,12.0,0.481207260832,0.033850554644,0.008293924803573166,0,0.042144479447573165,11.418037834127517
0.5,5,13.0,0.514409870753,0.038721834311,0.008293924803573166,0,0.04701575911457317,10.941222271864834
0.5,5,14.0,0.543782030929,0.043371040985,0.008293924803573166,0,0.051664965788573165,10.525159992446357
0.5,5,15.0,0.569448935998,0.047733652884,0.008293924803573166,0,0.05602757768757317,10.163725784709463
0.5,5,16.0,0.59147123346,0.051769496229,0.008293924803573166,0,0.060063421032573165,9.847444972194266
0.5,5,17.0,0.610047812421,0.055428766351,0.008293924803573166,0,0.06372269115457316,9.573478479450864
0.5,5,18.0,0.625288480916,0.058662354573,0.008293924803573166,0,0.06695627937657317,9.338757869135385
0.5,5,19.0,0.637395790828,0.061445829651,0.008293924803573166,0,0.06973975445457316,9.139633424479358
0.5,5,20.0,0.647062256952,0.063887929232,0.008293924803573166,0,0.07218185403557316,8.964334119668225
0.6,5,-5.0,-0.208727109573,0.006303801252,0.00805952729545919,0,0.01436332854745919,-14.53194563386374
0.6,5,-4.0,-0.167148474906,0.004040135763,0.00805952729545919,0,0.01209966305845919,-13.814308224818056
0.6,5,-3.0,-0.125453138739,0.002274894905,0.00805952729545919,0,0.01033442220045919,-12.139347155124524
0.6,5,-2.0,-0.083674095059,0.001011706324,0.00805952729545919,0,0.00907123361945919,-9.224114224057267
0.6,5,-1.0,-0.041847140473,0.00025303385,0.00805952729545919,0,0.008312561145459191,-5.034205432083873
0.6,5,0.0,0.0,0.0,0.00805952729545919,0,0.00805952729545919,0.0
0.6,5,1.0,0.041838230217,0.000252916591,0.00805952729545919,0,0.00831244388645919,5.033204529074014
0.6,5,2.0,0.083638966108,0.001010829149,0.00805952729545919,0,0.00907035644445919,9.221133328127646
0.6,5,3.0,0.125372658968,0.002271823578,0.00805952729545919,0,0.01033135087345919,12.135166107858861
0.6,5,4.0,0.167004171699,0.004032803596,0.00805952729545919,0,0.01209233089145919,13.81075106181183
0.6,5,5.0,0.208499772677,0.006289375815,0.00805952729545919,0,0.01434890311045919,14.530711586241079
0.6,5,6.0,0.24983391703,0.009036582489,0.00805952729545919,0,0.01709610978445919,14.613495127242663
0.6,5,7.0,0.290959970015,0.012269845322,0.00805952729545919,0,0.02032937261745919,14.312294603972134
0.6,5,8.0,0.331870374105,0.015985271006,0.00805952729545919,0,0.02404479830145919,13.802169182049656
0.6,5,9.0,0.372532778123,0.020171105682,0.00805952729545919,0,0.02823063297745919,13.196047655766332
0.6,5,10.0,0.412899409404,0.024817599074,0.00805952729545919,0,0.03287712636945919,12.55886553964637
0.6,5,11.0,0.452807580789,0.029884568146,0.00805952729545919,0,0.03794409544145919,11.933545272876497
0.6,5,12.0,0.489669532729,0.034970743016,0.00805952729545919,0,0.04303027031145919,11.379652723180742
0.6,5,13.0,0.522500418376,0.039848726492,0.00805952729545919,0,0.047908253787459186,10.906271405633523
0.6,5,14.0,0.551279098201,0.044443057192,0.00805952729545919,0,0.05250258448745919,10.500037352116998
0.6,5,15.0,0.576159514137,0.048704414499,0.00805952729545919,0,0.05676394179445919,10.150096979227747
0.6,5,16.0,0.597317778967,0.052604670558,0.00805952729545919,0,0.06066419785345919,9.846298147877674
0.6,5,17.0,0.614829567103,0.05606537519,0.00805952729545919,0,0.0641249024854592,9.588000032318446
0.6,5,18.0,0.62886887823,0.059043288657,0.00805952729545919,0,0.06710281595245919,9.37172113127919
0.6,5,19.0,0.640018270038,0.061606560089,0.00805952729545919,0,0.06966608738445919,9.18694151009222
0.6,5,20.0,0.6486599453,0.063784996964,0.00805952729545919,0,0.0718445242594592,9.02866226739049
0.7,5,-5.0,-0.212698769645,0.006543997948,0.007868478366345168,0.0,0.014412476314345168,-14.757961436043754
0.7,5,-4.0,-0.170344220952,0.004195386823,0.007868478366345168,0.0,0.012063865189345168,-14.120202628130194
0.7,5,-3.0,-0.127857402598,0.002362815682,0.007868478366345168,0.0,0.010231294048345168,-12.496699048414108
0.7,5,-2.0,-0.085284083572,0.001051085528,0.007868478366345168,0.0,0.008919563894345168,-9.561463383436097
0.7,5,-1.0,-0.042653434788,0.000262887783,0.007868478366345168,0.0,0.008131366149345167,-5.24554349227466
0.7,5,0.0,0.0,0.0,0.007868478366345168,0.0,0.007868478366345168,0.0
0.7,5,1.0,0.04264497551,0.00026278434,0.007868478366345168,0.0,0.008131262706345168,5.24456988417338
0.7,5,2.0,0.085243164782,0.001050432811,0.007868478366345168,0.0,0.008918911177345168,9.557575256330084
0.7,5,3.0,0.127753881979,0.002360356791,0.007868478366345168,0.0,0.010228835157345167,12.489582637106233
0.7,5,4.0,0.17013983264,0.00418837628,0.007868478366345168,0.0,0.012056854646345167,14.111460876869327
0.7,5,5.0,0.21238083083,0.006530405533,0.007868478366345168,0.0,0.014398883899345167,14.74981202117052
0.7,5,6.0,0.254429432126,0.009379367556,0.007868478366345168,1.585233880500863e-09,0.017247847507579052,14.751373005483645
0.7,5,7.0,0.296233956059,0.012726607871,0.007868478366345168,5.278104224793719e-08,0.02059513901838742,14.383683246542846
0.7,5,8.0,0.337795165922,0.016564913578,0.007868478366345168,3.2918632043088713e-07,0.0244337211306656,13.824957897962149
0.7,5,9.0,0.379132935522,0.020899442484,0.007868478366345168,1.1435983166628825e-06,0.02876906444866183,13.178493732340854
0.7,5,10.0,0.420151350047,0.025707652022,0.007868478366345168,2.9326920969629096e-06,0.03357906308044213,12.512301163391124
0.7,5,11.0,0.460569863701,0.030931730577,0.007868478366345168,6.218293838293148e-06,0.038806427237183465,11.868391307605151
0.7,5,12.0,0.497791397576,0.036137082288,0.007868478366345168,1.1171913778278464e-05,0.04401673256812345,11.309140150409446
0.7,5,13.0,0.530009248821,0.040922227179,0.007868478366345168,1.74500983925538e-05,0.04880815564373772,10.859030459779364
0.7,5,14.0,0.558945022722,0.04547309131,0.007868478366345168,2.5064305098830697e-05,0.053366633981444,10.473679545094592
0.7,5,15.0,0.583674312752,0.049542407657,0.007868478366345168,3.334407818279247e-05,0.05744423010152796,10.160712602821965
0.7,5,16.0,0.604440348842,0.053108868409,0.007868478366345168,4.17531793807938e-05,0.06101909995472596,9.905756546564497
0.7,5,17.0,0.621495151643,0.056149929907,0.007868478366345168,4.977269621666139e-05,0.06406818096956182,9.70052750425779
0.7,5,18.0,0.634624039805,0.058564482437,0.007868478366345168,5.669271928649916e-05,0.06648965352263167,9.544703667150069
0.7,5,19.0,0.644913582494,0.060497909027,0.007868478366345168,6.26015659388357e-05,0.068428988959284,9.424566872933498
0.7,5,20.0,0.652660579304,0.061990010191,0.007868478366345168,6.734626484623953e-05,0.0699258348221914,9.333611546627886
0.8,5,-5.0,-0.220200170012,0.00699106958,0.0077080407448330565,0.00018954976619996904,0.014888660091033026,-14.789790932537958
0.8,5,-4.0,-0.176367224473,0.004481719429,0.0077080407448330565,0.00025698386244784775,0.012446744036280905,-14.169747844007134
0.8,5,-3.0,-0.132388501397,0.002523918401,0.0077080407448330565,0.00034129684463790524,0.010573255990470962,-12.521072176471824
0.8,5,-2.0,-0.088309425269,0.00112261505,0.0077080407448330565,0.0004450898268724808,0.009275745621705538,-9.520466480058827
0.8,5,-1.0,-0.04416854802,0.000280778,0.0077080407448330565,0.0005711227860819073,0.008559941530914963,-5.159912349924529
0.8,5,0.0,0.0,0.0,0.0077080407448330565,0.0007223008655231746,0.008430341610356232,0.0
0.8,5,1.0,0.04415950349,0.000280637042,0.0077080407448330565,0.0009016344422515578,0.008890312229084615,4.967148774092815
0.8,5,2.0,0.088273851964,0.001121515737,0.0077080407448330565,0.0011122221586458455,0.009941778640478903,8.879080409674842
0.8,5,3.0,0.132307778869,0.002520200899,0.0077080407448330565,0.0013572264729403431,0.0115854681167734,11.420149581823566
0.8,5,4.0,0.176223212817,0.004472814073,0.0077080407448330565,0.0016398218129203446,0.013820676630753401,12.750693582170413
0.8,5,5.0,0.219979436043,0.006973873245,0.0077080407448330565,0.0019631496477485193,0.016645063637581576,13.215896366195066
0.8,5,6.0,0.263534817366,0.010017319542,0.0077080407448330565,0.0023302829702301817,0.020055643257063237,13.140182739997021
0.8,5,7.0,0.306860608989,0.013594713639,0.0077080407448330565,0.002744319960846086,0.02404707434467914,12.76082922149316
0.8,5,8.0,0.349911896417,0.017696466947,0.0077080407448330565,0.0032080901994280204,0.028612597891261075,12.22929486329065
0.8,5,9.0,0.392667825755,0.022314537389,0.0077080407448330565,0.0037245256440730295,0.03374710377790609,11.635600741894654
0.8,5,10.0,0.435084619304,0.027429752356,0.0077080407448330565,0.004296118108062847,0.0394339112088959,11.033260611639486
0.8,5,11.0,0.476438447322,0.032921548322,0.0077080407448330565,0.004914382918358465,0.04554397198519152,10.461064912759749
0.8,5,12.0,0.513437102346,0.038169238373,0.0077080407448330565,0.005522031000545405,0.05139931011837846,9.98918275680152
0.8,5,13.0,0.545581312116,0.042950454174,0.0077080407448330565,0.006094229885820257,0.056752724804653314,9.613306039382735
0.8,5,14.0,0.573046815689,0.047205234374,0.0077080407448330565,0.006617412124373542,0.0615306872432066,9.313187311299991
0.8,5,15.0,0.596050054951,0.050883936325,0.0077080407448330565,0.007080918962484912,0.06567289603231796,9.076043405451175
0.8,5,16.0,0.614752311332,0.053913597406,0.0077080407448330565,0.007475364761575517,0.06909700291240857,8.89694611083633
0.8,5,17.0,0.629360586141,0.056252491217,0.0077080407448330565,0.0077947496072031455,0.07175528156903621,8.77093047897092
0.8,5,18.0,0.640465663141,0.05796929292,0.0077080407448330565,0.008044306858689362,0.07372164052352241,8.687620874858938
0.8,5,19.0,0.648698271698,0.05914045634,0.0077080407448330565,0.008233145001064975,0.07508164208589804,8.639905224180486
0.8,5,20.0,0.654378292321,0.05978121932,0.0077080407448330565,0.0083653569725555,0.07585461703738856,8.626743076146024
0.9,5,-5.0,-0.231253461662,0.007660980794,0.007570278596319318,0.0113599836100108,0.02659124300033012,-8.696602173096199
0.9,5,-4.0,-0.185242936917,0.004911847459,0.007570278596319318,0.012777142794110533,0.02525926884942985,-7.333661873636587
0.9,5,-3.0,-0.139068479735,0.00276650509,0.007570278596319318,0.014328680353552056,0.024665464039871375,-5.638186231169127
0.9,5,-2.0,-0.092772495706,0.001230584042,0.007570278596319318,0.016022039953291364,0.024822902591610685,-3.7373750053450245
0.9,5,-1.0,-0.046401493727,0.000307777106,0.007570278596319318,0.017864335951110276,0.025742391653429595,-1.8025323502067858
0.9,5,0.0,0.0,0.0,0.007570278596319318,0.01986248579476402,0.027432764391083338,0.0
0.9,5,1.0,0.046391901682,0.000307615137,0.007570278596319318,0.0220232838101897,0.02990117754350902,1.5515075155316351
0.9,5,2.0,0.092733884129,0.001229288719,0.007570278596319318,0.024353160292969883,0.033152727608289204,2.7971720826317066
0.9,5,3.0,0.138981274265,0.002762081902,0.007570278596319318,0.026857871264087053,0.03719023176240637,3.737037057281498
0.9,5,4.0,0.185085858073,0.004901202727,0.007570278596319318,0.029542379116799262,0.04201386044011858,4.405352332161876
0.9,5,5.0,0.231008772463,0.007640347542,0.007570278596319318,0.03241152238141903,0.04762214851973835,4.850868338442392
0.9,5,6.0,0.276704909364,0.010971751051,0.007570278596319318,0.03546905394495555,0.05401108359227487,5.123113460430124
0.9,5,7.0,0.322132377277,0.014885673788,0.007570278596319318,0.03871811594485994,0.06117406832917926,5.265832174894716
0.9,5,8.0,0.367248356539,0.019370158481,0.007570278596319318,0.04216090375326305,0.06910134083058236,5.314634305568582
0.9,5,9.0,0.412018356112,0.024412411192,0.007570278596319318,0.04579933741264856,0.07778202720096788,5.297089455478643
0.9,5,10.0,0.456319497474,0.029984153879,0.007570278596319318,0.04962658900109635,0.08718102147641567,5.23416094175318
0.9,5,11.0,0.49783644948,0.03558307742,0.007570278596319318,0.053426444093692016,0.09657980011001133,5.154664318138249
0.9,5,12.0,0.534107668867,0.040615906762,0.007570278596319318,0.05692117945237289,0.10510736481069222,5.0815437132210075
0.9,5,13.0,0.565076985289,0.044971511784,0.007570278596319318,0.06003839019234063,0.11258018057265995,5.01932917867631
0.9,5,14.0,0.590769202052,0.048599780929,0.007570278596319318,0.06272015228753039,0.1188902118128497,4.969031453842102
0.9,5,15.0,0.611696354747,0.05144921536,0.007570278596319318,0.06497010919903222,0.12398960315535154,4.933448766511344
0.9,5,16.0,0.628565373791,0.053551417018,0.007570278596319318,0.06682738565573959,0.1279490812700589,4.9126212361330115
0.9,5,17.0,0.64079527537,0.054601670252,0.007570278596319318,0.0681985874628492,0.13037053631116852,4.91518477641719
0.9,5,18.0,0.64947361744,0.054803608917,0.007570278596319318,0.06918431437381692,0.13155820188713624,4.93677785287141
0.9,5,19.0,0.654627002726,0.054118156835,0.007570278596319318,0.06977469371613992,0.13146312914745925,4.979548311159698
0.9,5,20.0,0.657997450804,0.052469221271,0.007570278596319318,0.07016285555238444,0.13020235541970376,5.053652437261699
0.95,5,-5.0,-0.23888961347,0.008138654696,0.0075081860636106775,0.034376643211397245,0.05002348397100792,-4.775549292177512
0.95,5,-4.0,-0.191376290558,0.005218724146,0.0075081860636106775,0.03770203923576131,0.05042894944537199,-3.7949688157852983
0.95,5,-3.0,-0.143681556131,0.002939571735,0.0075081860636106775,0.04127711454678901,0.051724872345399686,-2.7778039773892025
0.95,5,-2.0,-0.095855415471,0.001307681542,0.0075081860636106775,0.04511149878430007,0.05392736638991075,-1.7774911309025756
0.95,5,-1.0,-0.047945426036,0.000327069106,0.0075081860636106775,0.04921443485948342,0.0570496900290941,-0.8404151891368538
0.95,5,0.0,0.0,0.0,0.0075081860636106775,0.05359442107276271,0.06110260713637339,0.0
0.95,5,1.0,0.04793525275,0.000326891703,0.0075081860636106775,0.05825943675169255,0.06609451451830323,0.7252531181952403
0.95,5,2.0,0.095814604139,0.001306270157,0.0075081860636106775,0.06321659896869217,0.07203105518930285,1.3301846528166534
0.95,5,3.0,0.143589537848,0.00293478223,0.0075081860636106775,0.06847174057658804,0.07891470887019872,1.8195535395585172
0.95,5,4.0,0.191211515439,0.005207128953,0.0075081860636106775,0.0740295302192023,0.08674484523581298,2.2042983063627335
0.95,5,5.0,0.238633485485,0.008116287403,0.0075081860636106775,0.07989353936074542,0.0955180128273561,2.4983087317396118
0.95,5,6.0,0.285811052277,0.01165315991,0.0075081860636106775,0.08606633039776013,0.1052276763713708,2.716120531525491
0.95,5,7.0,0.332693068493,0.01580651718,0.0075081860636106775,0.09254810227555406,0.11586280551916474,2.871439777435474
0.95,5,8.0,0.379242297017,0.020565372577,0.0075081860636106775,0.09933941446131889,0.12741297310192956,2.976481026885768
0.95,5,9.0,0.425393657249,0.025910201149,0.0075081860636106775,0.10643503364781189,0.13985342086042257,3.04171077569532
0.95,5,10.0,0.470818845194,0.031765237636,0.0075081860636106775,0.11378367029120984,0.15305709399082051,3.076099466662009
0.95,5,11.0,0.512531611201,0.037452906156,0.0075081860636106775,0.12086093913246487,0.16582203135207554,3.090853531475477
0.95,5,12.0,0.548393182863,0.042330757717,0.0075081860636106775,0.12720500603481932,0.17704394981543,3.0974974487109277
0.95,5,13.0,0.57853456216,0.046258426277,0.0075081860636106775,0.13272757302915753,0.1864941853697682,3.102158713489755
0.95,5,14.0,0.603275924289,0.049161591853,0.0075081860636106775,0.1373935151783875,0.19406329309499817,3.108655504437325
0.95,5,15.0,0.622787115844,0.050979137545,0.0075081860636106775,0.14115900935792203,0.1996463329665327,3.1194518155682815
0.95,5,16.0,0.637416233542,0.051740390636,0.0075081860636106775,0.14403267581105333,0.203281252510664,3.135637082463183
0.95,5,17.0,0.648249826593,0.051446042522,0.0075081860636106775,0.14618887931839672,0.20514310790400742,3.159988328227607
0.95,5,18.0,0.655407463967,0.049871898686,0.0075081860636106775,0.14762668016738745,0.20500676491699812,3.1970040804865993
0.95,5,19.0,0.659657017946,0.047213789228,0.0075081860636106775,0.14848531752545444,0.20320729281706512,3.2462270856580333
0.95,5,20.0,0.661429316862,0.042929993942,0.0075081860636106775,0.14884452133205311,0.1992827013376638,3.319050336141705
1.05,5,-5.0,-0.268541459498,0.023494340585,0.007395103417694723,0.16340183673697772,0.19429128073967245,-1.3821590885378645
1.05,5,-4.0,-0.215352064813,0.015058883338,0.007395103417694723,0.17528499830088373,0.19773898505657844,-1.0890723685639532
1.05,5,-3.0,-0.16198562181,0.008489306715,0.007395103417694723,0.18784757223054044,0.20373198236323517,-0.7950917667958225
1.05,5,-2.0,-0.108228466872,0.003779421344,0.007395103417694723,0.2011729448290063,0.21234746959070103,-0.5096762729530517
1.05,5,-1.0,-0.054194906841,0.000945975618,0.007395103417694723,0.2152689390257958,0.22361001806149053,-0.24236350102210957
1.05,5,0.0,0.0,0.0,0.007395103417694723,0.23013842015527738,0.2375335235729721,0.0
1.05,5,1.0,0.054240749227,0.0009467758,0.007395103417694723,0.24577878245377016,0.2541206616714649,0.2134448606824585
1.05,5,2.0,0.108411696802,0.003785819874,0.007395103417694723,0.26218146383471164,0.27336238712640637,0.3965860041742648
1.05,5,3.0,0.162397365983,0.008510885313,0.007395103417694723,0.2793314995841998,0.2952374883148945,0.5500567252143473
1.05,5,4.0,0.216082753788,0.015109978088,0.007395103417694723,0.2972071257631062,0.31971220726880095,0.6758664476215211
1.05,5,5.0,0.269353636166,0.023565389644,0.007395103417694723,0.31577944299940547,0.3467399360611002,0.7768174592918431
1.05,5,6.0,0.322096871047,0.033853745313,0.007395103417694723,0.33501215101123244,0.37626099974192717,0.8560463913823712
1.05,5,7.0,0.374200698447,0.045946068448,0.007395103417694723,0.35486136359386866,0.40820253545956336,0.916703513430451
1.05,5,8.0,0.425206528035,0.059758880371,0.007395103417694723,0.3751340760373053,0.44228805982600006,0.9613791704037407
1.05,5,9.0,0.47112195154,0.074618386619,0.007395103417694723,0.3941153941214488,0.47612888415814353,0.9894840813386139
1.05,5,10.0,0.508614215479,0.089682408961,0.007395103417694723,0.4101413969806125,0.5072189093593072,1.0027508953115631
1.05,5,11.0,0.535763412873,0.104141857819,0.007395103417694723,0.42204776532503535,0.5335847265617301,1.0040831122084561
1.05,5,12.0,0.551660821026,0.117259127325,0.007395103417694723,0.4291388643694065,0.5537930951121013,0.9961496918164542
1.05,5,13.0,0.556507040643,0.128479773822,0.007395103417694723,0.43131820247081537,0.56719307971051,0.9811597858828531
1.05,5,14.0,0.5516737204,0.137547706928,0.007395103417694723,0.42914465421444137,0.5740874645601362,0.9609576143988625
1.05,5,15.0,0.540296422032,0.144771989957,0.007395103417694723,0.4240607052628864,0.5762277986375811,0.9376437987015962
1.05,5,16.0,0.526404668188,0.150944109645,0.007395103417694723,0.41791457517243935,0.5762537882351341,0.9134945035245587
1.05,5,17.0,0.512379608428,0.15665016685,0.007395103417694723,0.4117774857845268,0.5758227560522216,0.8898217429627462
1.05,5,18.0,0.496803349882,0.161421193531,0.007395103417694723,0.40504111281379956,0.5738574097624943,0.8657261219082539
1.05,5,19.0,0.479159421245,0.164987819902,0.007395103417694723,0.3975107313529912,0.5698936546726859,0.8407874299288374
1.05,5,20.0,0.461292775786,0.167896839668,0.007395103417694723,0.38999278946033533,0.5652847325460301,0.8160361482050779
1.1,5,-5.0,-0.250910260435,0.021951803183,0.007343347141031553,0.3084818479979572,0.33777699832198876,-0.7428281430691668
1.1,5,-4.0,-0.201459297834,0.014087406327,0.007343347141031553,0.3261781256351253,0.34760887910315685,-0.5795573989760333
1.1,5,-3.0,-0.151535242969,0.007941625507,0.007343347141031553,0.34480524322709144,0.360090215875123,-0.42082577167703844
1.1,5,-2.0,-0.101245914293,0.003535584477,0.007343347141031553,0.36436399777132955,0.3752429293893611,-0.2698143159093207
1.1,5,-1.0,-0.050698298671,0.000884941906,0.007343347141031553,0.3848500984963115,0.39307838754334307,-0.12897757871617838
1.1,5,0.0,0.0,0.0,0.007343347141031553,0.4062530611196975,0.4135964082607291,0.0
1.1,5,1.0,0.050740929444,0.000885686029,0.007343347141031553,0.4285556902471045,0.43678472341713603,0.11616919439634715
1.1,5,2.0,0.101416307553,0.003541534741,0.007343347141031553,0.4517336620300112,0.46261854391204277,0.21922231369151987
1.1,5,3.0,0.151918142072,0.007961692398,0.007343347141031553,0.4757551635966397,0.4910602031356713,0.30936765207590583
1.1,5,4.0,0.202138797805,0.014134921593,0.007343347141031553,0.5005805226780496,0.5220587914120812,0.3871954675032836
1.1,5,5.0,0.251971444974,0.0220446448,0.007343347141031553,0.5261620441100252,0.5555500360510568,0.4535531070523466
1.1,5,6.0,0.301310245027,0.031668982639,0.007343347141031553,0.5524438055367624,0.591456135316794,0.5094380242849508
1.1,5,7.0,0.350050653066,0.042980815401,0.007343347141031553,0.5793615992274394,0.6296857617694709,0.5559132416815773
1.1,5,8.0,0.398062282019,0.055944004949,0.007343347141031553,0.6068270058854277,0.6701143579754593,0.5940214193016555
1.1,5,9.0,0.442721702724,0.070120229105,0.007343347141031553,0.6332407064777773,0.7107042827238088,0.6229337763763678
1.1,5,10.0,0.480828780579,0.084783087117,0.007343347141031553,0.6564528361716393,0.7485792704296709,0.6423217948621701
1.1,5,11.0,0.510566496479,0.099244073421,0.007343347141031553,0.6750056639158495,0.781593084477881,0.6532382471373427
1.1,5,12.0,0.530968511241,0.112860841104,0.007343347141031553,0.6879596463240072,0.8081638345690387,0.6570060283929238
1.1,5,13.0,0.541861578451,0.125098602458,0.007343347141031553,0.6949519259573839,0.8273938755564154,0.6549016066702242
1.1,5,14.0,0.543918083654,0.135614009508,0.007343347141031553,0.6962779583258866,0.8392353149749181,0.6481115295657641
1.1,5,15.0,0.538751474908,0.144358022623,0.007343347141031553,0.6929501337644655,0.8446515035284969,0.6378387686014739
1.1,5,16.0,0.52930712217,0.151776374932,0.007343347141031553,0.6868978535059305,0.8460175755789621,0.6256455391104315
1.1,5,17.0,0.518898169573,0.158643090991,0.007343347141031553,0.6802734431893549,0.8462598813213864,0.6131664527955291
1.1,5,18.0,0.506561905338,0.164591940406,0.007343347141031553,0.6724846379927198,0.8444199255397514,0.5998933587624744
1.1,5,19.0,0.492907140106,0.169721539126,0.007343347141031553,0.6639415610723773,0.8410064473394089,0.5860919873627023
1.1,5,20.0,0.477088557347,0.173646033983,0.007343347141031553,0.6541467529526694,0.835136134076701,0.5712704047639532
1.2,5,-5.0,-0.238516183112,0.020867462869,0.007247886310184524,0.8470717974056413,0.8751871465848259,-0.2725316339970748
1.2,5,-4.0,-0.191515592383,0.013392074943,0.007247886310184524,0.8827530183166045,0.903392979569789,-0.21199588298129454
1.2,5,-3.0,-0.144062556238,0.007549998724,0.007247886310184524,0.9199095085706017,0.9347073936047863,-0.15412583362843563
1.2,5,-2.0,-0.096257738441,0.003361394329,0.007247886310184524,0.958515269240735,0.9691245498799196,-0.09932442476349083
1.2,5,-1.0,-0.048202779156,0.000841382648,0.007247886310184524,0.998535096342057,1.0066243653002416,-0.0478855676631896
1.2,5,0.0,0.0,0.0,0.007247886310184524,1.0399240687946223,1.0471719551048069,0.0
1.2,5,1.0,0.048247867465,0.000842169667,0.007247886310184524,1.0826270811476981,1.0907171371248827,0.04423499532810202
1.2,5,2.0,0.09643795436,0.003367687607,0.007247886310184524,1.1265784513634456,1.13719402528063,0.08480343038752916
1.2,5,3.0,0.144467527495,0.007571222368,0.007247886310184524,1.1717016147765456,1.1865207234547301,0.12175727287287615
1.2,5,4.0,0.192234262012,0.013442329219,0.007247886310184524,1.2179089148432474,1.238599130372432,0.15520296865879232
1.2,5,5.0,0.239636538307,0.020965481247,0.007247886310184524,1.265101526180636,1.2933148937378205,0.185288624964663
1.2,5,6.0,0.286573615114,0.030120101786,0.007247886310184524,1.3131693708221028,1.3505373589182874,0.2121922901440735
1.2,5,7.0,0.332946034009,0.040880634119,0.007247886310184524,1.3619913907753676,1.4101199112045522,0.2361118592564167
1.2,5,8.0,0.378641546458,0.053214600991,0.007247886310184524,1.4114201070506203,1.4718825943518048,0.25724982951153663
1.2,5,9.0,0.421253087242,0.066719934458,0.007247886310184524,1.4587138063892156,1.5326816271574,0.2748470913840602
1.2,5,10.0,0.458053553915,0.080767200165,0.007247886310184524,1.5005057426233461,1.5885208290985307,0.28835224916436303
1.2,5,11.0,0.487531285857,0.094766482059,0.007247886310184524,1.5346242685605258,1.6366386369297103,0.2978857243475539
1.2,5,12.0,0.508799041258,0.108148574791,0.007247886310184524,1.5595992083995094,1.674995669500694,0.3037614069830222
1.2,5,13.0,0.521708954513,0.120446002622,0.007247886310184524,1.5749073747692965,1.7026012637014811,0.30641875207985975
1.2,5,14.0,0.52707161915,0.131413714158,0.007247886310184524,1.5812992685101979,1.7199608689783823,0.30644395966000587
1.2,5,15.0,0.526261411011,0.141011320088,0.007247886310184524,1.5803323157345477,1.7285915221327322,0.3044452111865618
1.2,5,16.0,0.521378360911,0.149502839226,0.007247886310184524,1.5745139671715183,1.7312646927077027,0.3011546201497143
1.2,5,17.0,0.515484258984,0.157599353781,0.007247886310184524,1.5675123274942608,1.7323595675854453,0.2975619315004445
1.2,5,18.0,0.50722071834,0.164806001726,0.007247886310184524,1.557735368447071,1.7297892564832555,0.2932268867082711
1.2,5,19.0,0.496683291544,0.171021772338,0.007247886310184524,1.545334504435267,1.7236041630834515,0.28816552093692765
1.2,5,20.0,0.484954371787,0.176508956308,0.007247886310184524,1.5316186767925302,1.7153755194107148,0.2827103256980122
0.1,6,-5.0,-0.194280707694,0.005501293157,0.010672302000696094,0,0.016173595157696095,-12.012215329969655
0.1,6,-4.0,-0.155559038611,0.003524976095,0.010672302000696094,0,0.014197278095696094,-10.95696214178954
0.1,6,-3.0,-0.11672490319,0.001984008977,0.010672302000696094,0,0.012656310977696095,-9.22266396548737
0.1,6,-2.0,-0.077842198605,0.000882104027,0.010672302000696094,0,0.011554406027696093,-6.7370142972655644
0.1,6,-1.0,-0.038929548062,0.000220597187,0.010672302000696094,0,0.010892899187696094,-3.573846355428706
0.1,6,0.0,0.0,0.0,0.010672302000696094,0,0.010672302000696094,0.0
0.1,6,1.0,0.038921058371,0.000220507289,0.010672302000696094,0,0.010892809289696093,3.5730964653734327
0.1,6,2.0,0.07781025705,0.000881456982,0.010672302000696094,0,0.011553758982696094,6.734626987332465
0.1,6,3.0,0.116643096025,0.001981630139,0.010672302000696094,0,0.012653932139696095,9.21793279253364
0.1,6,4.0,0.155382113557,0.003517799238,0.010672302000696094,0,0.014190101238696094,10.950035587714934
0.1,6,5.0,0.194051236909,0.005489179062,0.010672302000696094,0,0.016161481062696093,12.007020653379893
0.1,6,6.0,0.232616465226,0.007891859647,0.010672302000696094,0,0.018564161647696094,12.530405069752712
0.1,6,7.0,0.271049468871,0.010723236519,0.010672302000696094,0,0.021395538519696094,12.66850416601947
0.1,6,8.0,0.309329093262,0.013979321557,0.010672302000696094,0,0.024651623557696095,12.548021128832678
0.1,6,9.0,0.347423402987,0.017655013235,0.010672302000696094,0,0.028327315235696093,12.264607503262484
0.1,6,10.0,0.385319024484,0.021741426377,0.010672302000696094,0,0.03241372837769609,11.887525556891452
0.1,6,11.0,0.422963704537,0.026234782791,0.010672302000696094,0,0.03690708479169609,11.460230655555996
0.1,6,12.0,0.460303918491,0.031116724466,0.010672302000696094,0,0.04178902646669609,11.014947162213526
0.1,6,13.0,0.495688097708,0.036128613989,0.010672302000696094,0,0.04680091598969609,10.591418719606535
0.1,6,14.0,0.527811950638,0.041021016532,0.010672302000696094,0,0.0516933185326961,10.21044818982086
0.1,6,15.0,0.555903067828,0.04561830557,0.010672302000696094,0,0.056290607570696094,9.87559189390227
0.1,6,16.0,0.58018218629,0.049880457544,0.010672302000696094,0,0.06055275954469609,9.581432632508637
0.1,6,17.0,0.600987971303,0.053800082797,0.010672302000696094,0,0.0644723847976961,9.321633955201175
0.1,6,18.0,0.618547485058,0.057358960084,0.010672302000696094,0,0.06803126208469609,9.092106571357357
0.1,6,19.0,0.632986778812,0.060533688652,0.010672302000696094,0,0.07120599065269609,8.889515797896326
0.1,6,20.0,0.644588307307,0.0633239239,0.010672302000696094,0,0.07399622590069609,8.711097079086791
0.2,6,-5.0,-0.197623198285,0.005685523388,0.009482517243543855,0,0.015168040631543854,-13.028920681687628
0.2,6,-4.0,-0.158260892555,0.003644142195,0.009482517243543855,0,0.013126659438543855,-12.056448428173432
0.2,6,-3.0,-0.11877865304,0.002050703676,0.009482517243543855,0,0.011533220919543855,-10.298827523430269
0.2,6,-2.0,-0.079277166751,0.000912893936,0.009482517243543855,0,0.010395411179543854,-7.626169410884105
0.2,6,-1.0,-0.039653495632,0.000227978429,0.009482517243543855,0,0.009710495672543855,-4.083570702175287
0.2,6,0.0,0.0,0.0,0.009482517243543855,0,0.009482517243543855,0.0
0.2,6,1.0,0.039642810519,0.0002281635,0.009482517243543855,0,0.009710680743543854,4.082392529005397
0.2,6,2.0,0.079223406093,0.0009123372,0.009482517243543855,0,0.010394854443543855,7.621406006527096
0.2,6,3.0,0.118671536191,0.002048554481,0.009482517243543855,0,0.011531071724543854,10.291457639484452
0.2,6,4.0,0.156211501544,0.0035543045,0.009482517243543855,0,0.013036821743543855,11.982330096778353
0.2,6,5.0,0.195064244619,0.005544242425,0.009482517243543855,0,0.015026759668543855,12.98112493456165
0.2,6,6.0,0.23380227987,0.007969620519,0.009482517243543855,0,0.017452137762543854,13.396770243917704
0.2,6,7.0,0.272399062037,0.010826483624,0.009482517243543855,0,0.020309000867543857,13.412725904814222
0.2,6,8.0,0.310833649664,0.014110742698,0.009482517243543855,0,0.023593259941543855,13.174679990562602
0.2,6,9.0,0.349076919151,0.017815596936,0.009482517243543855,0,0.027298114179543854,12.787583671716952
0.2,6,10.0,0.387040390704,0.021927722303,0.009482517243543855,0,0.03141023954654386,12.322108850220053
0.2,6,11.0,0.424952564669,0.026465721442,0.009482517243543855,0,0.03594823868554385,11.821234647579258
0.2,6,12.0,0.46232830172,0.031373628469,0.009482517243543855,0,0.040856145712543854,11.31600383875794
0.2,6,13.0,0.497722931438,0.036402884112,0.009482517243543855,0,0.04588540135554386,10.847086801777866
0.2,6,14.0,0.529484794908,0.041263842604,0.009482517243543855,0,0.05074635984754385,10.433946326371375
0.2,6,15.0,0.557478686596,0.045835950981,0.009482517243543855,0,0.05531846822454385,10.077623341505618
0.2,6,16.0,0.581592519731,0.050073973925,0.009482517243543855,0,0.059556491168543856,9.765392626726499
0.2,6,17.0,0.602227838528,0.053974564874,0.009482517243543855,0,0.06345708211754386,9.490317210181072
0.2,6,18.0,0.619510049178,0.057488826961,0.009482517243543855,0,0.06697134420454386,9.250375015407972
0.2,6,19.0,0.633727122893,0.0606161893,0.009482517243543855,0,0.07009870654354386,9.040496667357791
0.2,6,20.0,0.645104822789,0.063354954964,0.009482517243543855,0,0.07283747220754386,8.85677115415032
0.3,6,-5.0,-0.199332158118,0.0057748388,0.008870764457318239,0,0.01464560325731824,-13.61037538814907
0.3,6,-4.0,-0.159626904604,0.00370087482,0.008870764457318239,0,0.012571639277318239,-12.697381867454547
0.3,6,-3.0,-0.119806827897,0.002082686939,0.008870764457318239,0,0.010953451396318238,-10.937815265905177
0.3,6,-2.0,-0.079905962866,0.000925366854,0.008870764457318239,0,0.009796131311318238,-8.156889727853931
0.3,6,-1.0,-0.039960841408,0.00023141883,0.008870764457318239,0,0.009102183287318238,-4.390247937950895
0.3,6,0.0,0.0,0.0,0.008870764457318239,0,0.008870764457318239,0.0
0.3,6,1.0,0.039951172589,0.00023132437,0.008870764457318239,0,0.009102088827318238,4.389231235482336
0.3,6,2.0,0.079862803748,0.000925119808,0.008870764457318239,0,0.009795884265318239,8.152689597482244
0.3,6,3.0,0.119702444128,0.002080963336,0.008870764457318239,0,0.010951727793318239,10.930005418965187
0.3,6,4.0,0.159432438977,0.0036945476,0.008870764457318239,0,0.012565312057318239,12.68829920416851
0.3,6,5.0,0.199050381217,0.005763571681,0.008870764457318239,0,0.014634336138318238,13.601599644538071
0.3,6,6.0,0.238436042268,0.008275718901,0.008870764457318239,0,0.01714648335831824,13.905827643213382
0.3,6,7.0,0.277711052415,0.011240847276,0.008870764457318239,0,0.02011161173331824,13.808493128122858
0.3,6,8.0,0.316835180667,0.014645887929,0.008870764457318239,0,0.02351665238631824,13.472801122464677
0.3,6,9.0,0.355721058953,0.018481805399,0.008870764457318239,0,0.02735256985631824,13.005032463917868
0.3,6,10.0,0.394376393954,0.022745896081,0.008870764457318239,0,0.03161666053831824,12.473689100593978
0.3,6,11.0,0.427961476442,0.026832576068,0.008870764457318239,0,0.03570334052531823,11.986594815645349
0.3,6,12.0,0.465473531435,0.031788470037,0.008870764457318239,0,0.04065923449431824,11.44816269229185
0.3,6,13.0,0.500589650557,0.036812606803,0.008870764457318239,0,0.04568337126031824,10.957808864509637
0.3,6,14.0,0.532332623665,0.041691342597,0.008870764457318239,0,0.05056210705431824,10.528291930024231
0.3,6,15.0,0.560013925728,0.046289300526,0.008870764457318239,0,0.05516006498331824,10.152524764018352
0.3,6,16.0,0.583843852446,0.050563757792,0.008870764457318239,0,0.059434522249318236,9.82331194649583
0.3,6,17.0,0.604118927938,0.054464781628,0.008870764457318239,0,0.06333554608531825,9.53838666085237
0.3,6,18.0,0.621205555643,0.058036592689,0.008870764457318239,0,0.06690735714631824,9.284562746732009
0.3,6,19.0,0.635005517506,0.061170850708,0.008870764457318239,0,0.07004161516531823,9.066117564639327
0.3,6,20.0,0.646112736664,0.06395555728,0.008870764457318239,0,0.07282632173731825,8.871967185085962
0.4,6,-5.0,-0.201595437012,0.005900176153,0.008469564081759369,0,0.014369740234759369,-14.029163625683026
0.4,6,-4.0,-0.16143190325,0.003779520014,0.008469564081759369,0,0.01224908409575937,-13.179099921918873
0.4,6,-3.0,-0.121155625904,0.00212660056,0.008469564081759369,0,0.01059616464175937,-11.433913118575658
0.4,6,-2.0,-0.080805290371,0.000945727943,0.008469564081759369,0,0.009415292024759369,-8.582345630757553
0.4,6,-1.0,-0.040411120193,0.000236512373,0.008469564081759369,0,0.00870607645475937,-4.641714370760938
0.4,6,0.0,0.0,0.0,0.008469564081759369,0,0.008469564081759369,0.0
0.4,6,1.0,0.040402223672,0.000236414078,0.008469564081759369,0,0.008705978159759369,4.640744891682189
0.4,6,2.0,0.080770410235,0.000944971867,0.008469564081759369,0,0.00941453594875937,8.579329950473426
0.4,6,3.0,0.121078676853,0.002124636716,0.008469564081759369,0,0.010594200797759369,11.428769301654889
0.4,6,4.0,0.161290270558,0.003774242336,0.008469564081759369,0,0.012243806417759368,13.173213056035586
0.4,6,5.0,0.201379373402,0.005889123313,0.008469564081759369,0,0.01435868739475937,14.02491522139408
0.4,6,6.0,0.24130486816,0.008462702228,0.008469564081759369,0,0.01693226630975937,14.25118550261151
0.4,6,7.0,0.281068153288,0.011495318862,0.008469564081759369,0,0.01996488294375937,14.078126782899892
0.4,6,8.0,0.32063760655,0.014975591346,0.008469564081759369,0,0.02344515542775937,13.676070842778927
0.4,6,9.0,0.359818551874,0.018881347917,0.008469564081759369,0,0.02735091199875937,13.155632685678682
0.4,6,10.0,0.398906429203,0.023239483397,0.008469564081759369,0,0.03170904747875937,12.580208518411396
0.4,6,11.0,0.437716620665,0.02802390289,0.008469564081759369,0,0.03649346697175937,11.994383022137331
0.4,6,12.0,0.474927539471,0.033099974699,0.008469564081759369,0,0.04156953878075937,11.424893164579016
0.4,6,13.0,0.508531284947,0.037967012611,0.008469564081759369,0,0.04643657669275937,10.951093322654268
0.4,6,14.0,0.538368738825,0.042613647787,0.008469564081759369,0,0.051083211868759366,10.539054204503667
0.4,6,15.0,0.564666815192,0.04702988886,0.008469564081759369,0,0.05549945294175937,10.174277137191899
0.4,6,16.0,0.58736671096,0.051142724222,0.008469564081759369,0,0.05961228830375937,9.853114645876772
0.4,6,17.0,0.606372027802,0.054638152353,0.008469564081759369,0,0.06310771643475938,9.60852431459576
0.4,6,18.0,0.62321524917,0.058129377931,0.008469564081759369,0,0.06659894201275937,9.357734977991111
0.4,6,19.0,0.636350005136,0.061105402442,0.008469564081759369,0,0.06957496652375937,9.146249533856274
0.4,6,20.0,0.646917482511,0.063755083696,0.008469564081759369,0,0.07222464777775936,8.957018170605878
0.5,6,-5.0,-0.204770492818,0.0060778509,0.00817555720008743,0,0.01425340810008743,-14.366423200690082
0.5,6,-4.0,-0.16396741481,0.00389269951,0.00817555720008743,0,0.01206825671008743,-13.586669454333485
0.5,6,-3.0,-0.123058222176,0.00219169411,0.00817555720008743,0,0.010367251310087429,-11.869898635163135
0.5,6,-2.0,-0.082073806704,0.000974689476,0.00817555720008743,0,0.00915024667608743,-8.96957312839287
0.5,6,-1.0,-0.041046070082,0.000243776632,0.00817555720008743,0,0.00841933383208743,-4.875215890070407
0.5,6,0.0,0.0,0.0,0.00817555720008743,0,0.00817555720008743,0.0
0.5,6,1.0,0.041037254665,0.000243667821,0.00817555720008743,0,0.00841922502108743,4.874231839892031
0.5,6,2.0,0.082039059355,0.000973878404,0.00817555720008743,0,0.009149435604087429,8.966570497348469
0.5,6,3.0,0.122978669221,0.002188831786,0.00817555720008743,0,0.01036438898608743,11.865501129500217
0.5,6,4.0,0.163826318086,0.003886685511,0.00817555720008743,0,0.01206224271108743,13.581746115538975
0.5,6,5.0,0.204545281341,0.006065428015,0.00817555720008743,0,0.014240985215087428,14.363141190842411
0.5,6,6.0,0.245114988313,0.008719153278,0.00817555720008743,0,0.01689471047808743,14.50838643437637
0.5,6,7.0,0.28548757475,0.011840198911,0.00817555720008743,0,0.02001575611108743,14.263142154887587
0.5,6,8.0,0.325658088437,0.015426823337,0.00817555720008743,0,0.02360238053708743,13.797679769008026
0.5,6,9.0,0.365553024354,0.019462154988,0.00817555720008743,0,0.02763771218808743,13.226602182779907
0.5,6,10.0,0.405215280258,0.023953962101,0.00817555720008743,0,0.03212951930108743,12.611930992826446
0.5,6,11.0,0.444580060755,0.028878008898,0.00817555720008743,0,0.03705356609808743,11.99830698017343
0.5,6,12.0,0.481481797319,0.033903686958,0.00817555720008743,0,0.042079244158087434,11.442263447273955
0.5,6,13.0,0.514839988468,0.038809835673,0.00817555720008743,0,0.04698539287308742,10.95744777230315
0.5,6,14.0,0.544271241249,0.043469983648,0.00817555720008743,0,0.05164554084808742,10.53859117963242
0.5,6,15.0,0.569971429233,0.047847851478,0.00817555720008743,0,0.05602340867808743,10.173808461175165
0.5,6,16.0,0.591992255803,0.051806214817,0.00817555720008743,0,0.05998177201708743,9.86953595893024
0.5,6,17.0,0.610497888851,0.055431841016,0.00817555720008743,0,0.06360739821608744,9.597906941217952
0.5,6,18.0,0.625683974205,0.058633478088,0.00817555720008743,0,0.06680903528808743,9.365259826114631
0.5,6,19.0,0.637811973395,0.061420145938,0.00817555720008743,0,0.06959570313808743,9.164530921248017
0.5,6,20.0,0.647403199482,0.063839792205,0.00817555720008743,0,0.07201534940508743,8.989794603930159
0.6,6,-5.0,-0.208689585738,0.006301712136,0.0079457762408559,0,0.0142474883768559,-14.64746488770627
0.6,6,-4.0,-0.167116518092,0.004038741646,0.0079457762408559,0,0.0119845178868559,-13.944367196888761
0.6,6,-3.0,-0.125427655531,0.002274065268,0.0079457762408559,0,0.010219841508855899,-12.272955057308076
0.6,6,-2.0,-0.083656780811,0.001011352501,0.0079457762408559,0,0.0089571287418559,-9.339687216962618
0.6,6,-1.0,-0.041838538406,0.000252946513,0.0079457762408559,0,0.0081987227538559,-5.103055641968516
0.6,6,0.0,0.0,0.0,0.0079457762408559,0,0.0079457762408559,0.0
0.6,6,1.0,0.041829511863,0.000252827786,0.0079457762408559,0,0.0081986040268559,5.10202855583468
0.6,6,2.0,0.083621132069,0.001010462726,0.0079457762408559,0,0.0089562389668559,9.336634761360697
0.6,6,3.0,0.125346273848,0.002270948706,0.0079457762408559,0,0.0102167249468559,12.268733326972274
0.6,6,4.0,0.166971513682,0.004031330944,0.0079457762408559,0,0.011977107184855899,13.94088832177458
0.6,6,5.0,0.208461684603,0.006287217979,0.0079457762408559,0,0.0142329942198559,14.64636894970302
0.6,6,6.0,0.249794405536,0.009037338887,0.0079457762408559,0,0.0169831151278559,14.708397349687887
0.6,6,7.0,0.290926243305,0.012273201593,0.0079457762408559,0,0.0202189778338559,14.388771069220681
0.6,6,8.0,0.331835924353,0.015987943235,0.0079457762408559,0,0.0239337194758559,13.864787071134215
0.6,6,9.0,0.372487460198,0.020172982812,0.0079457762408559,0,0.0281187590528559,13.246938084921215
0.6,6,10.0,0.412854187616,0.024821204724,0.0079457762408559,0,0.0327669809648559,12.599701756436005
0.6,6,11.0,0.452744875689,0.029892952103,0.0079457762408559,0,0.037838728343855904,11.965118689368293
0.6,6,12.0,0.489576692912,0.034974565398,0.0079457762408559,0,0.0429203416388559,11.406635507038576
0.6,6,13.0,0.522374648498,0.039850784801,0.0079457762408559,0,0.0477965610418559,10.929126219782875
0.6,6,14.0,0.551187603237,0.04444761775,0.0079457762408559,0,0.0523933939908559,10.520173656495656
0.6,6,15.0,0.576059435739,0.048706046897,0.0079457762408559,0,0.0566518231378559,10.168418310867482
0.6,6,16.0,0.597255021156,0.052609406678,0.0079457762408559,0,0.0605551829188559,9.86298764808164
0.6,6,17.0,0.614821589742,0.056079511175,0.0079457762408559,0,0.06402528741585589,9.602793123732845
0.6,6,18.0,0.628961929059,0.059080040342,0.0079457762408559,0,0.06702581658285589,9.383875663513782
0.6,6,19.0,0.640081280691,0.061632831178,0.0079457762408559,0,0.06957860741885591,9.199397694722142
0.6,6,20.0,0.648833783084,0.063861298424,0.0079457762408559,0,0.07180707466485589,9.035791892543909
0.7,6,-5.0,-0.214231725267,0.006626787402,0.007758451900577116,0.0,0.014385239302577117,-14.892468645177168
0.7,6,-4.0,-0.171567803019,0.004247500255,0.007758451900577116,0.0,0.012005952155577116,-14.290228779505982
0.7,6,-3.0,-0.128776819837,0.002391813124,0.007758451900577116,0.0,0.010150265024577117,-12.687040143798132
0.7,6,-2.0,-0.085894521401,0.001063745446,0.007758451900577116,0.0,0.008822197346577116,-9.736182271452567
0.7,6,-1.0,-0.042958705432,0.000266049638,0.007758451900577116,0.0,0.008024501538577117,-5.353442232577268
0.7,6,0.0,0.0,0.0,0.007758451900577116,0.0,0.007758451900577116,0.0
0.7,6,1.0,0.04294969477,0.000265922123,0.007758451900577116,0.0,0.008024374023577117,5.3524043923931925
0.7,6,2.0,0.085859032003,0.00106277852,0.007758451900577116,0.0,0.008821230420577116,9.733226308511144
0.7,6,3.0,0.128695712361,0.002388439283,0.007758451900577116,0.0,0.010146891183577117,12.68326525165617
0.7,6,4.0,0.171422981398,0.004239501708,0.007758451900577116,0.0,0.011997953608577116,14.287684966163969
0.7,6,5.0,0.214004564212,0.006611111271,0.007758451900577116,0.0,0.014369563171577115,14.892906740220146
0.7,6,6.0,0.256409440567,0.009497686147,0.007758451900577116,2.050169046574569e-09,0.01725614009774616,14.859026358999591
0.7,6,7.0,0.29860132361,0.012893893741,0.007758451900577116,6.011340446449295e-08,0.02065240575498158,14.45842809562146
0.7,6,8.0,0.34055134848,0.016791820588,0.007758451900577116,3.62442167028037e-07,0.024550634930744143,13.871386603266057
0.7,6,9.0,0.382236279239,0.021184561015,0.007758451900577116,1.2382751947312864e-06,0.028944251190771847,13.205948107611315
0.7,6,10.0,0.423601099991,0.026054804584,0.007758451900577116,3.145193119042794e-06,0.03381640167769616,12.526498355098171
0.7,6,11.0,0.464057168818,0.031310590545,0.007758451900577116,6.5941373473440175e-06,0.03907563658292446,11.87586970805197
0.7,6,12.0,0.500686178993,0.036445726744,0.007758451900577116,1.1653036832683942e-05,0.044215831681409794,11.323685656319107
0.7,6,13.0,0.532944922324,0.041302125939,0.007758451900577116,1.8130806532665064e-05,0.049078708646109775,10.858984211807373
0.7,6,14.0,0.560963748786,0.04581891187,0.007758451900577116,2.567517447136592e-05,0.05360303894504848,10.465148242081494
0.7,6,15.0,0.584844016556,0.049929008886,0.007758451900577116,3.3780703862347494e-05,0.057721241490439466,10.132214787044548
0.7,6,16.0,0.604693167311,0.053582784816,0.007758451900577116,4.1864456857504956e-05,0.061383101173434616,9.851134200640535
0.7,6,17.0,0.62086763954,0.056765582951,0.007758451900577116,4.945865759104337e-05,0.06457349350916816,9.6148993309747
0.7,6,18.0,0.633495796799,0.059425640627,0.007758451900577116,5.6071274103854054e-05,0.06724016380168098,9.42138985067676
0.7,6,19.0,0.643254965976,0.061647980333,0.007758451900577116,6.161922782294351e-05,0.06946805146140006,9.259723749894219
0.7,6,20.0,0.65040417327,0.063440929237,0.007758451900577116,6.59374153703163e-05,0.07126531855294742,9.126517448831361
0.8,6,-5.0,-0.220196179353,0.006991267947,0.007601115186545614,0.0001895552236462593,0.014781938357191873,-14.89629939133576
0.8,6,-4.0,-0.176361081763,0.00448159799,0.007601115186545614,0.00025699441709727705,0.01233970759364289,-14.292160525250763
0.8,6,-3.0,-0.132385600741,0.002523870494,0.007601115186545614,0.00034130301053250585,0.01046628869107812,-12.648762579408949
0.8,6,-2.0,-0.088308679266,0.001122598169,0.007601115186545614,0.000445091762067581,0.009168805117613196,-9.631427228871926
0.8,6,-1.0,-0.044168249343,0.000280773074,0.007601115186545614,0.0005711237201894638,0.008453011980735078,-5.225149265570911
0.8,6,0.0,0.0,0.0,0.007601115186545614,0.0007223008655231746,0.008323416052068789,0.0
0.8,6,1.0,0.044159197521,0.000280632007,0.007601115186545614,0.0009016330945374435,0.008783380288083058,5.0275857440572675
0.8,6,2.0,0.088273726937,0.001121522172,0.007601115186545614,0.00111222151403873,0.009834858872584345,8.975596709686588
0.8,6,3.0,0.132305298409,0.002520179157,0.007601115186545614,0.0013572116249591028,0.011478505968504717,11.5263518416095
0.8,6,4.0,0.176216601834,0.004472847139,0.007601115186545614,0.0016397762085222862,0.0137137385340679,12.8496398991595
0.8,6,5.0,0.219967050917,0.006974131012,0.007601115186545614,0.0019630518666089378,0.016538298065154552,13.300464778806996
0.8,6,6.0,0.263521501566,0.010017781666,0.007601115186545614,0.0023301634165013158,0.019949060269046928,13.20972005758494
0.8,6,7.0,0.306834757205,0.013594349897,0.007601115186545614,0.002744057569971444,0.023939522653517058,12.817079172625924
0.8,6,8.0,0.349876697594,0.017695087702,0.007601115186545614,0.003207688556244193,0.02850389144478981,12.274699343129639
0.8,6,9.0,0.39261662093,0.022311039853,0.007601115186545614,0.0037238721626310237,0.033636027202176635,11.672502777158927
0.8,6,10.0,0.434989575902,0.027428232886,0.007601115186545614,0.004294768133228842,0.03932411620577445,11.061649132196518
0.8,6,11.0,0.476344684863,0.032925593237,0.007601115186545614,0.004912909827168733,0.04543961825071434,10.483025676728953
0.8,6,12.0,0.513351144326,0.038169991816,0.007601115186545614,0.00552055711153041,0.05129166411407602,10.008471224179303
0.8,6,13.0,0.545478596186,0.042949027998,0.007601115186545614,0.006092333511939558,0.05664247669648518,9.63020383287457
0.8,6,14.0,0.572952688084,0.047211095276,0.007601115186545614,0.006615563556640752,0.061427774019186365,9.327257860671361
0.8,6,15.0,0.59594170625,0.050881245064,0.007601115186545614,0.007078680307564358,0.06556104055810996,9.089875651405924
0.8,6,16.0,0.614658493135,0.053909631255,0.007601115186545614,0.0074733458601838835,0.0689840923017295,8.91014830559117
0.8,6,17.0,0.629229121633,0.05624064742,0.007601115186545614,0.007791830521337461,0.07163359312788307,8.7839949688085
0.8,6,18.0,0.640386077416,0.057948927527,0.007601115186545614,0.008042497341416018,0.07359254005496163,8.701779785529022
0.8,6,19.0,0.648552292424,0.059101376738,0.007601115186545614,0.008229767881545315,0.07493225980609092,8.655181281097331
0.8,6,20.0,0.65420637877,0.059728416062,0.007601115186545614,0.008361332186303543,0.07569086343484915,8.643135367759513
0.9,6,-5.0,-0.23125176491,0.007664077557,0.007465995828863136,0.011360033590452168,0.026490106976315306,-8.72974069590437
0.9,6,-4.0,-0.18524130346,0.004913912706,0.007465995828863136,0.012777195345161967,0.0251571038800251,-7.363379518700591
0.9,6,-3.0,-0.139065826812,0.002767668086,0.007465995828863136,0.014328773363214921,0.024562437278078057,-5.6617275084552
0.9,6,-2.0,-0.092771399967,0.001231139174,0.007465995828863136,0.01602208172609497,0.024719216728958104,-3.7530072649235695
0.9,6,-1.0,-0.046402207141,0.0003079273,0.007465995828863136,0.017864306440428784,0.025638229569291918,-1.8098834404922424
0.9,6,0.0,0.0,0.0,0.007465995828863136,0.01986248579476402,0.02732848162362716,0.0
0.9,6,1.0,0.046392524454,0.000307764647,0.007465995828863136,0.02202331394986577,0.029797074425728903,1.5569489739550206
0.9,6,2.0,0.092732631163,0.001229836641,0.007465995828863136,0.02435309490421514,0.033048927374078274,2.8059195420585503
0.9,6,3.0,0.138978146088,0.002763230186,0.007465995828863136,0.026857695576261997,0.03708692159112513,3.7473626854286377
0.9,6,4.0,0.185083619295,0.004903233647,0.007465995828863136,0.02954224406757038,0.04191147354343351,4.41606089328248
0.9,6,5.0,0.231006257076,0.007643387053,0.007465995828863136,0.03241135972309623,0.047520742604959365,4.861166817117284
0.9,6,6.0,0.276704106999,0.01097602017,0.007465995828863136,0.03546899843042819,0.053911014429291325,5.132608056595187
0.9,6,7.0,0.322133072245,0.014891310417,0.007465995828863136,0.03871816729580114,0.061075473541664274,5.274344242705679
0.9,6,8.0,0.367250797481,0.01937747461,0.007465995828863136,0.04216109601300672,0.06900456645186986,5.322123105246296
0.9,6,9.0,0.412018304978,0.024422503475,0.007465995828863136,0.04579933312714494,0.07768783243100807,5.303511400500194
0.9,6,10.0,0.456301938659,0.029994127962,0.007465995828863136,0.04962502612835779,0.08708514991922092,5.239721572303198
0.9,6,11.0,0.497644665408,0.035593924865,0.007465995828863136,0.05340840467814073,0.09646832537200387,5.158632779090636
0.9,6,12.0,0.533656274591,0.040636491334,0.007465995828863136,0.056876661848936375,0.1049791490117995,5.083450186198574
0.9,6,13.0,0.564301937865,0.044985226258,0.007465995828863136,0.05995885086630724,0.11241007295317038,5.020029994109924
0.9,6,14.0,0.589746912291,0.048568984586,0.007465995828863136,0.06261176073995411,0.11864674115481724,4.970611974259483
0.9,6,15.0,0.610182116584,0.051324681778,0.007465995828863136,0.06480530678005676,0.1235959843869199,4.936908910194134
0.9,6,16.0,0.62591076252,0.053229646613,0.007465995828863136,0.06653250612898336,0.1272281485708465,4.919593419780561
0.9,6,17.0,0.637562461392,0.054325294842,0.007465995828863136,0.06783409570933262,0.12962538638019575,4.918499988281672
0.9,6,18.0,0.645730271814,0.054664029483,0.007465995828863136,0.06875782622655231,0.13088785153841545,4.933462229109008
0.9,6,19.0,0.650939533713,0.054311022175,0.007465995828863136,0.06935186909399875,0.13112888709786188,4.96412002053523
0.9,6,20.0,0.654235787486,0.05328678487,0.007465995828863136,0.06972974347805785,0.130482524176921,5.013972496415865
0.95,6,-5.0,-0.238811987936,0.00813370104,0.007405088407984832,0.034381889773010446,0.04992067922099528,-4.783828899418544
0.95,6,-4.0,-0.191311923164,0.005215480035,0.007405088407984832,0.03770670161309283,0.050327270056077664,-3.8013570565387074
0.95,6,-3.0,-0.143632311255,0.002937701109,0.007405088407984832,0.04128093228224143,0.051623721799226266,-2.7822928345540703
0.95,6,-2.0,-0.095821937766,0.001306842919,0.007405088407984832,0.045114272927386304,0.05382620425437114,-1.7802098270419737
0.95,6,-1.0,-0.047928561319,0.000326860447,0.007405088407984832,0.049215926626819145,0.05694787548180398,-0.8416215866439858
0.95,6,0.0,0.0,0.0,0.007405088407984832,0.05359442107276271,0.06099950948074754,0.0
0.95,6,1.0,0.047918381879,0.000326683775,0.007405088407984832,0.05825774317369094,0.06598951535667577,0.7261514442104836
0.95,6,2.0,0.095781037838,0.001305441573,0.007405088407984832,0.06321301664089192,0.07192354662187675,1.3317062677894502
0.95,6,3.0,0.143539324946,0.002932941135,0.007405088407984832,0.06846605095953395,0.07880408050251879,1.821470716118718
0.95,6,4.0,0.191145985321,0.00520392399,0.007405088407984832,0.07402165749391872,0.08663066989190354,2.2064470419022397
0.95,6,5.0,0.238554552332,0.008111404914,0.007405088407984832,0.07988349851141127,0.0953999918333961,2.50057204143796
0.95,6,6.0,0.285717128167,0.011647439325,0.007405088407984832,0.08605369683424388,0.1051062245672287,2.7183654378551845
0.95,6,7.0,0.332588996063,0.01580041857,0.007405088407984832,0.09253332028087223,0.11573882725885706,2.8736164340005286
0.95,6,8.0,0.379121015849,0.020557093542,0.007405088407984832,0.0993212487459009,0.1272834306958857,2.9785574899754383
0.95,6,9.0,0.425275710784,0.025905004193,0.007405088407984832,0.10641642916363808,0.1397265217646229,3.0436291221819762
0.95,6,10.0,0.470684111346,0.031757169476,0.007405088407984832,0.11376132672935607,0.1529235846133409,3.077903990650622
0.95,6,11.0,0.512293442657,0.037420674205,0.007405088407984832,0.12081961622153409,0.1656453788345189,3.0927119504419465
0.95,6,12.0,0.548052386521,0.042275602853,0.007405088407984832,0.12714356731977863,0.17682425858076345,3.0994185465264104
0.95,6,13.0,0.578024852353,0.046162176714,0.007405088407984832,0.1326327147699939,0.18619997989197873,3.104322850562782
0.95,6,14.0,0.602449177832,0.048981161724,0.007405088407984832,0.1372356423026203,0.19362189243460515,3.111472418003942
0.95,6,15.0,0.621599650628,0.050660149764,0.007405088407984832,0.14092765218338932,0.19899289035537415,3.1237279357966403
0.95,6,16.0,0.635769684579,0.051151363712,0.007405088407984832,0.1437070643830023,0.20226351650298713,3.143274158242031
0.95,6,17.0,0.645832331902,0.050558624685,0.007405088407984832,0.14570564257091767,0.20366935566390248,3.170984313259968
0.95,6,18.0,0.652288291833,0.048882261803,0.007405088407984832,0.14699881429200035,0.20328616450298517,3.208719557613678
0.95,6,19.0,0.655902369747,0.046266598075,0.007405088407984832,0.1477264855498657,0.20139817203285054,3.256744404015813
0.95,6,20.0,0.656874128817,0.042665279892,0.007405088407984832,0.14792260298053928,0.19799297128052412,3.317663877503587
1.05,6,-5.0,-0.268541459551,0.02349434059,0.0072941543358357565,0.16340183672544684,0.19419033165128258,-1.3828775988355255
1.05,6,-4.0,-0.215352064859,0.015058883341,0.0072941543358357565,0.1752849982903348,0.19763803596717056,-1.089628642609927
1.05,6,-3.0,-0.161985621844,0.008489306717,0.0072941543358357565,0.18784757222232776,0.20363103327516352,-0.7954859298145941
1.05,6,-2.0,-0.108228466895,0.003779421345,0.0072941543358357565,0.20117294482315778,0.21224652050399354,-0.509918686242791
1.05,6,-1.0,-0.054194906852,0.000945975618,0.0072941543358357565,0.2152689390228527,0.22350906897668846,-0.24247296586275172
1.05,6,0.0,0.0,0.0,0.0072941543358357565,0.23013842015527738,0.23743257449111313,0.0
1.05,6,1.0,0.054240749238,0.0009467758,0.0072941543358357565,0.2457787824570208,0.25401971259285655,0.21352968509549183
1.05,6,2.0,0.108411696824,0.003785819875,0.0072941543358357565,0.2621814638415354,0.27326143805237113,0.3967325122662301
1.05,6,3.0,0.162397366017,0.008510885314,0.0072941543358357565,0.2793314995952589,0.29513653924509464,0.5502448677902871
1.05,6,4.0,0.216082753834,0.015109978092,0.0072941543358357565,0.2972071257787807,0.31961125820661646,0.676079919857863
1.05,6,5.0,0.269353636223,0.023565389649,0.0072941543358357565,0.3157794430197322,0.34663898700456797,0.7770436861432742
1.05,6,6.0,0.322096871115,0.03385374532,0.0072941543358357565,0.3350121510365811,0.37616005069241687,0.8562761264044387
1.05,6,7.0,0.374200698526,0.045946068458,0.0072941543358357565,0.35486136362461684,0.4081015864184526,0.9169302717248154
1.05,6,8.0,0.425206528116,0.059758880382,0.0072941543358357565,0.3751340760701733,0.44218711078800904,0.9615986484957727
1.05,6,9.0,0.471121951599,0.074618386629,0.0072941543358357565,0.39411539414629265,0.4760279351111284,0.989693916784562
1.05,6,10.0,0.508614215505,0.089682408965,0.0072941543358357565,0.41014139699189256,0.5071179602927283,1.002950507237819
1.05,6,11.0,0.535763412855,0.104141857815,0.0072941543358357565,0.42204776531705657,0.5334837774678923,1.0042731109799208
1.05,6,12.0,0.551660820961,0.117259127312,0.0072941543358357565,0.4291388643402317,0.5536921459880675,0.9963313096604566
1.05,6,13.0,0.556507040544,0.128479773799,0.0072941543358357565,0.43131820242621016,0.5670921305610459,0.9813344438291294
1.05,6,14.0,0.551673720289,0.137547706901,0.0072941543358357565,0.4291446541646191,0.5739865154014548,0.9611266214209772
1.05,6,15.0,0.540296421939,0.144771989932,0.0072941543358357565,0.42406070522151473,0.5761268494893504,0.9378080928147876
1.05,6,16.0,0.526404668153,0.150944109635,0.0072941543358357565,0.41791457515703906,0.5761528391278747,0.9136545590052481
1.05,6,17.0,0.512379608426,0.156650166849,0.0072941543358357565,0.41177748578365636,0.5757218069684921,0.8899777674289857
1.05,6,18.0,0.496803349899,0.161421193537,0.0072941543358357565,0.4050411128211063,0.573756460693942,0.8658784413479729
1.05,6,19.0,0.479159421275,0.164987819913,0.0072941543358357565,0.3975107313657051,0.5697927056145409,0.8409363906444015
1.05,6,20.0,0.461292775845,0.16789683969,0.0072941543358357565,0.38999278948498395,0.5651837835108197,0.8161819027777699
1.1,6,-5.0,-0.250910260511,0.02195180319,0.007243377206064509,0.30848184797132633,0.33767702836739083,-0.7430480590406374
1.1,6,-4.0,-0.201459297895,0.014087406331,0.007243377206064509,0.3261781256128373,0.34750890914990185,-0.5797241238730322
1.1,6,-3.0,-0.151535243014,0.007941625509,0.007243377206064509,0.3448052432099503,0.35999024592501483,-0.4209426358889859
1.1,6,-2.0,-0.101245914323,0.003535584478,0.007243377206064509,0.36436399775941936,0.37514295944348386,-0.2698862174388026
1.1,6,-1.0,-0.050698298686,0.000884941906,0.007243377206064509,0.38485009849010704,0.39297841760217156,-0.12901038941360898
1.1,6,0.0,0.0,0.0,0.007243377206064509,0.4062530611196975,0.413496438325762,0.0
1.1,6,1.0,0.050740929459,0.000885686029,0.007243377206064509,0.42855569025383033,0.43668475348889485,0.11619578896127038
1.1,6,2.0,0.101416307583,0.003541534742,0.007243377206064509,0.4517336620440048,0.4625185739920693,0.21926969701488996
1.1,6,3.0,0.151918142117,0.007961692401,0.007243377206064509,0.47575516361846176,0.4909602332255263,0.30943064597905073
1.1,6,4.0,0.202138797865,0.014134921597,0.007243377206064509,0.5005805227082777,0.5219588215113422,0.3872696265190098
1.1,6,5.0,0.251971445049,0.022044644806,0.007243377206064509,0.5261620441492486,0.5554500661613131,0.4536347376648305
1.1,6,6.0,0.301310245117,0.031668982649,0.007243377206064509,0.5524438055855837,0.5913561654406482,0.5095241458968794
1.1,6,7.0,0.35005065317,0.042980815414,0.007243377206064509,0.5793615992859038,0.6295857919059683,0.556001513487588
1.1,6,8.0,0.398062282138,0.055944004965,0.007243377206064509,0.6068270059546893,0.6700143881257539,0.5941100507580269
1.1,6,9.0,0.442721702851,0.070120229126,0.007243377206064509,0.6332407065540958,0.7106043128861603,0.6230214126520852
1.1,6,10.0,0.480828780718,0.084783087142,0.007243377206064509,0.6564528362574545,0.748479300605519,0.6424075860601756
1.1,6,11.0,0.510566496627,0.09924407345,0.007243377206064509,0.6750056640091513,0.7814931146652158,0.6533218105775914
1.1,6,12.0,0.530968511386,0.112860841135,0.007243377206064509,0.6879596464167305,0.808063864757795,0.6570873102278244
1.1,6,13.0,0.541861578592,0.12509860249,0.007243377206064509,0.6949519260482353,0.8272939057442998,0.6549807448472595
1.1,6,14.0,0.543918083794,0.135614009543,0.007243377206064509,0.6962779584162232,0.8391353451652878,0.64818874205193
1.1,6,15.0,0.538751475051,0.144358022661,0.007243377206064509,0.6929501338564068,0.8445515337234714,0.6379142699270753
1.1,6,16.0,0.529307122318,0.151776374974,0.007243377206064509,0.6868978536004623,0.8459176057805269,0.6257194775247752
1.1,6,17.0,0.518898169721,0.158643091037,0.007243377206064509,0.6802734432832024,0.8461599115262669,0.6132388956893902
1.1,6,18.0,0.506561905474,0.16459194045,0.007243377206064509,0.6724846380782163,0.8443199557342809,0.5999643879475259
1.1,6,19.0,0.492907140227,0.169721539168,0.007243377206064509,0.6639415611477182,0.8409064775217827,0.5861616641123232
1.1,6,20.0,0.477088557464,0.173646034026,0.007243377206064509,0.6541467530247119,0.8350361642567765,0.5713387969114276
1.2,6,-5.0,-0.238516183153,0.020867462872,0.00714971533467247,0.8470717973749952,0.8750889755816676,-0.272562207739458
1.2,6,-4.0,-0.191515592415,0.013392074946,0.00714971533467247,0.882753018291934,0.9032948085726065,-0.21201892294458596
1.2,6,-3.0,-0.144062556263,0.007549998725,0.00714971533467247,0.9199095085507227,0.9346092226103953,-0.1541420229736535
1.2,6,-2.0,-0.096257738457,0.003361394329,0.00714971533467247,0.9585152692276145,0.9690263788912871,-0.09933448722741009
1.2,6,-1.0,-0.048202779164,0.000841382648,0.00714971533467247,0.9985350963352924,1.0065261943179649,-0.047890238163809364
1.2,6,0.0,0.0,0.0,0.00714971533467247,1.0399240687946223,1.0470737841292947,0.0
1.2,6,1.0,0.048247867473,0.000842169668,0.00714971533467247,1.0826270811548857,1.0906189661575583,0.04423897710397032
1.2,6,2.0,0.096437954376,0.003367687608,0.00714971533467247,1.126578451378257,1.1370958543209295,0.08481075189003523
1.2,6,3.0,0.144467527518,0.007571222369,0.00714971533467247,1.1717016147984727,1.1864225525021452,0.12176734774075257
1.2,6,4.0,0.192234262044,0.013442329222,0.00714971533467247,1.217908914874653,1.2385009594313254,0.1552152709936268
1.2,6,5.0,0.239636538346,0.020965481251,0.00714971533467247,1.2651015262200178,1.2932167228056903,0.18530269066278235
1.2,6,6.0,0.28657361516,0.030120101791,0.00714971533467247,1.3131693708698724,1.3504391879955449,0.21220771561388177
1.2,6,7.0,0.332946034063,0.040880634125,0.00714971533467247,1.3619913908330006,1.4100217402926731,0.23612829827282775
1.2,6,8.0,0.378641546518,0.053214601,0.00714971533467247,1.4114201071163919,1.4717844234510644,0.2572669886192674
1.2,6,9.0,0.421253087309,0.066719934468,0.00714971533467247,1.4587138064644989,1.5325834562671714,0.27486469698362975
1.2,6,10.0,0.45805355399,0.080767200178,0.00714971533467247,1.500505742709424,1.5884226582220964,0.2883700705344346
1.2,6,11.0,0.487531285938,0.094766482075,0.00714971533467247,1.5346242686550697,1.6365404660647422,0.2979035936155782
1.2,6,12.0,0.508799041347,0.10814857481,0.00714971533467247,1.5595992085046564,1.6748974986493288,0.30377921141879183
1.2,6,13.0,0.521708954613,0.120446002646,0.00714971533467247,1.5749073748883076,1.70250309286898,0.3064364210545075
1.2,6,14.0,0.527071619264,0.131413714186,0.00714971533467247,1.5812992686462837,1.7198626981669562,0.3064614517343491
1.2,6,15.0,0.526261411139,0.141011320122,0.00714971533467247,1.5803323158872762,1.7284933513439487,0.3044625024040839
1.2,6,16.0,0.521378361051,0.149502839266,0.00714971533467247,1.5745139673381023,1.7311665219387748,0.3011716980681303
1.2,6,17.0,0.515484259135,0.157599353827,0.00714971533467247,1.5675123276733347,1.7322613968350071,0.2975787950229883
1.2,6,18.0,0.507220718496,0.164806001777,0.00714971533467247,1.5577353686312083,1.7296910857428807,0.29324352925028524
1.2,6,19.0,0.4966832917,0.171021772392,0.00714971533467247,1.545334504618304,1.7235059923449765,0.2881819349082855
1.2,6,20.0,0.484954371934,0.176508956361,0.00714971533467247,1.5316186769638573,1.7152773486595299,0.2827265061903758
0.1,7,-5.0,-0.194244428352,0.005500021209,0.010530064379170792,0,0.016030085588170793,-12.117491655524306
0.1,7,-4.0,-0.155531326519,0.003524275294,0.010530064379170792,0,0.014054339673170792,-11.066427177358142
0.1,7,-3.0,-0.116709320784,0.001983706203,0.010530064379170792,0,0.012513770582170793,-9.326471187691709
0.1,7,-2.0,-0.077832031693,0.000881969581,0.010530064379170792,0,0.011412033960170792,-6.8201717559413195
0.1,7,-1.0,-0.038923829707,0.000220545328,0.010530064379170792,0,0.010750609707170792,-3.6206160178094193
0.1,7,0.0,0.0,0.0,0.010530064379170792,0,0.010530064379170792,0.0
0.1,7,1.0,0.038915203591,0.000220454141,0.010530064379170792,0,0.010750518520170792,3.6198443375531024
0.1,7,2.0,0.077799931105,0.000881261129,0.010530064379170792,0,0.011411325508170792,6.817782127877548
0.1,7,3.0,0.116629666731,0.001981294812,0.010530064379170792,0,0.012511359191170792,9.321902196949553
0.1,7,4.0,0.155364585928,0.003517291224,0.010530064379170792,0,0.014047355603170792,11.060059296351184
0.1,7,5.0,0.194022443003,0.005488249549,0.010530064379170792,0,0.016018313928170793,12.112538427766745
0.1,7,6.0,0.232583541026,0.007890573864,0.010530064379170792,0,0.018420638243170792,12.62624768781979
0.1,7,7.0,0.271013069035,0.010721696786,0.010530064379170792,0,0.021251761165170795,12.752499283643344
0.1,7,8.0,0.309291032993,0.013977158201,0.010530064379170792,0,0.024507222580170792,12.620403310950977
0.1,7,9.0,0.34740373779,0.017654746712,0.010530064379170792,0,0.02818481109117079,12.32592039259146
0.1,7,10.0,0.385345617264,0.021750424461,0.010530064379170792,0,0.03228048884017079,11.937415792305616
0.1,7,11.0,0.423052940172,0.026252896335,0.010530064379170792,0,0.036782960714170795,11.501329201295562
0.1,7,12.0,0.460445860221,0.031147739733,0.010530064379170792,0,0.04167780411217079,11.047747596820729
0.1,7,13.0,0.495916833835,0.036177670706,0.010530064379170792,0,0.04670773508517079,10.617445545811712
0.1,7,14.0,0.528083619638,0.041100377316,0.010530064379170792,0,0.05163044169517079,10.22814452674717
0.1,7,15.0,0.55618037968,0.045701727167,0.010530064379170792,0,0.05623179154617079,9.890852921222178
0.1,7,16.0,0.580396889004,0.049947426059,0.010530064379170792,0,0.06047749043817079,9.59690762296708
0.1,7,17.0,0.601202555769,0.053856838303,0.010530064379170792,0,0.06438690268217079,9.337342389906222
0.1,7,18.0,0.61882437372,0.057419449266,0.010530064379170792,0,0.0679495136451708,9.107119985456734
0.1,7,19.0,0.63322879874,0.060577617887,0.010530064379170792,0,0.0711076822661708,8.905209374842135
0.1,7,20.0,0.644977297737,0.063403325776,0.010530064379170792,0,0.0739333901551708,8.723761975249976
0.2,7,-5.0,-0.195113119775,0.005547753068,0.009361804336480293,0,0.014909557404480293,-13.08644612859996
0.2,7,-4.0,-0.156228070704,0.00355495232,0.009361804336480293,0,0.012916756656480293,-12.094992176354186
0.2,7,-3.0,-0.117233292993,0.002001015703,0.009361804336480293,0,0.011362820039480293,-10.317270940283409
0.2,7,-2.0,-0.078181971782,0.000889682334,0.009361804336480293,0,0.010251486670480293,-7.62640330081384
0.2,7,-1.0,-0.039099002291,0.000222476222,0.009361804336480293,0,0.009584280558480292,-4.07949267056928
0.2,7,0.0,0.0,0.0,0.009361804336480293,0,0.009361804336480293,0.0
0.2,7,1.0,0.039090362705,0.000222381283,0.009361804336480293,0,0.009584185619480294,4.078631639348371
0.2,7,2.0,0.078149907188,0.000888955097,0.009361804336480293,0,0.010250759433480293,7.6238163323541075
0.2,7,3.0,0.11715411132,0.001998539887,0.009361804336480293,0,0.011360344223480293,10.312549427671243
0.2,7,4.0,0.156060920481,0.003547805496,0.009361804336480293,0,0.012909609832480292,12.088740287747054
0.2,7,5.0,0.194891139656,0.005535689746,0.009361804336480293,0,0.014897494082480294,13.08214244469446
0.2,7,6.0,0.233619270149,0.007958490758,0.009361804336480293,0,0.01732029509448029,13.488180707928633
0.2,7,7.0,0.272214672894,0.010813573856,0.009361804336480293,0,0.020175378192480293,13.492419834561467
0.2,7,8.0,0.31065814607,0.014096706822,0.009361804336480293,0,0.023458511158480293,13.242875644207135
0.2,7,9.0,0.348927601046,0.017804813868,0.009361804336480293,0,0.027166618204480294,12.843983686878449
0.2,7,10.0,0.386996483648,0.021928346502,0.009361804336480293,0,0.03129015083848029,12.36799674267073
0.2,7,11.0,0.424880577952,0.02647209699,0.009361804336480293,0,0.03583390132648029,11.856944463873509
0.2,7,12.0,0.462383323304,0.031399941921,0.009361804336480293,0,0.04076174625748029,11.343560219016547
0.2,7,13.0,0.497799790712,0.036440540444,0.009361804336480293,0,0.045802344780480286,10.868434642327497
0.2,7,14.0,0.529841735189,0.041357040609,0.009361804336480293,0,0.05071884494548029,10.446644353958535
0.2,7,15.0,0.557764124755,0.045936481057,0.009361804336480293,0,0.05529828539348029,10.086463274334376
0.2,7,16.0,0.581813357562,0.050158287402,0.009361804336480293,0,0.05952009173848029,9.77507494642943
0.2,7,17.0,0.602413650612,0.054037407243,0.009361804336480293,0,0.0633992115794803,9.501910758886732
0.2,7,18.0,0.619838408946,0.057561658314,0.009361804336480293,0,0.0669234626504803,9.261899853915455
0.2,7,19.0,0.634016763471,0.060674821334,0.009361804336480293,0,0.07003662567048029,9.052645774998146
0.2,7,20.0,0.645365429452,0.063392246363,0.009361804336480293,0,0.0727540506994803,8.870508559279575
0.3,7,-5.0,-0.196607382727,0.005630350767,0.008760725284782452,0,0.014391076051782452,-13.66175691237825
0.3,7,-4.0,-0.157425893166,0.003607935674,0.008760725284782452,0,0.012368660958782451,-12.727804059841958
0.3,7,-3.0,-0.118133700856,0.002030938348,0.008760725284782452,0,0.010791663632782451,-10.946755280357195
0.3,7,-2.0,-0.078783416058,0.000903008102,0.008760725284782452,0,0.009663733386782452,-8.152482369366256
0.3,7,-1.0,-0.039400100265,0.000225809733,0.008760725284782452,0,0.008986535017782451,-4.384348381999907
0.3,7,0.0,0.0,0.0,0.008760725284782452,0,0.008760725284782452,0.0
0.3,7,1.0,0.039391402061,0.000225710758,0.008760725284782452,0,0.008986436042782452,4.383428744550807
0.3,7,2.0,0.078751081469,0.000902242629,0.008760725284782452,0,0.009662967913782452,8.149781948119276
0.3,7,3.0,0.118053578176,0.002028338573,0.008760725284782452,0,0.01078906385778245,10.941966766731543
0.3,7,4.0,0.157254756441,0.003600577622,0.008760725284782452,0,0.012361302906782452,12.72153571730022
0.3,7,5.0,0.196381688034,0.005617682927,0.008760725284782452,0,0.014378408211782451,13.658096580751835
0.3,7,6.0,0.235399734009,0.008076057493,0.008760725284782452,0,0.01683678277778245,13.981277606053677
0.3,7,7.0,0.274281709177,0.010972655267,0.008760725284782452,0,0.01973338055178245,13.899377679220049
0.3,7,8.0,0.313000875887,0.014303000567,0.008760725284782452,0,0.02306372585178245,13.571132344291636
0.3,7,9.0,0.351546896796,0.018063562414,0.008760725284782452,0,0.02682428769878245,13.105544525305573
0.3,7,10.0,0.389894787263,0.022245529653,0.008760725284782452,0,0.031006254937782453,12.574713974498625
0.3,7,11.0,0.428018378925,0.026849654258,0.008760725284782452,0,0.035610379542782455,12.019483769072918
0.3,7,12.0,0.46568721671,0.031832862125,0.008760725284782452,0,0.04059358740978245,11.471940432586067
0.3,7,13.0,0.501025656982,0.03688795239,0.008760725284782452,0,0.04564867767478245,10.975688289406463
0.3,7,14.0,0.532828838181,0.04178523881,0.008760725284782452,0,0.05054596409478245,10.54147146509766
0.3,7,15.0,0.5604905247,0.04634100648,0.008760725284782452,0,0.055101731764782454,10.17192212928288
0.3,7,16.0,0.584228543666,0.050520399075,0.008760725284782452,0,0.05928112435978245,9.855220358511836
0.3,7,17.0,0.604446516803,0.054335212958,0.008760725284782452,0,0.06309593824278245,9.57980075479966
0.3,7,18.0,0.621510546202,0.057788293247,0.008760725284782452,0,0.06654901853178245,9.339139177615056
0.3,7,19.0,0.635284163348,0.060826099401,0.008760725284782452,0,0.06958682468578245,9.129374220143102
0.3,7,20.0,0.646319710027,0.063462396245,0.008760725284782452,0,0.07222312152978244,8.948930707190202
0.4,7,-5.0,-0.198832544895,0.005754224024,0.0083663726806938,0,0.0141205967046938,-14.08102993472694
0.4,7,-4.0,-0.159214841725,0.003687567824,0.0083663726806938,0,0.0120539405046938,-13.208530576619472
0.4,7,-3.0,-0.119477576581,0.002075755135,0.0083663726806938,0,0.0104421278156938,-11.441880303498433
0.4,7,-2.0,-0.079680150983,0.000922942853,0.0083663726806938,0,0.0092893155336938,-8.577612709352765
0.4,7,-1.0,-0.039847612884,0.000230783425,0.0083663726806938,0,0.0085971561056938,-4.634976077450702
0.4,7,0.0,0.0,0.0,0.0083663726806938,0,0.0083663726806938,0.0
0.4,7,1.0,0.039838661841,0.000230687869,0.0083663726806938,0,0.008597060549693801,4.633986420209513
0.4,7,2.0,0.07964395453,0.000922104435,0.0083663726806938,0,0.0092884771156938,8.574490041584285
0.4,7,3.0,0.119398852463,0.002072964439,0.0083663726806938,0,0.0104393371196938,11.437397901228247
0.4,7,4.0,0.159061802404,0.003680710296,0.0083663726806938,0,0.0120470829766938,13.203345798457587
0.4,7,5.0,0.198597115957,0.005740572932,0.0083663726806938,0,0.014106945612693801,14.077967081569883
0.4,7,6.0,0.238047793851,0.008251857092,0.0083663726806938,0,0.0166182297726938,14.32449768158505
0.4,7,7.0,0.277344926301,0.011209414709,0.0083663726806938,0,0.019575787389693802,14.16775329543146
0.4,7,8.0,0.316461818414,0.01460925414,0.0083663726806938,0,0.0229756268206938,13.773805645596909
0.4,7,9.0,0.355382680176,0.018443650126,0.0083663726806938,0,0.0268100228066938,13.255590371496055
0.4,7,10.0,0.394115627915,0.022707599755,0.0083663726806938,0,0.0310739724356938,12.683142740459228
0.4,7,11.0,0.432582728115,0.027395624689,0.0083663726806938,0,0.0357619973696938,12.096156812583084
0.4,7,12.0,0.470450788147,0.032446414602,0.0083663726806938,0,0.0408127872826938,11.527043837716256
0.4,7,13.0,0.505694976674,0.037516245194,0.0083663726806938,0,0.045882617874693804,11.021493543700174
0.4,7,14.0,0.537068429554,0.04236268612,0.0083663726806938,0,0.050729058800693796,10.58699771395433
0.4,7,15.0,0.564245275893,0.046856413235,0.0083663726806938,0,0.055222785915693795,10.217616995173126
0.4,7,16.0,0.587333916826,0.050944273461,0.0083663726806938,0,0.059310646141693804,9.902672707743777
0.4,7,17.0,0.607149124534,0.054700768008,0.0083663726806938,0,0.0630671406886938,9.627027924588392
0.4,7,18.0,0.623576740258,0.058051417286,0.0083663726806938,0,0.0664177899666938,9.388700535966372
0.4,7,19.0,0.636892338813,0.060988110895,0.0083663726806938,0,0.0693544835756938,9.18314586133271
0.4,7,20.0,0.647443167671,0.063541666708,0.0083663726806938,0,0.0719080393886938,9.003766104250067
0.5,7,-5.0,-0.204746201637,0.006082230554,0.008077305003137494,0,0.014159535557137493,-14.45995179790994
0.5,7,-4.0,-0.163960208524,0.003896871125,0.008077305003137494,0,0.011974176128137493,-13.69281750739564
0.5,7,-3.0,-0.123060111061,0.002192954359,0.008077305003137494,0,0.010270259362137494,-11.982181434937798
0.5,7,-2.0,-0.082077744162,0.00097490046,0.008077305003137494,0,0.009052205463137494,-9.067154352189423
0.5,7,-1.0,-0.041048620036,0.000243808789,0.008077305003137494,0,0.008321113792137494,-4.933067983613717
0.5,7,0.0,0.0,0.0,0.008077305003137494,0,0.008077305003137494,0.0
0.5,7,1.0,0.041039595919,0.000243703166,0.008077305003137494,0,0.008321008169137493,4.932046103645867
0.5,7,2.0,0.08204243728,0.000974090707,0.008077305003137494,0,0.009051395710137494,9.064064803631677
0.5,7,3.0,0.122978210262,0.002190824981,0.008077305003137494,0,0.010268129984137495,11.976690054759757
0.5,7,4.0,0.163813898077,0.003890579069,0.008077305003137494,0,0.011967884072137494,13.687791182601456
0.5,7,5.0,0.204502561017,0.006068387234,0.008077305003137494,0,0.014145692237137493,14.456878998124091
0.5,7,6.0,0.245052836848,0.008721807567,0.008077305003137494,0,0.016799112570137494,14.587248929066158
0.5,7,7.0,0.285423848072,0.011843513564,0.008077305003137494,0,0.019920818567137493,14.32791765609729
0.5,7,8.0,0.325457946449,0.01541332571,0.008077305003137494,0,0.023490630713137492,13.854798128812382
0.5,7,9.0,0.365387636457,0.01944923139,0.008077305003137494,0,0.027526536393137492,13.27401425440845
0.5,7,10.0,0.405003441801,0.023934188448,0.008077305003137494,0,0.03201149345113749,12.65181340005893
0.5,7,11.0,0.444350146499,0.028855333108,0.008077305003137494,0,0.03693263811113749,12.031367625617861
0.5,7,12.0,0.481541401505,0.033925706898,0.008077305003137494,0,0.04200301190113749,11.464449326596013
0.5,7,13.0,0.514846167843,0.038820569064,0.008077305003137494,0,0.046897874067137496,10.97802785486529
0.5,7,14.0,0.544254949824,0.043470189032,0.008077305003137494,0,0.05154749403513749,10.55832024449156
0.5,7,15.0,0.568503870585,0.047628550131,0.008077305003137494,0,0.05570585513413749,10.205459896739134
0.5,7,16.0,0.591958262199,0.051846436783,0.008077305003137494,0,0.05992374178613749,9.878526349566863
0.5,7,17.0,0.610970100967,0.055558067418,0.008077305003137494,0,0.0636353724211375,9.601108278641213
0.5,7,18.0,0.626577705404,0.058836920514,0.008077305003137494,0,0.0669142255171375,9.363893859064786
0.5,7,19.0,0.63899036957,0.06168027328,0.008077305003137494,0,0.0697575782831375,9.160157007980066
0.5,7,20.0,0.64878805969,0.064166777624,0.008077305003137494,0,0.0722440826271375,8.980501047241365
0.6,7,-5.0,-0.208904648586,0.006316773712,0.007851336715345714,0,0.014168110427345714,-14.744707818114929
0.6,7,-4.0,-0.167287691796,0.004046853575,0.007851336715345714,0,0.011898190290345714,-14.059927410283441
0.6,7,-3.0,-0.125555924706,0.002278624081,0.007851336715345714,0,0.010129960796345714,-12.394512400412555
0.6,7,-2.0,-0.083742497475,0.001013380593,0.007851336715345714,0,0.008864717308345713,-9.446719456711879
0.6,7,-1.0,-0.041881478513,0.00025345359,0.007851336715345714,0,0.008104790305345713,-5.167496867300324
0.6,7,0.0,0.0,0.0,0.007851336715345714,0,0.007851336715345714,0.0
0.6,7,1.0,0.041872436829,0.000253334723,0.007851336715345714,0,0.008104671438345713,5.166457042402548
0.6,7,2.0,0.083706945182,0.001012488909,0.007851336715345714,0,0.008863825624345713,9.44365883643823
0.6,7,3.0,0.12547460918,0.002275494421,0.007851336715345714,0,0.010126831136345714,12.390313168120798
0.6,7,4.0,0.167143173755,0.004040155247,0.007851336715345714,0,0.011891491962345714,14.055694128563273
0.6,7,5.0,0.208677657839,0.006304024869,0.007851336715345714,0,0.014155361584345712,14.741951775345305
0.6,7,6.0,0.250046811223,0.009060241136,0.007851336715345714,0,0.016911577851345713,14.785540025947542
0.6,7,7.0,0.291211970911,0.012301651016,0.007851336715345714,0,0.020152987731345714,14.45006441690293
0.6,7,8.0,0.332159047114,0.016023998922,0.007851336715345714,0,0.023875335637345712,13.912225241953795
0.6,7,9.0,0.372822725869,0.02021461411,0.007851336715345714,0,0.028065950825345715,13.283808846850555
0.6,7,10.0,0.413223494054,0.02486845634,0.007851336715345714,0,0.03271979305534571,12.629159767454219
0.6,7,11.0,0.453152043337,0.029954541945,0.007851336715345714,0,0.03780587866034571,11.986285186179462
0.6,7,12.0,0.490048721653,0.035052028672,0.007851336715345714,0,0.04290336538734572,11.422151088351198
0.6,7,13.0,0.522834050127,0.039928460329,0.007851336715345714,0,0.04777979704434571,10.942575784525491
0.6,7,14.0,0.551695638252,0.044540122856,0.007851336715345714,0,0.052391459571345715,10.530258991939538
0.6,7,15.0,0.576611353795,0.04881467189,0.007851336715345714,0,0.056666008605345715,10.175612646566464
0.6,7,16.0,0.597746651145,0.052715014864,0.007851336715345714,0,0.060566351579345715,9.869286089684872
0.6,7,17.0,0.61527593232,0.056034566779,0.007851336715345714,0,0.06388590349434571,9.630855926995784
0.6,7,18.0,0.62931955544,0.058991863253,0.007851336715345714,0,0.06684319996834572,9.41486277943038
0.6,7,19.0,0.640483279036,0.061556033159,0.007851336715345714,0,0.0694073698743457,9.227885744633797
0.6,7,20.0,0.649073272112,0.063736921087,0.007851336715345714,0,0.07158825780234572,9.066756085950342
0.7,7,-5.0,-0.214280809815,0.006631473587,0.007667089142931821,0.0,0.01429856272993182,-14.98617825177886
0.7,7,-4.0,-0.171606418949,0.004250480134,0.007667089142931821,0.0,0.01191756927693182,-14.399447988204193
0.7,7,-3.0,-0.128805254042,0.002393474675,0.007667089142931821,0.0,0.010060563817931821,-12.8029856351012
0.7,7,-2.0,-0.085913518102,0.001064499475,0.007667089142931821,0.0,0.00873158861793182,-9.83939141676485
0.7,7,-1.0,-0.042968288064,0.000266239499,0.007667089142931821,0.0,0.007933328641931822,-5.4161739672411855
0.7,7,0.0,0.0,0.0,0.007667089142931821,0.0,0.007667089142931821,0.0
0.7,7,1.0,0.04295920551,0.000266110933,0.007667089142931821,0.0,0.007933200075931821,5.415116863159925
0.7,7,2.0,0.085877681309,0.001063525657,0.007667089142931821,0.0,0.008730614799931822,9.836384181062556
0.7,7,3.0,0.128723471482,0.002390074389,0.007667089142931821,0.0,0.01005716353193182,12.79918250044347
0.7,7,4.0,0.171460558181,0.004242413566,0.007667089142931821,0.0,0.011909502708931822,14.396953623631067
0.7,7,5.0,0.214051972805,0.006615676507,0.007667089142931821,0.0,0.014282765649931821,14.986731425227982
0.7,7,6.0,0.25646918874,0.009505801718,0.007667089142931821,2.065622963767777e-09,0.017172892926554786,14.934536064300302
0.7,7,7.0,0.298674799198,0.012907538298,0.007667089142931821,6.035255214427524e-08,0.020574687793483964,14.516613918807106
0.7,7,8.0,0.340634557961,0.016809068612,0.007667089142931821,3.6348380569854e-07,0.02447652123873752,13.916788036933049
0.7,7,9.0,0.382325626034,0.02120614554,0.007667089142931821,1.2410852109590795e-06,0.02887447576814278,13.240954713914496
0.7,7,10.0,0.423699485316,0.026083205762,0.007667089142931821,3.151418065419274e-06,0.033753446322997246,12.552777019018668
0.7,7,11.0,0.464099103021,0.031333659113,0.007667089142931821,6.598757950751001e-06,0.03900734701388257,11.897735645949693
0.7,7,12.0,0.500664226849,0.036460719152,0.007667089142931821,1.164933086008303e-05,0.044139457625791904,11.342781578640153
0.7,7,13.0,0.532856704553,0.04130288621,0.007667089142931821,1.8110065505794102e-05,0.04898808541843762,10.877271483495232
0.7,7,14.0,0.560838134542,0.045805861926,0.007667089142931821,2.5636840980843297e-05,0.053498587909912666,10.483232482442462
0.7,7,15.0,0.584666164453,0.049910112957,0.007667089142931821,3.371404059346935e-05,0.05761091614052529,10.148530931653209
0.7,7,16.0,0.604489141977,0.053548355296,0.007667089142931821,4.177463827274818e-05,0.06125721907720457,9.86804740866773
0.7,7,17.0,0.620667139526,0.05672441672,0.007667089142931821,4.935863128367971e-05,0.0644408644942155,9.63157686349341
0.7,7,18.0,0.633276199678,0.059364009832,0.007667089142931821,5.5950914763540935e-05,0.06708704988969535,9.439619132444097
0.7,7,19.0,0.643095881485,0.061584116706,0.007667089142931821,6.152561934225887e-05,0.06931273146827409,9.278178306670235
0.7,7,20.0,0.650285027058,0.063373834049,0.007667089142931821,6.58636428521283e-05,0.07110678683478396,9.14518931320764
0.8,7,-5.0,-0.220154485536,0.006987513113,0.007512314509456013,0.00018961224928846642,0.01468943987174448,-14.98726210517209
0.8,7,-4.0,-0.17633003822,0.004479794224,0.007512314509456013,0.00025704776232496996,0.012249156495780983,-14.395280057098947
0.8,7,-3.0,-0.132363043506,0.002523116606,0.007512314509456013,0.00034135096306585095,0.010376782078521865,-12.75569270939673
0.8,7,-2.0,-0.088293600742,0.00112226121,0.007512314509456013,0.00044513087839145854,0.009079706597847471,-9.724279060177098
0.8,7,-1.0,-0.044160194052,0.000280685802,0.007512314509456013,0.000571148913415819,0.008364149224871833,-5.2796994487716935
0.8,7,0.0,0.0,0.0,0.007512314509456013,0.0007223008655231746,0.008234615374979187,0.0
0.8,7,1.0,0.044151124613,0.000280544591,0.007512314509456013,0.0009015975360167062,0.008694456636472718,5.0780774991491375
0.8,7,2.0,0.08825646531,0.001121316678,0.007512314509456013,0.0011121325202108898,0.009745763707666904,9.055879863018784
0.8,7,3.0,0.132273744679,0.002519780767,0.007512314509456013,0.0013570227556287022,0.011389118032084714,11.61404634725592
0.8,7,4.0,0.176162684893,0.004471599677,0.007512314509456013,0.001639404309991556,0.013623318496447568,12.93096721910571
0.8,7,5.0,0.219887017411,0.006971092352,0.007512314509456013,0.001962420086462073,0.016445826947918088,13.370383751899807
0.8,7,6.0,0.263416204315,0.010012435516,0.007512314509456013,0.002329218184394073,0.019853968209850085,13.267685408316115
0.8,7,7.0,0.306709572969,0.013586930663,0.007512314509456013,0.002742787239045044,0.023842032411501055,12.864237732562081
0.8,7,8.0,0.349728021062,0.017684451777,0.007512314509456013,0.003205992469112821,0.028402758755568837,12.313170846244997
0.8,7,9.0,0.392441585632,0.022301332932,0.007512314509456013,0.00372163899284018,0.033535286434296194,11.702347806120242
0.8,7,10.0,0.434821402558,0.027420416088,0.007512314509456013,0.004292380216915817,0.03922511081437183,11.085281686411049
0.8,7,11.0,0.476130500998,0.032911798037,0.007512314509456013,0.004909546051454782,0.04533365859791079,10.502803341355346
0.8,7,12.0,0.513098102216,0.038153161848,0.007512314509456013,0.005516220008736756,0.05118169636619277,10.025031185854141
0.8,7,13.0,0.545257167485,0.042942055439,0.007512314509456013,0.0060882469309028785,0.056542616879358895,9.643295580895694
0.8,7,14.0,0.572782540349,0.047202467132,0.007512314509456013,0.006612223015875059,0.06132700465733107,9.339809494193668
0.8,7,15.0,0.595855295513,0.050867073344,0.007512314509456013,0.007076895306071008,0.06545628315952702,9.103103120915208
0.8,7,16.0,0.614548109481,0.053872374967,0.007512314509456013,0.007470971005502876,0.06885566048195889,8.925164687687804
0.8,7,17.0,0.629175385762,0.056192380398,0.007512314509456013,0.007790637586551574,0.0714953324940076,8.800230222227928
0.8,7,18.0,0.640240770993,0.057904170243,0.007512314509456013,0.008039194339450568,0.07345567909190658,8.716014594214574
0.8,7,19.0,0.648570068207,0.059089486165,0.007512314509456013,0.008230179055207941,0.07483197972966396,8.667017370781947
0.8,7,20.0,0.654395308556,0.059773261866,0.007512314509456013,0.008365755430337268,0.07565133180579328,8.650149216618118
0.9,7,-5.0,-0.23144495074,0.007677275727,0.007379379098345326,0.011354344064019863,0.02641099888936519,-8.763203228681933
0.9,7,-4.0,-0.18539563233,0.004922311922,0.007379379098345326,0.012772231042358752,0.025073922062704077,-7.393962215658501
0.9,7,-3.0,-0.139181023175,0.00277238967,0.007379379098345326,0.01432473507468016,0.024476503843025486,-5.68631141390151
0.9,7,-2.0,-0.092848413976,0.001233248255,0.007379379098345326,0.016019145923724224,0.02463177327706955,-3.769457153230431
0.9,7,-1.0,-0.046440838497,0.000308456636,0.007379379098345326,0.017862708492119374,0.025550544226464703,-1.8176066265116022
0.9,7,0.0,0.0,0.0,0.007379379098345326,0.01986248579476402,0.027241864893109348,0.0
0.9,7,1.0,0.046431118906,0.000308293239,0.007379379098345326,0.02202518182747369,0.029712854164819016,1.5626610169606645
0.9,7,2.0,0.092809497801,0.001231941465,0.007379379098345326,0.02435710660058814,0.032968427163933466,2.8151023808175775
0.9,7,3.0,0.13909301136,0.002767940571,0.007379379098345326,0.02686414732055577,0.0370114669899011,3.758105870214567
0.9,7,4.0,0.185237425086,0.004911613425,0.007379379098345326,0.029551523131534238,0.041842515654879564,4.4270145374110195
0.9,7,5.0,0.231199021266,0.007656747403,0.007379379098345326,0.032423826656872004,0.04745995315821733,4.871454897885201
0.9,7,6.0,0.276934247192,0.010994975717,0.007379379098345326,0.03548492418436216,0.05385927899970748,5.141811259551099
0.9,7,7.0,0.322399415513,0.01491712095,0.007379379098345326,0.03873785106752537,0.061034351115870696,5.282261703756638
0.9,7,8.0,0.367555984278,0.019411212884,0.007379379098345326,0.042185139100436225,0.06897573108278154,5.328772577080422
0.9,7,9.0,0.412361815273,0.024465507894,0.007379379098345326,0.045828129263265946,0.07767301625561127,5.308945566320918
0.9,7,10.0,0.456679962553,0.030046935419,0.007379379098345326,0.04965868138882004,0.08708499590616536,5.244071700308461
0.9,7,11.0,0.498022381094,0.035653224642,0.007379379098345326,0.053443937383134126,0.09647654112347945,5.162108584060716
0.9,7,12.0,0.533992589389,0.040694153026,0.007379379098345326,0.056909827552776654,0.10498335967712197,5.086449805295838
0.9,7,13.0,0.564613954887,0.045037339777,0.007379379098345326,0.05999086213716934,0.11240758101251466,5.0229170470641105
0.9,7,14.0,0.590010348878,0.048612904471,0.007379379098345326,0.06263967900056831,0.11863196256991364,4.973451809248186
0.9,7,15.0,0.61037749153,0.051353562665,0.007379379098345326,0.064826552815779,0.12355949457912432,4.939948108472796
0.9,7,16.0,0.626016611343,0.05322934318,0.007379379098345326,0.06654424531274628,0.1271529675910916,4.923334651191099
0.9,7,17.0,0.637552004991,0.054294463213,0.007379379098345326,0.06783291915183046,0.12950676146317577,4.922924469640782
0.9,7,18.0,0.645566683285,0.054598715133,0.007379379098345326,0.0687392332839357,0.13071732751528103,4.938646586157695
0.9,7,19.0,0.650565223129,0.05423117396,0.007379379098345326,0.06930905636668176,0.1309196094250271,4.969196180665014
0.9,7,20.0,0.653174430292,0.05330341979,0.007379379098345326,0.06960790398700419,0.1302907028753495,5.013208278697359
0.95,7,-5.0,-0.238569886848,0.008119504034,0.007319451143743529,0.03439825678060735,0.04983721195835088,-4.7869830087480345
0.95,7,-4.0,-0.191117133387,0.005206286306,0.007319451143743529,0.03772081361847947,0.050246551068223,-3.8035870984957336
0.95,7,-3.0,-0.143484696419,0.002932537654,0.007319451143743529,0.04129237778838464,0.05154436658612817,-2.7837124776622084
0.95,7,-2.0,-0.09572285316,0.001304492015,0.007319451143743529,0.04512248436167428,0.053746427520417805,-1.7810086656203468
0.95,7,-1.0,-0.047878802207,0.000326267316,0.007319451143743529,0.049220328263156504,0.056866046722900035,-0.841957634936475
0.95,7,0.0,0.0,0.0,0.007319451143743529,0.05359442107276271,0.06091387221650624,0.0
0.95,7,1.0,0.047868229972,0.000326083628,0.007319451143743529,0.058252708905565026,0.06589824367730855,0.7263961420034474
0.95,7,2.0,0.095680409601,0.001303021251,0.007319451143743529,0.06320227811162676,0.0718247505063703,1.3321370269502555
0.95,7,3.0,0.143389468866,0.002927531907,0.007319451143743529,0.06844907289579127,0.07869605594653481,1.8220667750289439
0.95,7,4.0,0.190946216926,0.005194320807,0.007319451143743529,0.07399766138610578,0.08651143333684931,2.2071789769395367
0.95,7,5.0,0.238304380421,0.00809627295,0.007319451143743529,0.07985168114724195,0.09526740524098548,2.5014261679342753
0.95,7,6.0,0.285418020596,0.011624732677,0.007319451143743529,0.08601347367861817,0.1049576574993617,2.7193634785316716
0.95,7,7.0,0.332242734077,0.015768494875,0.007319451143743529,0.09248415148292241,0.11557209750166594,2.87476597949787
0.95,7,8.0,0.378728964144,0.020516522927,0.007319451143743529,0.0992625435672235,0.12709851763796703,2.9798063044510723
0.95,7,9.0,0.424836866524,0.02585229829,0.007319451143743529,0.10634722874465599,0.13951897817839953,3.0450113100797758
0.95,7,10.0,0.47029178761,0.031705317981,0.007319451143743529,0.1136962845390983,0.15272105366384184,3.079416860527764
0.95,7,11.0,0.512090480176,0.037345315411,0.007319451143743529,0.12078441002475049,0.165449176579494,3.0951527880826526
0.95,7,12.0,0.547971676402,0.042123517687,0.007319451143743529,0.12712902017136138,0.1765719890021049,3.1033896117886943
0.95,7,13.0,0.577984024682,0.045905782295,0.007319451143743529,0.13262511883926165,0.18585035227800517,3.109943121428254
0.95,7,14.0,0.602428478142,0.049038478909,0.007319451143743529,0.13723169130230387,0.1935896213550474,3.1118841698498576
0.95,7,15.0,0.621547438164,0.050718820406,0.007319451143743529,0.14091748601438916,0.1989557575641327,3.1240485109542324
0.95,7,16.0,0.635673812465,0.051198275208,0.007319451143743529,0.14368812232567527,0.2022058486774188,3.1436964688350697
0.95,7,17.0,0.645580353528,0.050521782059,0.007319451143743529,0.14565534325943508,0.2034965764621786,3.1724384004464374
0.95,7,18.0,0.651836826982,0.048868831202,0.007319451143743529,0.14690810400999413,0.20309638635573765,3.2094949530035546
0.95,7,19.0,0.655269603371,0.046306158722,0.007319451143743529,0.14759888746024774,0.20122449732599126,3.256410685968511
0.95,7,20.0,0.656073495104,0.0428343511,0.007319451143743529,0.1477610073885554,0.19791480963229893,3.3149287631527065
1.05,7,-5.0,-0.268541459564,0.023494340591,0.0072102929997709675,0.16340183672261832,0.1941064703133893,-1.3834750543371055
1.05,7,-4.0,-0.215352064869,0.015058883342,0.0072102929997709675,0.17528499828804153,0.1975541746298125,-1.0900911877591963
1.05,7,-3.0,-0.161985621852,0.008489306717,0.0072102929997709675,0.18784757222039544,0.2035471719371664,-0.7958136696785147
1.05,7,-2.0,-0.1082284669,0.003779421345,0.0072102929997709675,0.20117294482188636,0.21216265916665733,-0.5101202413521068
1.05,7,-1.0,-0.054194906855,0.000945975618,0.0072102929997709675,0.2152689390220502,0.22342520763982116,-0.2425639766770024
1.05,7,0.0,0.0,0.0,0.0072102929997709675,0.23013842015527738,0.23734871315504835,0.0
1.05,7,1.0,0.054240749241,0.0009467758,0.0072102929997709675,0.24577878245790724,0.2539358512576782,0.2136002024619985
1.05,7,2.0,0.10841169683,0.003785819875,0.0072102929997709675,0.26218146384339625,0.2731775767181672,0.3968543030962111
1.05,7,3.0,0.162397366025,0.008510885315,0.0072102929997709675,0.2793314995978609,0.2950526779126319,0.55040126113713
1.05,7,4.0,0.216082753844,0.015109978092,0.0072102929997709675,0.2972071257821882,0.3195273968739592,0.6762573599572622
1.05,7,5.0,0.269353636236,0.02356538965,0.0072102929997709675,0.31577944302436795,0.34655512567413893,0.7772317195194786
1.05,7,6.0,0.322096871131,0.033853745322,0.0072102929997709675,0.3350121510425453,0.37607618936431625,0.8564670676849875
1.05,7,7.0,0.374200698544,0.04594606846,0.0072102929997709675,0.3548613636316227,0.40801772509139367,0.9171187316927988
1.05,7,8.0,0.425206528146,0.059758880387,0.0072102929997709675,0.37513407608234656,0.4421032494691175,0.9617810515000574
1.05,7,9.0,0.471121951673,0.07461838664,0.0072102929997709675,0.39411539417745267,0.47594407381722365,0.9898683009002535
1.05,7,10.0,0.508614215641,0.089682408989,0.0072102929997709675,0.41014139705089725,0.5070340990396682,1.0031163911940528
1.05,7,11.0,0.535763413058,0.104141857855,0.0072102929997709675,0.42204776540704037,0.5333999162618114,1.0044310033131474
1.05,7,12.0,0.551660821226,0.117259127368,0.0072102929997709675,0.4291388644591754,0.5536082848269464,0.9964822354463949
1.05,7,13.0,0.556507040851,0.12847977387,0.0072102929997709675,0.43131820256453024,0.5670082694343013,0.9814795847796396
1.05,7,14.0,0.551673720602,0.137547706979,0.0072102929997709675,0.42914465430510906,0.5739026542838801,0.9612670659109993
1.05,7,15.0,0.540296422215,0.144771990006,0.0072102929997709675,0.4240607053442949,0.5760429883500658,0.9379446207001787
1.05,7,16.0,0.526404668335,0.150944109687,0.0072102929997709675,0.4179145752371211,0.5760689779238921,0.9137875645241679
1.05,7,17.0,0.51237960852,0.156650166878,0.0072102929997709675,0.411777485824561,0.575637945702332,0.8901074231561457
1.05,7,18.0,0.496803349926,0.161421193545,0.0072102929997709675,0.40504111283271105,0.573672599377482,0.8660050183067898
1.05,7,19.0,0.479159421256,0.164987819906,0.0072102929997709675,0.3975107313576532,0.5697088442634242,0.8410601767566108
1.05,7,20.0,0.461292775781,0.167896839666,0.0072102929997709675,0.38999278945824645,0.5650999221240174,0.8163030248653338
1.1,7,-5.0,-0.250910260492,0.021951803188,0.007160325274476784,0.30848184797798417,0.33759397644046096,-0.7432308571899275
1.1,7,-4.0,-0.20145929788,0.01408740633,0.007160325274476784,0.3261781256183178,0.3474258572227946,-0.5798627065077937
1.1,7,-3.0,-0.151535243003,0.007941625509,0.007160325274476784,0.3448052432141402,0.35990719399761695,-0.42103977228086015
1.1,7,-2.0,-0.101245914316,0.003535584478,0.007160325274476784,0.3643639977621981,0.3750599075146749,-0.269945980061968
1.1,7,-1.0,-0.050698298682,0.000884941906,0.007160325274476784,0.38485009849176177,0.39289536567223854,-0.12903766018022614
1.1,7,0.0,0.0,0.0,0.007160325274476784,0.4062530611196975,0.4134133863941743,0.0
1.1,7,1.0,0.050740929455,0.000885686029,0.007160325274476784,0.42855569025203705,0.4366017015555138,0.11621789212964921
1.1,7,2.0,0.101416307576,0.003541534742,0.007160325274476784,0.4517336620407395,0.4624355220572163,0.21930907713324832
1.1,7,3.0,0.151918142106,0.0079616924,0.007160325274476784,0.4757551636131277,0.4908771812876045,0.30948299879719054
1.1,7,4.0,0.20213879785,0.014134921596,0.007160325274476784,0.5005805227007203,0.5218757695711971,0.3873312570462675
1.1,7,5.0,0.25197144503,0.022044644805,0.007160325274476784,0.5261620441393124,0.5553670142187892,0.4537025760963448
1.1,7,6.0,0.301310245093,0.031668982646,0.007160325274476784,0.5524438055725647,0.5912731134930415,0.5095957151052599
1.1,7,7.0,0.350050653143,0.042980815411,0.007160325274476784,0.5793615992707255,0.6295027399562023,0.5560748681846163
1.1,7,8.0,0.398062282108,0.055944004961,0.007160325274476784,0.6068270059372285,0.6699313361727053,0.5941837030375622
1.1,7,9.0,0.442721702835,0.070120229123,0.007160325274476784,0.6332407065444806,0.7105212609419574,0.6230942368256113
1.1,7,10.0,0.480828780732,0.084783087144,0.007160325274476784,0.6564528362660981,0.7483962486845749,0.6424788760995701
1.1,7,11.0,0.510566496678,0.09924407346,0.007160325274476784,0.6750056640413028,0.7814100627757796,0.6533912487181569
1.1,7,12.0,0.530968511481,0.112860841156,0.007160325274476784,0.6879596464774798,0.8079808129079565,0.6571548519450879
1.1,7,13.0,0.541861578726,0.125098602521,0.007160325274476784,0.6949519261345766,0.8272108539300533,0.6550465049529178
1.1,7,14.0,0.543876580224,0.13560366154,0.007160325274476784,0.696251178211134,0.8390151650256108,0.6482321212959222
1.1,7,15.0,0.538751475209,0.144358022703,0.007160325274476784,0.6929501339579922,0.844468481935469,0.6379770077081093
1.1,7,16.0,0.52930712245,0.151776375012,0.007160325274476784,0.6868978536847743,0.8458345539712511,0.6257809165691646
1.1,7,17.0,0.518898169806,0.158643091063,0.007160325274476784,0.6802734433371009,0.8460768596745778,0.613299092006347
1.1,7,18.0,0.506561905509,0.164591940461,0.007160325274476784,0.672484638100219,0.8442369038356958,0.6000234095518601
1.1,7,19.0,0.492907140218,0.169721539165,0.007160325274476784,0.6639415611421147,0.8408234255815914,0.5862195619455532
1.1,7,20.0,0.477088557431,0.173646034014,0.007160325274476784,0.6541467530043923,0.8349531122928691,0.57139562737944
1.2,7,-5.0,-0.238516183178,0.020867462874,0.007068150630674613,0.8470717973563089,0.8750074108609835,-0.2725876149360913
1.2,7,-4.0,-0.191515612776,0.013392076737,0.007068150630674613,0.8827530025945879,0.9032132299622625,-0.21203809512843583
1.2,7,-3.0,-0.144062556278,0.007549998726,0.007068150630674613,0.9199095085387954,0.93452765789547,-0.1541554763637759
1.2,7,-2.0,-0.096257738467,0.003361394329,0.007068150630674613,0.9585152692194131,0.9689448141790877,-0.09934284910596458
1.2,7,-1.0,-0.048202779169,0.000841382648,0.007068150630674613,0.9985350963310642,1.006444629609739,-0.04789411930956521
1.2,7,0.0,0.0,0.0,0.007068150630674613,1.0399240687946223,1.046992219425297,0.0
1.2,7,1.0,0.048247867479,0.000842169668,0.007068150630674613,1.082627081160277,1.0905374014589515,0.0442422858807526
1.2,7,2.0,0.096437954387,0.003367687608,0.007068150630674613,1.1265784513884394,1.137014289627114,0.08481683587162919
1.2,7,3.0,0.144467527534,0.00757122237,0.007068150630674613,1.171701614813727,1.1863409878144016,0.12177571964377022
1.2,7,4.0,0.192234282445,0.013442331016,0.007068150630674613,1.2179089348967835,1.238419416543458,0.1552255075114564
1.2,7,5.0,0.239636538372,0.020965481253,0.007068150630674613,1.2651015262462733,1.293135158129948,0.18531437867527129
1.2,7,6.0,0.286573615191,0.030120101794,0.007068150630674613,1.313169370902065,1.3503576233267398,0.21222053346505165
1.2,7,7.0,0.332946034099,0.04088063413,0.007068150630674613,1.361991390871422,1.4099401756320966,0.2361419582570129
1.2,7,8.0,0.37864154656,0.053214601006,0.007068150630674613,1.4114201071624322,1.4717028587991068,0.2572812468876817
1.2,7,9.0,0.421253087359,0.066719934476,0.007068150630674613,1.4587138065206804,1.532501891627355,0.274879326192331
1.2,7,10.0,0.458053554064,0.080767200191,0.007068150630674613,1.5005057427943533,1.588341093616028,0.2883848789816249
1.2,7,11.0,0.487531286046,0.094766482096,0.007068150630674613,1.534624268781128,1.6364589015078026,0.297918441823866
1.2,7,12.0,0.508799041486,0.108148574839,0.007068150630674613,1.5595992086688748,1.6748159341385493,0.30379400572618953
1.2,7,13.0,0.521708954778,0.120446002684,0.007068150630674613,1.5749073750846765,1.7024215283993511,0.306451102782118
1.2,7,14.0,0.527071619442,0.131413714231,0.007068150630674613,1.5812992688587686,1.7197811337204432,0.3064759864540283
1.2,7,15.0,0.526261411316,0.14101132017,0.007068150630674613,1.5803323160984712,1.7284117868991458,0.3044768702139774
1.2,7,16.0,0.521378361206,0.14950283931,0.007068150630674613,1.574513967522536,1.7310849574632106,0.30118588862908563
1.2,7,17.0,0.515484259258,0.157599353864,0.007068150630674613,1.5675123278192031,1.7321798323138777,0.29759280742196764
1.2,7,18.0,0.507220718559,0.164806001797,0.007068150630674613,1.5577353687055724,1.729609521133247,0.2932573580114585
1.2,7,19.0,0.496683291688,0.171021772388,0.007068150630674613,1.5453345046042255,1.7234244276229,0.2881955737235718
1.2,7,20.0,0.484954371879,0.176508956341,0.007068150630674613,1.5316186768997555,1.71519578387143,0.2827399509952106
0.1,8,-5.0,-0.194247076034,0.005500359251,0.010408976328764476,0,0.015909335579764476,-12.209628432319212
0.1,8,-4.0,-0.155533200197,0.003524317333,0.010408976328764476,0,0.013933293661764476,-11.162701653508657
0.1,8,-3.0,-0.1167101907,0.001983727268,0.010408976328764476,0,0.012392703596764476,-9.4176536853888
0.1,8,-2.0,-0.077832090815,0.000881974018,0.010408976328764476,0,0.011290950346764476,-6.893316189040146
0.1,8,-1.0,-0.038923735237,0.000220544959,0.010408976328764476,0,0.010629521287764477,-3.6618521364461327
0.1,8,0.0,0.0,0.0,0.010408976328764476,0,0.010408976328764476,0.0
0.1,8,1.0,0.038915124569,0.000220454219,0.010408976328764476,0,0.010629430547764477,3.6610733184746587
0.1,8,2.0,0.077799876352,0.000881263009,0.010408976328764476,0,0.011290239337764477,6.890896997353181
0.1,8,3.0,0.116630669263,0.001981315272,0.010408976328764476,0,0.012390291600764476,9.413068959232884
0.1,8,4.0,0.155365991885,0.003517359995,0.010408976328764476,0,0.013926336323764476,11.156271705134468
0.1,8,5.0,0.194025168413,0.005488535522,0.010408976328764476,0,0.015897511850764476,12.204750670066005
0.1,8,6.0,0.232587274272,0.007891205164,0.010408976328764476,0,0.018300181492764474,12.709561069870283
0.1,8,7.0,0.271016237978,0.010722751266,0.010408976328764476,0,0.021131727594764477,12.825086674179259
0.1,8,8.0,0.309299222611,0.013979466759,0.010408976328764476,0,0.024388443087764475,12.682204497349543
0.1,8,9.0,0.347406168809,0.017657160449,0.010408976328764476,0,0.028066136777764476,12.3781256950274
0.1,8,10.0,0.385348425535,0.021750523971,0.010408976328764476,0,0.03215950029976448,11.982413344209272
0.1,8,11.0,0.423046771111,0.026251952091,0.010408976328764476,0,0.036660928419764476,11.539445108076665
0.1,8,12.0,0.460444317109,0.031148213404,0.010408976328764476,0,0.041557189732764475,11.079775126034978
0.1,8,13.0,0.495969578404,0.036191439031,0.010408976328764476,0,0.046600415359764474,10.64302913557779
0.1,8,14.0,0.528085333688,0.041108773709,0.010408976328764476,0,0.05151775003776447,10.250551184803168
0.1,8,15.0,0.556204797192,0.045711116299,0.010408976328764476,0,0.056120092627764476,9.910974325741348
0.1,8,16.0,0.580433593641,0.049962976849,0.010408976328764476,0,0.060371953177764476,9.614292118923508
0.1,8,17.0,0.601275633454,0.053873980936,0.010408976328764476,0,0.06428295726476448,9.35357766721131
0.1,8,18.0,0.61887082263,0.057435317253,0.010408976328764476,0,0.06784429358176448,9.12192890451649
0.1,8,19.0,0.633466875926,0.060645458106,0.010408976328764476,0,0.07105443443476447,8.915233524342383
0.1,8,20.0,0.645095640809,0.063436498453,0.010408976328764476,0,0.07384547478176448,8.735750466977848
0.2,8,-5.0,-0.195114786193,0.005548166104,0.009258959823002528,0,0.014807125927002528,-13.177086975210047
0.2,8,-4.0,-0.156229534429,0.003555032971,0.009258959823002528,0,0.012813992794002528,-12.19210412714777
0.2,8,-3.0,-0.117234024659,0.002001035919,0.009258959823002528,0,0.011259995742002527,-10.411551420191797
0.2,8,-2.0,-0.078182094019,0.000889682867,0.009258959823002528,0,0.010148642690002528,-7.7036995396455845
0.2,8,-1.0,-0.039098892831,0.000222475784,0.009258959823002528,0,0.009481435607002528,-4.123731305217477
0.2,8,0.0,0.0,0.0,0.009258959823002528,0,0.009258959823002528,0.0
0.2,8,1.0,0.039090257755,0.000222381046,0.009258959823002528,0,0.009481340869002527,4.122861765554521
0.2,8,2.0,0.078149633611,0.000888954867,0.009258959823002528,0,0.010147914690002528,7.701053467466677
0.2,8,3.0,0.117154879027,0.001998553494,0.009258959823002528,0,0.011257513317002529,10.406816827838684
0.2,8,4.0,0.156062186959,0.003547915682,0.009258959823002528,0,0.012806875505002528,12.18581276112508
0.2,8,5.0,0.194894000724,0.005536026696,0.009258959823002528,0,0.014794986519002528,13.172975891102041
0.2,8,6.0,0.23362251669,0.007959207207,0.009258959823002528,0,0.017218167030002528,13.568373235252889
0.2,8,7.0,0.272218345133,0.010814728586,0.009258959823002528,0,0.020073688409002526,13.56095300407857
0.2,8,8.0,0.310663543682,0.014098797198,0.009258959823002528,0,0.023357757021002526,13.300230129231226
0.2,8,9.0,0.348927000126,0.01780641643,0.009258959823002528,0,0.027065376253002527,12.892006261590078
0.2,8,10.0,0.387026139239,0.021933573301,0.009258959823002528,0,0.03119253312400253,12.40765338616199
0.2,8,11.0,0.424874218796,0.026471795834,0.009258959823002528,0,0.035730755657002525,11.890994494339305
0.2,8,12.0,0.462375441742,0.031400446898,0.009258959823002528,0,0.04065940672100253,11.371918063505854
0.2,8,13.0,0.497859811271,0.036455913838,0.009258959823002528,0,0.045714873661002534,10.890543304633555
0.2,8,14.0,0.52986304796,0.041366848173,0.009258959823002528,0,0.050625807996002525,10.466263531079615
0.2,8,15.0,0.557813723161,0.045950612342,0.009258959823002528,0,0.055209572165002524,10.103569024115702
0.2,8,16.0,0.581866891054,0.050177985386,0.009258959823002528,0,0.05943694520900253,9.789650006539508
0.2,8,17.0,0.602496077847,0.054055202945,0.009258959823002528,0,0.06331416276800253,9.515976386747504
0.2,8,18.0,0.619895414982,0.057583766589,0.009258959823002528,0,0.06684272641200253,9.273939712768646
0.2,8,19.0,0.634239049232,0.060739106803,0.009258959823002528,0,0.06999806662600253,9.060808102325446
0.2,8,20.0,0.645652621057,0.06348311553,0.009258959823002528,0,0.07274207535300252,8.875916969976165
0.3,8,-5.0,-0.196608028368,0.005630688787,0.008666934523829536,0,0.014297623310829536,-13.75109863323102
0.3,8,-4.0,-0.157426728502,0.003608113776,0.008666934523829536,0,0.012275048299829536,-12.82493760160489
0.3,8,-3.0,-0.118134631033,0.00203095742,0.008666934523829536,0,0.010697891943829536,-11.042795314560937
0.3,8,-2.0,-0.078783760254,0.000903006485,0.008666934523829536,0,0.009569941008829536,-8.2324185887156
0.3,8,-1.0,-0.039400017677,0.000225809861,0.008666934523829536,0,0.008892744384829536,-4.4305802541917165
0.3,8,0.0,0.0,0.0,0.008666934523829536,0,0.008666934523829536,0.0
0.3,8,1.0,0.039391297964,0.00022571092,0.008666934523829536,0,0.008892645443829537,4.429648996220015
0.3,8,2.0,0.078751021129,0.000902245591,0.008666934523829536,0,0.009569180114829537,8.229651880724669
0.3,8,3.0,0.11805487916,0.002028366818,0.008666934523829536,0,0.010695301341829536,11.038013365578118
0.3,8,4.0,0.157256652589,0.003600701914,0.008666934523829536,0,0.012267636437829537,12.818822385709923
0.3,8,5.0,0.196384444589,0.005618122935,0.008666934523829536,0,0.014285057458829537,13.747543204148302
0.3,8,6.0,0.235403212955,0.008076697678,0.008666934523829536,0,0.016743632201829537,14.059268032015064
0.3,8,7.0,0.274282734706,0.010973539228,0.008666934523829536,0,0.019640473751829535,13.96517915869775
0.3,8,8.0,0.31300654762,0.014304711199,0.008666934523829536,0,0.022971645722829538,13.625778117800667
0.3,8,9.0,0.351541498331,0.018064639633,0.008666934523829536,0,0.026731574156829536,13.150796742031227
0.3,8,10.0,0.389902176279,0.022249876304,0.008666934523829536,0,0.030916810827829537,12.611332341175126
0.3,8,11.0,0.428012274367,0.026851164123,0.008666934523829536,0,0.03551809864682953,12.050540166096583
0.3,8,12.0,0.465672349882,0.031832379295,0.008666934523829536,0,0.040499313818829534,11.49827752551928
0.3,8,13.0,0.501076821623,0.036902782009,0.008666934523829536,0,0.045569716532829534,10.995829242475365
0.3,8,14.0,0.532836504746,0.041795867412,0.008666934523829536,0,0.050462801935829533,10.558995622628638
0.3,8,15.0,0.560528826894,0.046354397552,0.008666934523829536,0,0.055021332075829536,10.187481941031306
0.3,8,16.0,0.584278904804,0.050542829162,0.008666934523829536,0,0.05920976368582954,9.86794860226462
0.3,8,17.0,0.604532317515,0.054354905446,0.008666934523829536,0,0.06302183996982955,9.592425702017076
0.3,8,18.0,0.621572913284,0.05781660789,0.008666934523829536,0,0.06648354241382953,9.349274883925316
0.3,8,19.0,0.635339030363,0.060834827615,0.008666934523829536,0,0.06950176213882954,9.141337008030277
0.3,8,20.0,0.646474235245,0.063521241146,0.008666934523829536,0,0.07218817566982953,8.955403419554607
0.4,8,-5.0,-0.198801587252,0.005753051058,0.008278393066883936,0,0.014031444124883937,-14.168291266572993
0.4,8,-4.0,-0.159187323439,0.003686754912,0.008278393066883936,0,0.011965147978883936,-13.304250287579677
0.4,8,-3.0,-0.119458189056,0.002075322724,0.008278393066883936,0,0.010353715790883936,-11.537711819478233
0.4,8,-2.0,-0.079668131035,0.000922759718,0.008278393066883936,0,0.009201152784883936,-8.658494527542501
0.4,8,-1.0,-0.039842512698,0.000230749501,0.008278393066883936,0,0.008509142567883937,-4.6823181513467205
0.4,8,0.0,0.0,0.0,0.008278393066883936,0,0.008278393066883936,0.0
0.4,8,1.0,0.039833859982,0.000230645179,0.008278393066883936,0,0.008509038245883936,4.681358671912043
0.4,8,2.0,0.079635113077,0.000921941553,0.008278393066883936,0,0.009200334619883937,8.655675729977373
0.4,8,3.0,0.119386846593,0.002072650609,0.008278393066883936,0,0.010351043675883936,11.533797975478532
0.4,8,4.0,0.159041437806,0.003680164912,0.008278393066883936,0,0.011958557978883936,13.299382591682928
0.4,8,5.0,0.198575288467,0.005739844355,0.008278393066883936,0,0.014018237421883937,14.165496166943441
0.4,8,6.0,0.238017318337,0.008251007486,0.008278393066883936,0,0.016529400552883936,14.399634008232221
0.4,8,7.0,0.277318763947,0.011208779926,0.008278393066883936,0,0.019487172992883935,14.230836050373625
0.4,8,8.0,0.316446465983,0.014609387582,0.008278393066883936,0,0.022887780648883936,13.826000468875986
0.4,8,9.0,0.355390529675,0.01844810861,0.008278393066883936,0,0.026726501676883938,13.297308191381493
0.4,8,10.0,0.394137789914,0.022718084217,0.008278393066883936,0,0.03099647728388394,12.715567201532442
0.4,8,11.0,0.432627907554,0.027413722654,0.008278393066883936,0,0.03569211572088394,12.121105706851207
0.4,8,12.0,0.470505712985,0.032469465597,0.008278393066883936,0,0.04074785866388394,11.546759226443069
0.4,8,13.0,0.505697863393,0.037541047372,0.008278393066883936,0,0.04581944043888394,11.036753363837407
0.4,8,14.0,0.537169516032,0.04242421802,0.008278393066883936,0,0.05070261108688394,10.594513862639282
0.4,8,15.0,0.564408706205,0.04692890401,0.008278393066883936,0,0.05520729707688394,10.223443930228669
0.4,8,16.0,0.587737732142,0.051054216914,0.008278393066883936,0,0.05933260998088394,9.90581287982039
0.4,8,17.0,0.607438955623,0.05477491472,0.008278393066883936,0,0.06305330778688394,9.633736546797893
0.4,8,18.0,0.623932120387,0.058130805647,0.008278393066883936,0,0.06640919871388394,9.39526650630339
0.4,8,19.0,0.637092979113,0.061020515965,0.008278393066883936,0,0.06929890903188393,9.193405610756125
0.4,8,20.0,0.647781055758,0.063603970927,0.008278393066883936,0,0.07188236399388394,9.011682696093802
0.5,8,-5.0,-0.201871939503,0.005926214592,0.00799351825787806,0,0.013919732849878061,-14.502572835280272
0.5,8,-4.0,-0.161622388894,0.003796691353,0.00799351825787806,0,0.011790209610878061,-13.708186217900783
0.5,8,-3.0,-0.121292399333,0.002137319671,0.00799351825787806,0,0.010130837928878061,-11.972593006078473
0.5,8,-2.0,-0.080896528836,0.000950393639,0.00799351825787806,0,0.00894391189687806,-9.04487094335506
0.5,8,-1.0,-0.040456684915,0.00023767711,0.00799351825787806,0,0.008231195367878062,-4.915043697405207
0.5,8,0.0,0.0,0.0,0.00799351825787806,0,0.00799351825787806,0.0
0.5,8,1.0,0.04044761683,0.000237562715,0.00799351825787806,0,0.008231080972878061,4.914010318119514
0.5,8,2.0,0.080860514095,0.000949524462,0.00799351825787806,0,0.00894304271987806,9.041722893179085
0.5,8,3.0,0.1212147823,0.002134460787,0.00799351825787806,0,0.01012797904487806,11.968308955111924
0.5,8,4.0,0.161485998369,0.00378979085,0.00799351825787806,0,0.011783309107878061,13.704639069600066
0.5,8,5.0,0.20161958901,0.005910687927,0.00799351825787806,0,0.01390420618487806,14.500618469630972
0.5,8,6.0,0.241627529092,0.008494251409,0.00799351825787806,0,0.01648776966687806,14.654955398691708
0.5,8,7.0,0.281469800563,0.011534780371,0.00799351825787806,0,0.01952829862887806,14.413431805409207
0.5,8,8.0,0.321137555234,0.015030229939,0.00799351825787806,0,0.02302374819687806,13.948100565030726
0.5,8,9.0,0.360611590903,0.018974470739,0.00799351825787806,0,0.02696798899687806,13.371838402364599
0.5,8,10.0,0.39988873227,0.023360044402,0.00799351825787806,0,0.031353562659878056,12.754172041243727
0.5,8,11.0,0.438899809889,0.028184767235,0.00799351825787806,0,0.03617828549287806,12.131581248519927
0.5,8,12.0,0.476973648186,0.033325457461,0.00799351825787806,0,0.04131897571887806,11.54369487354154
0.5,8,13.0,0.511928344741,0.038406005986,0.00799351825787806,0,0.046399524243878054,11.033051590147366
0.5,8,14.0,0.542791996761,0.04320804919,0.00799351825787806,0,0.05120156744787806,10.601081642931126
0.5,8,15.0,0.569439111975,0.047642563665,0.00799351825787806,0,0.055636081922878056,10.235068543546046
0.5,8,16.0,0.592171602723,0.051677441172,0.00799351825787806,0,0.05967095942987806,9.923949746758916
0.5,8,17.0,0.611121597725,0.055272204628,0.00799351825787806,0,0.06326572288587806,9.659600330930736
0.5,8,18.0,0.626810012827,0.058467874924,0.00799351825787806,0,0.06646139318187806,9.431189790314408
0.5,8,19.0,0.639241424753,0.061213060692,0.00799351825787806,0,0.06920657894987806,9.236714694652978
0.5,8,20.0,0.649063187813,0.063586734517,0.00799351825787806,0,0.07158025277487806,9.067629166584844
0.6,8,-5.0,-0.208898378531,0.006320180584,0.007770787343289783,0,0.014090967927289783,-14.824984316828186
0.6,8,-4.0,-0.167288305259,0.004049436599,0.007770787343289783,0,0.011820223942289782,-14.152718770452783
0.6,8,-3.0,-0.125557584067,0.002279067559,0.007770787343289783,0,0.010049854902289783,-12.493472322510113
0.6,8,-2.0,-0.083742999537,0.001013385201,0.007770787343289783,0,0.008784172544289783,-9.533396471297431
0.6,8,-1.0,-0.041881518112,0.000253452941,0.007770787343289783,0,0.008024240284289783,-5.219374872658975
0.6,8,0.0,0.0,0.0,0.007770787343289783,0,0.007770787343289783,0.0
0.6,8,1.0,0.041872480334,0.000253336636,0.007770787343289783,0,0.008024123979289784,5.218324198638085
0.6,8,2.0,0.083707432916,0.001012493483,0.007770787343289783,0,0.008783280826289784,9.530314989525335
0.6,8,3.0,0.125475763713,0.002276342854,0.007770787343289783,0,0.010047130197289783,12.488716802619631
0.6,8,4.0,0.167141902269,0.004043012703,0.007770787343289783,0,0.011813800046289784,14.148021941635301
0.6,8,5.0,0.208666635331,0.006306922265,0.007770787343289783,0,0.014077709608289784,14.82248470362855
0.6,8,6.0,0.250015034184,0.009061581497,0.007770787343289783,0,0.016832368840289783,14.853229308139127
0.6,8,7.0,0.291173175217,0.012304328844,0.007770787343289783,0,0.020075116187289785,14.50418381146662
0.6,8,8.0,0.332116405292,0.016026132556,0.007770787343289783,0,0.023796919899289785,13.95627697607672
0.6,8,9.0,0.372669514085,0.020202214537,0.007770787343289783,0,0.027973001880289783,13.322471277120558
0.6,8,10.0,0.413070084675,0.024856083942,0.007770787343289783,0,0.03262687128528978,12.660425851535377
0.6,8,11.0,0.452973191307,0.029933612405,0.007770787343289783,0,0.037704399748289784,12.013801952318474
0.6,8,12.0,0.489956906667,0.03504665097,0.007770787343289783,0,0.04281743831328978,11.442929002011919
0.6,8,13.0,0.522836947154,0.039933743668,0.007770787343289783,0,0.04770453101128978,10.9599012100185
0.6,8,14.0,0.551686962556,0.044536976523,0.007770787343289783,0,0.05230776386628978,10.546942208545445
0.6,8,15.0,0.576622556005,0.048815767051,0.007770787343289783,0,0.05658655439428978,10.190098375440009
0.6,8,16.0,0.597816417749,0.052721784648,0.007770787343289783,0,0.06049257199128978,9.882476444133976
0.6,8,17.0,0.615380890796,0.056194645763,0.007770787343289783,0,0.06396543310628978,9.620522537124648
0.6,8,18.0,0.629491927264,0.059193450601,0.007770787343289783,0,0.06696423794428978,9.400419486408543
0.6,8,19.0,0.640627196452,0.061720360181,0.007770787343289783,0,0.06949114752428978,9.218831740087133
0.6,8,20.0,0.650621750385,0.064113441392,0.007770787343289783,0,0.07188422873528978,9.050966558754958
0.7,8,-5.0,-0.214270685934,0.006631017027,0.007589152813858654,0.0,0.014220169840858655,-15.068082050492706
0.7,8,-4.0,-0.171597328846,0.004250128958,0.007589152813858654,0.0,0.011839281771858653,-14.493896855624957
0.7,8,-3.0,-0.128797578877,0.002393276868,0.007589152813858654,0.0,0.009982429681858654,-12.902427863936513
0.7,8,-2.0,-0.085908030678,0.001064402017,0.007589152813858654,0.0,0.008653554830858654,-9.927484410412609
0.7,8,-1.0,-0.042965392359,0.00026621338,0.007589152813858654,0.0,0.007855366193858654,-5.469559444929564
0.7,8,0.0,0.0,0.0,0.007589152813858654,0.0,0.007589152813858654,0.0
0.7,8,1.0,0.042956107219,0.000266082298,0.007589152813858654,0.0,0.007855235111858655,5.46846868455297
0.7,8,2.0,0.08587138109,0.00106340668,0.007589152813858654,0.0,0.008652559493858654,9.92439071363209
0.7,8,3.0,0.128713882005,0.002389778233,0.007589152813858654,0.0,0.009978931046858654,12.898564124813635
0.7,8,4.0,0.171448201368,0.004241912879,0.007589152813858654,0.0,0.011831065692858654,14.491357399146876
0.7,8,5.0,0.214037548873,0.006615858813,0.007589152813858654,0.0,0.014205011626858655,15.067748939275805
0.7,8,6.0,0.256454404341,0.009508612248,0.007589152813858654,2.0617908593952126e-09,0.017097767123649514,14.999292158230066
0.7,8,7.0,0.298653427891,0.012909738883,0.007589152813858654,6.028291955462812e-08,0.020498951979778208,14.56920471766632
0.7,8,8.0,0.340604453703,0.016810971937,0.007589152813858654,3.6310669364536e-07,0.024400487857552302,13.958919825350051
0.7,8,9.0,0.382281458983,0.021207106177,0.007589152813858654,1.2396955307109226e-06,0.028797498686389367,13.274814703392229
0.7,8,10.0,0.42365288652,0.026084261052,0.007589152813858654,3.14846855828657e-06,0.03367656233441694,12.580051440910676
0.7,8,11.0,0.464004147233,0.0313241895,0.007589152813858654,6.58829853303327e-06,0.03891993061239169,11.922018871361143
0.7,8,12.0,0.500524603085,0.03643996767,0.007589152813858654,1.1625780188770664e-05,0.04404074626404742,11.365034554230574
0.7,8,13.0,0.532710145503,0.041277113036,0.007589152813858654,1.8075647109707032e-05,0.04888434149696836,10.897357501195692
0.7,8,14.0,0.560683144659,0.045773335224,0.007589152813858654,2.5589602149305253e-05,0.053388077640007955,10.502029094204271
0.7,8,15.0,0.584468794638,0.049865151429,0.007589152813858654,3.364017716827586e-05,0.05748794442002693,10.166806284943286
0.7,8,16.0,0.60437134435,0.053518702755,0.007589152813858654,4.1722845784882396e-05,0.06114957841464354,9.883491595835281
0.7,8,17.0,0.620575333762,0.05670044086,0.007589152813858654,4.931288150533577e-05,0.06433890655536399,9.645413125384582
0.7,8,18.0,0.633212621142,0.059350486487,0.007589152813858654,5.591610410107007e-05,0.06699555540495972,9.451561634417363
0.7,8,19.0,0.643029370302,0.061582058258,0.007589152813858654,6.148651447172107e-05,0.06923269758633037,9.287943308870327
0.7,8,20.0,0.650312541177,0.063405115396,0.007589152813858654,6.588067344438482e-05,0.07106014888330303,9.151578647055208
0.8,8,-5.0,-0.222061014934,0.007098546322,0.007436554480374429,0.00018701776872294998,0.014722118571097379,-15.083495888285572
0.8,8,-4.0,-0.17785309649,0.004550486356,0.007436554480374429,0.0002544403127971889,0.012241481149171618,-14.528723634234026
0.8,8,-3.0,-0.133504543369,0.002562660016,0.007436554480374429,0.0003389306783960185,0.010338145174770448,-12.91378106150114
0.8,8,-2.0,-0.089052972879,0.001139802439,0.007436554480374429,0.00044316413664433074,0.00901952105601876,-9.873359386369483
0.8,8,-1.0,-0.04453976293,0.000285070126,0.007436554480374429,0.0005699627027797123,0.008291587309154141,-5.371681111145857
0.8,8,0.0,0.0,0.0,0.007436554480374429,0.0007223008655231746,0.008158855345897604,0.0
0.8,8,1.0,0.044530167098,0.000284924271,0.007436554480374429,0.0009032682292563587,0.008624746980630787,5.163069386035856
0.8,8,2.0,0.089015214752,0.001138670386,0.007436554480374429,0.001116049364401736,0.009691274230776165,9.185088836854723
0.8,8,3.0,0.133418582427,0.002558787275,0.007436554480374429,0.0013638879728187462,0.011359229728193176,11.745389926912047
0.8,8,4.0,0.177700025912,0.004541250278,0.007436554480374429,0.001650033145198974,0.013627837903573404,13.03948778737709
0.8,8,5.0,0.221820289845,0.007080607751,0.007436554480374429,0.001977723944346525,0.016494886175720955,13.447821796521412
0.8,8,6.0,0.265745705924,0.010170679952,0.007436554480374429,0.0023501969539604065,0.019957431386334833,13.31562668460232
0.8,8,7.0,0.309433947381,0.013801772714,0.007436554480374429,0.002770533185085202,0.02400886037945963,12.888322997860028
0.8,8,8.0,0.352857288216,0.01796949939,0.007436554480374429,0.0032418330375295315,0.02864788690790396,12.317044162815602
0.8,8,9.0,0.395983055552,0.022662253249,0.007436554480374429,0.003767018342056121,0.03386582607143055,11.692703279015953
0.8,8,10.0,0.438770075974,0.027866548276,0.007436554480374429,0.00434871139855258,0.039651814154927,11.06557380349973
0.8,8,11.0,0.479546406504,0.033287815351,0.007436554480374429,0.004963399473204511,0.045687769304578935,10.496165906176968
0.8,8,12.0,0.515570815575,0.038371928339,0.007436554480374429,0.0055587116389282055,0.05136719445830263,10.036966608980661
0.8,8,13.0,0.546801363375,0.04299391347,0.007436554480374429,0.006116788732824017,0.05654725668319844,9.66981239140232
0.8,8,14.0,0.573351386528,0.047100893278,0.007436554480374429,0.006623396232065627,0.06116084399044006,9.374484541410506
0.8,8,15.0,0.595475755655,0.050646192693,0.007436554480374429,0.00706905908323684,0.06515180625661127,9.139819597780901
0.8,8,16.0,0.613406791123,0.053581348707,0.007436554480374429,0.007446449221379615,0.06846435240875405,8.959506218079236
0.8,8,17.0,0.62731221149,0.055857643042,0.007436554480374429,0.007749359815280731,0.07104355733765516,8.829966220701989
0.8,8,18.0,0.637892910185,0.057497928794,0.007436554480374429,0.007985965340583342,0.07292044861495776,8.74779190612594
0.8,8,19.0,0.645663726016,0.059392625533,0.007436554480374429,0.008163156515472099,0.07499233652884653,8.609729419053895
0.8,8,20.0,0.651273773291,0.06054228393,0.007436554480374429,0.008292898380543059,0.07627173679091749,8.538861191483374
0.9,8,-5.0,-0.231434908066,0.007676592896,0.007305474444304278,0.011354639778687683,0.026336707118991963,-8.787541548772714
0.9,8,-4.0,-0.185381714489,0.004921642907,0.007305474444304278,0.012772678678739192,0.024999796030043472,-7.4153290797340015
0.9,8,-3.0,-0.139168194569,0.002771983312,0.007305474444304278,0.01432518474813473,0.024402642504439007,-5.702996900589121
0.9,8,-2.0,-0.092837729016,0.001233024254,0.007305474444304278,0.01601955321422568,0.02455805191252996,-3.7803376809637137
0.9,8,-1.0,-0.046435199909,0.000308393708,0.007305474444304278,0.017862941720122892,0.025476809872427172,-1.822645776355834
0.9,8,0.0,0.0,0.0,0.007305474444304278,0.01986248579476402,0.027167960239068298,0.0
0.9,8,1.0,0.046424859675,0.000308221415,0.007305474444304278,0.022024878887845004,0.02963857474714928,1.5663661316732267
0.9,8,2.0,0.092796938096,0.001231661792,0.007305474444304278,0.024356451071374637,0.03289358730767891,2.821125504737418
0.9,8,3.0,0.139076284988,0.002767417455,0.007305474444304278,0.026863207762602825,0.0369360996619071,3.7653213593484
0.9,8,4.0,0.185218330251,0.004910769773,0.007305474444304278,0.029550371026205478,0.041766615243509754,4.434602353365986
0.9,8,5.0,0.231178232681,0.007655307026,0.007305474444304278,0.032422481991876535,0.047383263462180816,4.878900603068761
0.9,8,6.0,0.276914982956,0.010993931696,0.007305474444304278,0.035483590889197,0.05378299702950128,5.148745853714797
0.9,8,7.0,0.322384958917,0.01491536806,0.007305474444304278,0.038736782477986904,0.06095762498229118,5.288673221941572
0.9,8,8.0,0.367548387391,0.019410232361,0.007305474444304278,0.04218454048116768,0.06890024728647196,5.334500264749635
0.9,8,9.0,0.412367391721,0.024465924288,0.007305474444304278,0.0458285968434933,0.07759999557579758,5.314013082877185
0.9,8,10.0,0.456701629572,0.030049935962,0.007305474444304278,0.049660610910230364,0.08701602131653464,5.248477494858965
0.9,8,11.0,0.498055420189,0.035659718809,0.007305474444304278,0.0534470463004623,0.09641223955376657,5.165894107368469
0.9,8,12.0,0.534021417112,0.04069970546,0.007305474444304278,0.0569126710751658,0.10491785097947008,5.08990045189255
0.9,8,13.0,0.564631332449,0.045049707777,0.007305474444304278,0.05999264535844624,0.11234782757975052,5.025743217403953
0.9,8,14.0,0.590004965127,0.048628505353,0.007305474444304278,0.06263910835250626,0.11857308814981055,4.975875844454361
0.9,8,15.0,0.610347952595,0.051371666976,0.007305474444304278,0.06482334027106683,0.12350048169137111,4.942069409253524
0.9,8,16.0,0.625916862019,0.053239958156,0.007305474444304278,0.06653318255289967,0.12707861515320396,4.925430303630588
0.9,8,17.0,0.63742366763,0.054294318817,0.007305474444304278,0.06781847983862216,0.12941827309992643,4.925298818798428
0.9,8,18.0,0.645416520888,0.054597644948,0.007305474444304278,0.06872216963154949,0.13062528902385379,4.940976787198832
0.9,8,19.0,0.650428792252,0.054223296935,0.007305474444304278,0.06929345666749917,0.13082222804680343,4.97185227589382
0.9,8,20.0,0.653013105877,0.05329171118,0.007305474444304278,0.06958939858869007,0.13018658421299434,5.015978488295115
0.95,8,-5.0,-0.23864310835,0.008124332153,0.007246378679379129,0.034393306096216554,0.04976401692859568,-4.79549528110681
0.95,8,-4.0,-0.191175098927,0.005209408782,0.007246378679379129,0.037716613754131066,0.0501724012155102,-3.810363751693441
0.95,8,-3.0,-0.143527725043,0.002934307253,0.007246378679379129,0.04128904126295224,0.05146972719533137,-2.7885853075984217
0.95,8,-2.0,-0.095752251211,0.001305311272,0.007246378679379129,0.04512004794131633,0.053671737892695456,-1.7840348565279376
0.95,8,-1.0,-0.047894145984,0.00032647774,0.007246378679379129,0.049218970938030654,0.056791827357409785,-0.843328137384738
0.95,8,0.0,0.0,0.0,0.007246378679379129,0.05359442107276271,0.060840799752141836,0.0
0.95,8,1.0,0.047883516309,0.000326293323,0.007246378679379129,0.05825424331950858,0.06582691532188771,0.7274154663765406
0.95,8,2.0,0.095709709146,0.001303836595,0.007246378679379129,0.063205404667573,0.07175561994195213,1.3338287540881941
0.95,8,3.0,0.143432447108,0.002929288293,0.007246378679379129,0.0684539418269174,0.07862960879929654,1.8241531313492076
0.95,8,4.0,0.191004160301,0.005197420516,0.007246378679379129,0.07400462092269663,0.08644842011807577,2.209458079628483
0.95,8,5.0,0.238377055843,0.008101107643,0.007246378679379129,0.07986092317313842,0.09520840949551755,2.503739502698266
0.95,8,6.0,0.285506233012,0.011631637432,0.007246378679379129,0.08602533477299319,0.10490335088437232,2.721612137315744
0.95,8,7.0,0.332345726728,0.015777951117,0.007246378679379129,0.09249877427130246,0.11552310406768158,2.8768767028047346
0.95,8,8.0,0.378846921705,0.020529557768,0.007246378679379129,0.09928020360096423,0.12705614004834337,2.981728561570131
0.95,8,9.0,0.424969937672,0.02586949419,0.007246378679379129,0.10636820888482318,0.1394840817542023,3.0467271413872052
0.95,8,10.0,0.470435399188,0.031726072483,0.007246378679379129,0.1137200902402835,0.15269254140266264,3.0809324074803603
0.95,8,11.0,0.512236637492,0.037367273716,0.007246378679379129,0.12080976193120886,0.165423414326588,3.0965183470383115
0.95,8,12.0,0.548107328213,0.042145865911,0.007246378679379129,0.1271534706949452,0.17654571528532434,3.1046198279418813
0.95,8,13.0,0.578101007376,0.045924797696,0.007246378679379129,0.1326468841767673,0.18581806055214642,3.1111131267768593
0.95,8,14.0,0.602477322827,0.04861731221,0.007246378679379129,0.1372410145433219,0.19310470543270103,3.119951538606963
0.95,8,15.0,0.621542929416,0.050165786604,0.007246378679379129,0.14091660815221663,0.19832877343559574,3.133901948008752
0.95,8,16.0,0.635608029703,0.050526392017,0.007246378679379129,0.1436751262943946,0.20144789699077373,3.1551981390607953
0.95,8,17.0,0.64555503285,0.049793106897,0.007246378679379129,0.14565028952731623,0.20268977510369535,3.1849412853694097
0.95,8,18.0,0.651799488346,0.048009324369,0.007246378679379129,0.1469006036489137,0.20215630669729281,3.224235241505471
0.95,8,19.0,0.655120094245,0.045300111206,0.007246378679379129,0.14756875084437107,0.2001152407297502,3.2737141451895737
0.95,8,20.0,0.655758448383,0.041695690289,0.007246378679379129,0.147697456370584,0.19663952533896314,3.3348252201718713
1.05,8,-5.0,-0.268541459714,0.023494340604,0.0071387295600236315,0.16340183668998365,0.1940349068540073,-1.3839853048505946
1.05,8,-4.0,-0.215352064987,0.01505888335,0.0071387295600236315,0.17528499826098085,0.19748261117100446,-1.090486214001505
1.05,8,-3.0,-0.161985621941,0.008489306722,0.0071387295600236315,0.1878475721988978,0.20347560848092144,-0.7960935620260761
1.05,8,-2.0,-0.108228466959,0.003779421347,0.0071387295600236315,0.20117294480688336,0.212091095713907,-0.5102923656210022
1.05,8,-1.0,-0.054194906884,0.000945975618,0.0071387295600236315,0.2152689390142915,0.22335364419231513,-0.24264169532571553
1.05,8,0.0,0.0,0.0,0.0071387295600236315,0.23013842015527738,0.237277149715301,0.0
1.05,8,1.0,0.054240749271,0.0009467758,0.0071387295600236315,0.24577878246677218,0.2538642878267958,0.21366041571001462
1.05,8,2.0,0.108411696889,0.003785819877,0.0071387295600236315,0.26218146386169633,0.27310601329872,0.39695829315343795
1.05,8,3.0,0.162397366113,0.008510885319,0.0071387295600236315,0.2793314996264844,0.294981114505508,0.5505347906262916
1.05,8,4.0,0.216082753961,0.0151099781,0.0071387295600236315,0.2972071258220568,0.3194558334820804,0.676408853160357
1.05,8,5.0,0.269353636381,0.023565389663,0.0071387295600236315,0.31577944307607553,0.34648356229909916,0.7773922508580151
1.05,8,6.0,0.322096871304,0.03385374534,0.0071387295600236315,0.33501215110703475,0.37600462600705836,0.856630075870273
1.05,8,7.0,0.374200698745,0.045946068485,0.0071387295600236315,0.3548613637098555,0.40794616175487913,0.9172796163476208
1.05,8,8.0,0.425206528352,0.059758880415,0.0071387295600236315,0.3751340761659365,0.44203168614096017,0.961936760833035
1.05,8,9.0,0.471121951824,0.074618386664,0.0071387295600236315,0.39411539424103575,0.4758725104650594,0.9900171610324439
1.05,8,10.0,0.508614215711,0.089682409002,0.0071387295600236315,0.4101413970812676,0.5069625356432913,1.0032579923595593
1.05,8,11.0,0.535763413029,0.104141857849,0.0071387295600236315,0.4220477653941854,0.5333283528032091,1.004565780560872
1.05,8,12.0,0.551660821092,0.117259127339,0.0071387295600236315,0.4291388643990304,0.553536721298054,0.9966110645710099
1.05,8,13.0,0.556507040625,0.128479773818,0.0071387295600236315,0.431318202462705,0.5669367058407286,0.9816034751176286
1.05,8,14.0,0.551673720322,0.137547706909,0.0071387295600236315,0.42914465417943093,0.5738310906484545,0.9613869469822284
1.05,8,15.0,0.540296421949,0.144771989935,0.0071387295600236315,0.42406070522596323,0.5759714247209868,0.9380611585214169
1.05,8,16.0,0.526404668178,0.150944109642,0.0071387295600236315,0.4179145751680392,0.5759974143700628,0.9139010958125573
1.05,8,17.0,0.512379608391,0.156650166839,0.0071387295600236315,0.411777485768426,0.5755663821674496,0.8902180951943323
1.05,8,18.0,0.496803349794,0.161421193502,0.0071387295600236315,0.4050411127759765,0.5736010358380002,0.866113062484619
1.05,8,19.0,0.479159421112,0.164987819857,0.0071387295600236315,0.3975107312966259,0.5696372807136495,0.8411658389206943
1.05,8,20.0,0.461292775636,0.167896839614,0.0071387295600236315,0.3899927893976693,0.5650283585716929,0.816406413303005
1.1,8,-5.0,-0.25091026059,0.021951803197,0.007089449651291616,0.30848184794364436,0.337523100791936,-0.7433869267060096
1.1,8,-4.0,-0.201459297959,0.014087406335,0.007089449651291616,0.32617812558945325,0.34735498157574485,-0.5799810241531528
1.1,8,-3.0,-0.151535243062,0.007941625512,0.007089449651291616,0.34480524319166617,0.3598363183549578,-0.42112270310780364
1.1,8,-2.0,-0.101245914355,0.00353558448,0.007089449651291616,0.3643639977467151,0.3749890318780067,-0.26999700190681264
1.1,8,-1.0,-0.050698298702,0.000884941906,0.007089449651291616,0.3848500984834886,0.39282449004078024,-0.1290609419406027
1.1,8,0.0,0.0,0.0,0.007089449651291616,0.4062530611196975,0.4133425107709891,0.0
1.1,8,1.0,0.050740929475,0.000885686029,0.007089449651291616,0.4285556902610047,0.43653082594129633,0.1162367614373779
1.1,8,2.0,0.101416307615,0.003541534743,0.007089449651291616,0.45173366205893134,0.46236464645322295,0.21934269497670214
1.1,8,3.0,0.151918142164,0.007961692403,0.007089449651291616,0.4757551636412538,0.4908063056955454,0.3095276902539168
1.1,8,4.0,0.202138797927,0.014134921602,0.007089449651291616,0.5005805227395128,0.5218048939928044,0.3873838675223071
1.1,8,5.0,0.251971445127,0.022044644813,0.007089449651291616,0.5261620441900415,0.5552961386543331,0.4537604848785919
1.1,8,6.0,0.301310245209,0.031668982659,0.007089449651291616,0.5524438056354894,0.5912022379457811,0.5096568075519244
1.1,8,7.0,0.350050653277,0.042980815427,0.007089449651291616,0.5793615993460548,0.6294318644243464,0.5561374837563119
1.1,8,8.0,0.398062282256,0.055944004982,0.007089449651291616,0.6068270060233691,0.6698604606566607,0.5942465716901422
1.1,8,9.0,0.442721702949,0.070120229141,0.007089449651291616,0.6332407066129866,0.7104503854052782,0.6231563977496448
1.1,8,10.0,0.480828780795,0.084783087155,0.007089449651291616,0.6564528363049924,0.748325373111284,0.6425397267980858
1.1,8,11.0,0.510566496679,0.09924407346,0.007089449651291616,0.6750056640419329,0.7813391871532245,0.6534505181280194
1.1,8,12.0,0.530968511411,0.112860841141,0.007089449651291616,0.6879596464327171,0.8079099372250087,0.657212502218699
1.1,8,13.0,0.541861578589,0.125098602489,0.007089449651291616,0.6949519260463026,0.8271399781865942,0.655102634232439
1.1,8,14.0,0.543918083767,0.135614009536,0.007089449651291616,0.6962779583988011,0.8389814175860928,0.648307664944421
1.1,8,15.0,0.538751475011,0.14435802265,0.007089449651291616,0.6929501338306889,0.8443976061319806,0.638030557048728
1.1,8,16.0,0.529307122294,0.151776374967,0.007089449651291616,0.6868978535851327,0.8457636782034244,0.6258333573964266
1.1,8,17.0,0.51889816971,0.158643091033,0.007089449651291616,0.6802734432762269,0.8460059839605185,0.6133504721571993
1.1,8,18.0,0.5065619054,0.164591940426,0.007089449651291616,0.6724846380316961,0.8441660281089878,0.6000737870662088
1.1,8,19.0,0.4929071401,0.169721539124,0.007089449651291616,0.6639415610686417,0.8407525498439333,0.5862689803218522
1.1,8,20.0,0.4770885573,0.173646033966,0.007089449651291616,0.6541467529237293,0.8348822365410209,0.5714441347759576
1.2,8,-5.0,-0.238516183166,0.020867462873,0.006998538919687304,0.8470717973652785,0.8749377991579658,-0.2726093025076141
1.2,8,-4.0,-0.191515612766,0.013392076736,0.006998538919687304,0.8827530026022973,0.9031436182579846,-0.2120544384019477
1.2,8,-3.0,-0.14406255627,0.007549998725,0.006998538919687304,0.9199095085451564,0.9344580461898437,-0.15416696004427402
1.2,8,-2.0,-0.096257738462,0.003361394329,0.006998538919687304,0.9585152692235143,0.9688752024722016,-0.09934998668186244
1.2,8,-1.0,-0.048202779166,0.000841382648,0.006998538919687304,0.9985350963336009,1.0063750179012882,-0.04789743217843673
1.2,8,0.0,0.0,0.0,0.006998538919687304,1.0399240687946223,1.0469226077143097,0.0
1.2,8,1.0,0.048247867476,0.000842169668,0.006998538919687304,1.0826270811575809,1.0904677897452681,0.04424511015338715
1.2,8,2.0,0.096437954381,0.003367687608,0.006998538919687304,1.1265784513828856,1.136944677910573,0.08482202894711592
1.2,8,3.0,0.144467527525,0.00757122237,0.006998538919687304,1.1717016148051465,1.1862713760948338,0.12178286557042481
1.2,8,4.0,0.192234282432,0.013442331015,0.006998538919687304,1.2179089348840242,1.2383498048187116,0.15523423323843635
1.2,8,5.0,0.239636538356,0.020965481252,0.006998538919687304,1.2651015262301157,1.293065546401803,0.18532435499718752
1.2,8,6.0,0.286573615173,0.030120101792,0.006998538919687304,1.3131693708833718,1.350288011595059,0.21223147410934817
1.2,8,7.0,0.332946034076,0.040880634127,0.006998538919687304,1.361991390846875,1.4098705638935622,0.23615361764594983
1.2,8,8.0,0.378641546531,0.053214601002,0.006998538919687304,1.411420107130642,1.4716332470523292,0.25729341688183266
1.2,8,9.0,0.421253087299,0.066719934467,0.006998538919687304,1.4587138064532625,1.53243227983995,0.2748918127351092
1.2,8,10.0,0.458053553969,0.080767200174,0.006998538919687304,1.5005057426853219,1.5882714817790091,0.2883975184493889
1.2,8,11.0,0.487531285929,0.094766482073,0.006998538919687304,1.5346242686445646,1.6363892896372518,0.29793111517924564
1.2,8,12.0,0.508799041357,0.108148574812,0.006998538919687304,1.5595992085164707,1.674746322248158,0.30380663303920247
1.2,8,13.0,0.521708954649,0.120446002654,0.006998538919687304,1.574907374931152,1.7023519165048393,0.306463633982414
1.2,8,14.0,0.527071619331,0.131413714203,0.006998538919687304,1.5812992687262637,1.719711521848951,0.3064883921719138
1.2,8,15.0,0.526261411245,0.141011320151,0.006998538919687304,1.5803323160137541,1.7283421750844414,0.3044891334780328
1.2,8,16.0,0.521378361208,0.149502839311,0.006998538919687304,1.5745139675249158,1.731015345755603,0.3011980006337921
1.2,8,17.0,0.51548425932,0.157599353883,0.006998538919687304,1.5675123278927303,1.7321102206954175,0.29760476738774766
1.2,8,18.0,0.507220718641,0.164806001824,0.006998538919687304,1.5577353688023623,1.7295399095460495,0.29326916126158065
1.2,8,19.0,0.496683291778,0.171021772419,0.006998538919687304,1.5453345047098233,1.7233548160485106,0.28820721487688056
1.2,8,20.0,0.484954371967,0.176508956373,0.006998538919687304,1.5316186770023197,1.7151261722950069,0.2827514265717743
0.1,9,-5.0,-0.19424775882,0.005500453181,0.010303771738252653,0,0.015804224919252652,-12.290875371140034
0.1,9,-4.0,-0.155533217327,0.00352433852,0.010303771738252653,0,0.013828110258252653,-11.24761188783387
0.1,9,-3.0,-0.116710346255,0.001983725645,0.010303771738252653,0,0.012287497383252653,-9.4983008024133
0.1,9,-2.0,-0.077832195765,0.000881978125,0.010303771738252653,0,0.011185749863252653,-6.958156289610389
0.1,9,-1.0,-0.038923747059,0.00022054357,0.010303771738252653,0,0.010524315308252654,-3.698458846864641
0.1,9,0.0,0.0,0.0,0.010303771738252653,0,0.010303771738252653,0.0
0.1,9,1.0,0.038915145105,0.000220452504,0.010303771738252653,0,0.010524224242252652,3.6976735015549638
0.1,9,2.0,0.077800081819,0.000881272478,0.010303771738252653,0,0.011185044216252653,6.955724118278498
0.1,9,3.0,0.116630802348,0.001981318347,0.010303771738252653,0,0.012285090085252654,9.493687188179978
0.1,9,4.0,0.155366242654,0.003517426407,0.010303771738252653,0,0.013821198145252653,11.241155869497875
0.1,9,5.0,0.194025885114,0.005488641119,0.010303771738252653,0,0.015792412857252653,12.286019043941964
0.1,9,6.0,0.232587634035,0.007891498912,0.010303771738252653,0,0.018195270650252653,12.782862014298773
0.1,9,7.0,0.271015535436,0.010723188106,0.010303771738252653,0,0.021026959844252652,12.888954820070069
0.1,9,8.0,0.309299479042,0.013980092396,0.010303771738252653,0,0.024283864134252653,12.736831228014069
0.1,9,9.0,0.347420436387,0.017659564854,0.010303771738252653,0,0.02796333659225265,12.424140990501618
0.1,9,10.0,0.385343008825,0.021750507087,0.010303771738252653,0,0.03205427882525265,12.021577865649041
0.1,9,11.0,0.423048027141,0.026252541104,0.010303771738252653,0,0.03655631284225265,11.572502647259082
0.1,9,12.0,0.46049255999,0.031157440967,0.010303771738252653,0,0.04146121270525265,11.10658685416746
0.1,9,13.0,0.495984547148,0.036200693283,0.010303771738252653,0,0.04650446502125265,10.665310243249415
0.1,9,14.0,0.52811540342,0.041118217242,0.010303771738252653,0,0.05142198898025266,10.270225129230408
0.1,9,15.0,0.556230601627,0.045718033947,0.010303771738252653,0,0.056021805685252654,9.928823157755227
0.1,9,16.0,0.580447500285,0.049966223965,0.010303771738252653,0,0.06026999570325266,9.630787152249198
0.1,9,17.0,0.601347093369,0.053890927767,0.010303771738252653,0,0.06419469950525265,9.367550561083249
0.1,9,18.0,0.619103201011,0.057497787236,0.010303771738252653,0,0.06780155897425265,9.131105691037307
0.1,9,19.0,0.633524032385,0.060673946836,0.010303771738252653,0,0.07097771857425265,8.925674776687066
0.1,9,20.0,0.645168162109,0.063455499304,0.010303771738252653,0,0.07375927104225266,8.74694330614274
0.2,9,-5.0,-0.195115321396,0.005548285769,0.009169545027868969,0,0.014717830796868968,-13.257070562158406
0.2,9,-4.0,-0.156229621775,0.003555050912,0.009169545027868969,0,0.012724595939868969,-12.27776681580105
0.2,9,-3.0,-0.117233817243,0.002001029887,0.009169545027868969,0,0.011170574914868968,-10.494877670705382
0.2,9,-2.0,-0.078182136811,0.000889687194,0.009169545027868969,0,0.010059232221868969,-7.772177347793055
0.2,9,-1.0,-0.039098897263,0.000222474969,0.009169545027868969,0,0.009392019996868969,-4.162991270891081
0.2,9,0.0,0.0,0.0,0.009169545027868969,0,0.009169545027868969,0.0
0.2,9,1.0,0.039090250302,0.000222379887,0.009169545027868969,0,0.009391924914868968,4.162112735815603
0.2,9,2.0,0.078149873149,0.000888960056,0.009169545027868969,0,0.01005850508386897,7.769531605082205
0.2,9,3.0,0.117155008652,0.001998557249,0.009169545027868969,0,0.011168102276868968,10.490144677009976
0.2,9,4.0,0.156062452018,0.003547966687,0.009169545027868969,0,0.012717511714868969,12.271461235261615
0.2,9,5.0,0.194894150347,0.005536117679,0.009169545027868969,0,0.014705662706868967,13.25300016951739
0.2,9,6.0,0.233623117324,0.007959475756,0.009169545027868969,0,0.017129020783868968,13.639023518729777
0.2,9,7.0,0.272217672707,0.010815111898,0.009169545027868969,0,0.019984656925868968,13.62133329167288
0.2,9,8.0,0.310662254143,0.014099423556,0.009169545027868969,0,0.023268968583868968,13.350924989359616
0.2,9,9.0,0.34893973332,0.017808951788,0.009169545027868969,0,0.026978496815868967,12.933994644014074
0.2,9,10.0,0.387022498775,0.021933399791,0.009169545027868969,0,0.03110294481886897,12.443275099154219
0.2,9,11.0,0.424873926925,0.026471952769,0.009169545027868969,0,0.03564149779686897,11.920765208759668
0.2,9,12.0,0.462425440749,0.031409839637,0.009169545027868969,0,0.040579384664868975,11.395575476760204
0.2,9,13.0,0.497871612948,0.036460005813,0.009169545027868969,0,0.04562955084086896,10.91116620201468
0.2,9,14.0,0.529885705658,0.041375022376,0.009169545027868969,0,0.050544567403868965,10.483534292103558
0.2,9,15.0,0.557838054001,0.045959132388,0.009169545027868969,0,0.055128677415868965,10.118836151153964
0.2,9,16.0,0.581874675772,0.050183199788,0.009169545027868969,0,0.05935274481586897,9.80366919132653
0.2,9,17.0,0.602542700298,0.054070788577,0.009169545027868969,0,0.06324033360486897,9.527822924887436
0.2,9,18.0,0.620080209413,0.057632937122,0.009169545027868969,0,0.06680248214986897,9.282292954652078
0.2,9,19.0,0.63428939106,0.060764404064,0.009169545027868969,0,0.06993394909186897,9.069835170136948
0.2,9,20.0,0.645704343681,0.063501499116,0.009169545027868969,0,0.07267104414386898,8.885304336658221
0.3,9,-5.0,-0.196607863731,0.005630857888,0.00858536108007742,0,0.01421621896807742,-13.829828041653256
0.3,9,-4.0,-0.157427021758,0.003608118945,0.00858536108007742,0,0.01219348002507742,-12.910754061533835
0.3,9,-3.0,-0.118134426102,0.00203096741,0.00858536108007742,0,0.010616328490077421,-11.12761593731907
0.3,9,-2.0,-0.078783596811,0.000903011481,0.00858536108007742,0,0.00948837256107742,-8.30317278372699
0.3,9,-1.0,-0.039399962557,0.000225808372,0.00858536108007742,0,0.00881116945207742,-4.471592876665268
0.3,9,0.0,0.0,0.0,0.00858536108007742,0,0.00858536108007742,0.0
0.3,9,1.0,0.039391258628,0.000225709295,0.00858536108007742,0,0.00881107037507742,4.470655317817035
0.3,9,2.0,0.078751163538,0.000902250222,0.00858536108007742,0,0.00948761130207742,8.30042052004771
0.3,9,3.0,0.118054573409,0.002028365097,0.00858536108007742,0,0.010613726177077419,11.122820717192022
0.3,9,4.0,0.157256705722,0.003600749555,0.00858536108007742,0,0.01218611063507742,12.90458542771969
0.3,9,5.0,0.196385069388,0.005618422717,0.00858536108007742,0,0.014203783797077419,13.826250257935376
0.3,9,6.0,0.235402962341,0.008076947392,0.00858536108007742,0,0.01666230847207742,14.127872061394532
0.3,9,7.0,0.27428279221,0.010973975017,0.00858536108007742,0,0.01955933609707742,14.02311360920802
0.3,9,8.0,0.313004669147,0.014305444378,0.00858536108007742,0,0.02289080545807742,13.673816315473985
0.3,9,9.0,0.351541477682,0.018065810522,0.00858536108007742,0,0.02665117160207742,13.190469932458724
0.3,9,10.0,0.389902063767,0.02225013791,0.00858536108007742,0,0.03083549899007742,12.644584214202823
0.3,9,11.0,0.428006409825,0.026850390765,0.00858536108007742,0,0.03543575184507742,12.078378122078897
0.3,9,12.0,0.46571817221,0.031841319107,0.00858536108007742,0,0.040426680187077416,11.52006966822047
0.3,9,13.0,0.501083154775,0.036906975259,0.00858536108007742,0,0.04549233633907741,11.014671812855985
0.3,9,14.0,0.532873632417,0.041811102643,0.00858536108007742,0,0.05039646372307742,10.573631422733891
0.3,9,15.0,0.560554214726,0.046361608984,0.00858536108007742,0,0.05494697006407742,10.201731124979219
0.3,9,16.0,0.584302632735,0.050551504849,0.00858536108007742,0,0.05913686592907742,9.880514017021998
0.3,9,17.0,0.604589787397,0.054375830638,0.00858536108007742,0,0.06296119171807742,9.602578523357431
0.3,9,18.0,0.62175619787,0.057872521918,0.00858536108007742,0,0.06645788299807742,9.355642548649751
0.3,9,19.0,0.635575917869,0.060913753803,0.00858536108007742,0,0.06949911488307742,9.14509370282295
0.3,9,20.0,0.64658479311,0.063552749737,0.00858536108007742,0,0.07213811081707741,8.963151180234853
0.4,9,-5.0,-0.19880035028,0.005753295261,0.008201854602543386,0,0.013955149863543386,-14.245662155112258
0.4,9,-4.0,-0.159186269582,0.003686754406,0.008201854602543386,0,0.011888609008543386,-13.38981452477793
0.4,9,-3.0,-0.119457729947,0.00207531588,0.008201854602543386,0,0.010277170482543386,-11.623601082604276
0.4,9,-2.0,-0.079667882204,0.000922754496,0.008201854602543386,0,0.009124609098543386,-8.731100844278124
0.4,9,-1.0,-0.039842465125,0.000230750052,0.008201854602543386,0,0.008432604654543386,-4.724811224671058
0.4,9,0.0,0.0,0.0,0.008201854602543386,0,0.008201854602543386,0.0
0.4,9,1.0,0.039833759914,0.000230645445,0.008201854602543386,0,0.008432500047543387,4.723837496520932
0.4,9,2.0,0.079634684936,0.000921942936,0.008201854602543386,0,0.009123797538543386,8.728238937743205
0.4,9,3.0,0.119386168056,0.002072661679,0.008201854602543386,0,0.010274516281543387,11.619638801921914
0.4,9,4.0,0.159041363261,0.003680185601,0.008201854602543386,0,0.011882040203543387,13.385021472454847
0.4,9,5.0,0.198575965168,0.005740053908,0.008201854602543386,0,0.013941908510543386,14.243097709171561
0.4,9,6.0,0.23801744736,0.008251443846,0.008201854602543386,0,0.016453298448543388,14.466245057450575
0.4,9,7.0,0.277318948495,0.01120968199,0.008201854602543386,0,0.019411536592543386,14.286295532190243
0.4,9,8.0,0.316448053748,0.014610632441,0.008201854602543386,0,0.022812487043543387,13.87170338525471
0.4,9,9.0,0.355386810686,0.018448751062,0.008201854602543386,0,0.026650605664543386,13.335036927840452
0.4,9,10.0,0.394136494714,0.02271887965,0.008201854602543386,0,0.030920734252543387,12.746673203000677
0.4,9,11.0,0.432625058488,0.027413649226,0.008201854602543386,0,0.035615503828543386,12.147099211924685
0.4,9,12.0,0.470498887313,0.032469850797,0.008201854602543386,0,0.04067170539954339,11.568211430796856
0.4,9,13.0,0.505749036957,0.037555103121,0.008201854602543386,0,0.045756957723543386,11.05294281172842
0.4,9,14.0,0.537177155497,0.042427149771,0.008201854602543386,0,0.05062900437354338,10.610067532311705
0.4,9,15.0,0.564443305981,0.046936712974,0.008201854602543386,0,0.05513856757654338,10.23681482471302
0.4,9,16.0,0.587764019644,0.051063245827,0.008201854602543386,0,0.05926510042954339,9.917540262042689
0.4,9,17.0,0.607490533531,0.054784537375,0.008201854602543386,0,0.06298639197754338,9.644790159556836
0.4,9,18.0,0.623976508309,0.058141165948,0.008201854602543386,0,0.06634302055054339,9.405307493252042
0.4,9,19.0,0.637307914006,0.061080819817,0.008201854602543386,0,0.06928267441954339,9.198662138051457
0.4,9,20.0,0.64783653201,0.063619881303,0.008201854602543386,0,0.07182173590554339,9.020062295096913
0.5,9,-5.0,-0.201851791034,0.005925505897,0.00792061366672095,0,0.013846119563720949,-14.578221003008238
0.5,9,-4.0,-0.161609564333,0.003796405195,0.00792061366672095,0,0.011717018861720949,-13.792720336140471
0.5,9,-3.0,-0.121282448251,0.002137172472,0.00792061366672095,0,0.010057786138720949,-12.058563045408272
0.5,9,-2.0,-0.080890032501,0.000950304898,0.00792061366672095,0,0.008870918564720949,-9.118563304446765
0.5,9,-1.0,-0.040452483482,0.000237637894,0.00792061366672095,0,0.008158251560720949,-4.958474641400392
0.5,9,0.0,0.0,0.0,0.00792061366672095,0,0.00792061366672095,0.0
0.5,9,1.0,0.040443542095,0.000237525522,0.00792061366672095,0,0.008158139188720949,4.957446932373414
0.5,9,2.0,0.080854498121,0.000949412278,0.00792061366672095,0,0.00887002594472095,9.115474816521935
0.5,9,3.0,0.121208222176,0.002134277373,0.00792061366672095,0,0.010054891039720949,12.054652974077765
0.5,9,4.0,0.161479226349,0.003789637499,0.00792061366672095,0,0.011710251165720949,13.789561305200104
0.5,9,5.0,0.201613521241,0.005910483206,0.00792061366672095,0,0.013831096872720949,14.576828077796348
0.5,9,6.0,0.241623572095,0.008494279684,0.00792061366672095,0,0.01641489335072095,14.71977715191112
0.5,9,7.0,0.281502311672,0.011537814853,0.00792061366672095,0,0.019458428519720947,14.466857453915145
0.5,9,8.0,0.32119478369,0.015036289055,0.00792061366672095,0,0.022956902721720948,13.991207245309171
0.5,9,9.0,0.360681550984,0.018982767128,0.00792061366672095,0,0.02690338079472095,13.406551159353691
0.5,9,10.0,0.399973906903,0.023372463881,0.00792061366672095,0,0.031293077547720954,12.781545895990972
0.5,9,11.0,0.43898829387,0.028197463779,0.00792061366672095,0,0.036118077445720945,12.154254182818049
0.5,9,12.0,0.477080924656,0.033345018964,0.00792061366672095,0,0.04126563263072095,11.561216786019378
0.5,9,13.0,0.512046427373,0.038439690195,0.00792061366672095,0,0.04636030386172095,11.044932511665213
0.5,9,14.0,0.542972961795,0.043263686022,0.00792061366672095,0,0.05118429968872095,10.60819362767701
0.5,9,15.0,0.569624645447,0.047693271876,0.00792061366672095,0,0.055613885542720946,10.242489620859724
0.5,9,16.0,0.592321365661,0.051724847781,0.00792061366672095,0,0.05964546144772095,9.930703045698921
0.5,9,17.0,0.611300130668,0.055313292168,0.00792061366672095,0,0.06323390583472095,9.667284071709876
0.5,9,18.0,0.626973638191,0.058494776544,0.00792061366672095,0,0.06641539021072096,9.440186020164226
0.5,9,19.0,0.639346528688,0.061215254427,0.00792061366672095,0,0.06913586809372095,9.247682083362264
0.5,9,20.0,0.649293416563,0.063620470227,0.00792061366672095,0,0.07154108389372095,9.075811844388165
0.6,9,-5.0,-0.208755818642,0.006316940226,0.0077006891277889775,0,0.014017629353788977,-14.892376833003729
0.6,9,-4.0,-0.167186367731,0.004048502548,0.0077006891277889775,0,0.011749191675788978,-14.229605946042511
0.6,9,-3.0,-0.12552588953,0.002281230153,0.0077006891277889775,0,0.009981919280788978,-12.575326046924149
0.6,9,-2.0,-0.083739535693,0.001014552936,0.0077006891277889775,0,0.008715242063788977,-9.608400441443846
0.6,9,-1.0,-0.041882906127,0.000253484924,0.0077006891277889775,0,0.007954174051788977,-5.265525478107949
0.6,9,0.0,0.0,0.0,0.0077006891277889775,0,0.0077006891277889775,0.0
0.6,9,1.0,0.041873141204,0.000253575789,0.0077006891277889775,0,0.007954264916788977,5.264237694122914
0.6,9,2.0,0.083689118861,0.001013691861,0.0077006891277889775,0,0.008714380988788977,9.603564380380636
0.6,9,3.0,0.125382697049,0.002276292418,0.0077006891277889775,0,0.009976981545788978,12.567197450808232
0.6,9,4.0,0.16700861737,0.004040514256,0.0077006891277889775,0,0.011741203383788978,14.224148233441555
0.6,9,5.0,0.205905516026,0.006154951225,0.0077006891277889775,0,0.013855640352788978,14.860772276364234
0.6,9,6.0,0.246749245163,0.008844421371,0.0077006891277889775,0,0.016545110498788977,14.913726032900225
0.6,9,7.0,0.287421967077,0.012010398531,0.0077006891277889775,0,0.019711087658788977,14.581740594555239
0.6,9,8.0,0.32788152451,0.015644571916,0.0077006891277889775,0,0.02334526104378898,14.044885764823483
0.6,9,9.0,0.368062122511,0.019736068093,0.0077006891277889775,0,0.027436757220788976,13.41492799419158
0.6,9,10.0,0.408009146067,0.024283615922,0.0077006891277889775,0,0.031984305049788976,12.756542480190356
0.6,9,11.0,0.447805640877,0.029289463934,0.0077006891277889775,0,0.036990153061788975,12.106076991056996
0.6,9,12.0,0.485973665423,0.034523521582,0.0077006891277889775,0,0.042224210709788976,11.509360560062172
0.6,9,13.0,0.520581970937,0.039618453756,0.0077006891277889775,0,0.047319142883788974,11.001508886488004
0.6,9,14.0,0.550731471327,0.044374671927,0.0077006891277889775,0,0.05207536105478898,10.575663042404452
0.6,9,15.0,0.576364320393,0.048728379757,0.0077006891277889775,0,0.05642906888478898,10.21396120445937
0.6,9,16.0,0.59824381922,0.052717312502,0.0077006891277889775,0,0.06041800162978898,9.901747874511578
0.6,9,17.0,0.616251773197,0.056255307443,0.0077006891277889775,0,0.06395599657078899,9.635558919247057
0.6,9,18.0,0.630684628072,0.059294205561,0.0077006891277889775,0,0.06699489468878897,9.413920732344097
0.6,9,19.0,0.641992469872,0.061886071779,0.0077006891277889775,0,0.06958676090678897,9.225784639292879
0.6,9,20.0,0.65073466373,0.064104868212,0.0077006891277889775,0,0.07180555733978897,9.062455439913622
0.7,9,-5.0,-0.214481249879,0.006646625521,0.0075213201616739995,0.0,0.014167945682673998,-15.138486177377814
0.7,9,-4.0,-0.171765357179,0.004258340925,0.0075213201616739995,0.0,0.011779661086674,-14.581519443994303
0.7,9,-3.0,-0.128923707063,0.002397890079,0.0075213201616739995,0.0,0.009919210240674,-12.997376195772596
0.7,9,-2.0,-0.085992080657,0.001066448795,0.0075213201616739995,0.0,0.008587768956674,-10.013320233792632
0.7,9,-1.0,-0.043007474145,0.000266725225,0.0075213201616739995,0.0,0.007788045386674,-5.522242361169262
0.7,9,0.0,0.0,0.0,0.0075213201616739995,0.0,0.0075213201616739995,0.0
0.7,9,1.0,0.042998128879,0.000266593367,0.0075213201616739995,0.0,0.007787913528673999,5.521135888410543
0.7,9,2.0,0.085955248333,0.00106544601,0.0075213201616739995,0.0,0.008586766171673999,10.010200186485681
0.7,9,3.0,0.128839528594,0.002394370642,0.0075213201616739995,0.0,0.009915690803674,12.993500013762215
0.7,9,4.0,0.171616238339,0.004251017799,0.0075213201616739995,0.0,0.011772337960674,14.577923171445757
0.7,9,5.0,0.214244907297,0.006631418429,0.0075213201616739995,0.0,0.014152738590673999,15.138053029409974
0.7,9,6.0,0.256699342893,0.009529529388,0.0075213201616739995,2.125970383327638e-09,0.017050851675644383,15.054927916572758
0.7,9,7.0,0.298929120137,0.012936796139,0.0075213201616739995,6.118582638547448e-08,0.020458177486500383,14.611717995615818
0.7,9,8.0,0.340921867842,0.016846432701,0.0075213201616739995,3.670976960120637e-07,0.02436811996037001,13.990487095288552
0.7,9,9.0,0.382620740921,0.02124728251,0.0075213201616739995,1.2504007684636294e-06,0.028769853072442463,13.299363745708446
0.7,9,10.0,0.424017467858,0.026134759183,0.0075213201616739995,3.1716003753345073e-06,0.03365925094504934,12.597353059051517
0.7,9,11.0,0.464430282436,0.031388756741,0.0075213201616739995,6.635334983367851e-06,0.038916712237657365,11.933954739028511
0.7,9,12.0,0.500844196525,0.036495985127,0.0075213201616739995,1.1679739533481358e-05,0.044028985028207485,11.375329142930063
0.7,9,13.0,0.533164686911,0.041357822346,0.0075213201616739995,1.818255322181621e-05,0.048897325060895815,10.903759791502024
0.7,9,14.0,0.561168080545,0.045864794026,0.0075213201616739995,2.5737621873841526e-05,0.05341185180954784,10.506433713363338
0.7,9,15.0,0.585002311231,0.049975477114,0.0075213201616739995,3.384011964186505e-05,0.057530637395315866,10.168535196493943
0.7,9,16.0,0.604866093386,0.053630396771,0.0075213201616739995,4.1940697874410965e-05,0.061193657630548404,9.884457259244552
0.7,9,17.0,0.621010031874,0.056784963775,0.0075213201616739995,4.952978715738823e-05,0.0643558137238314,9.649633746205522
0.7,9,18.0,0.633610826583,0.059430669662,0.0075213201616739995,5.613439840885696e-05,0.06700812422208287,9.455731434639837
0.7,9,19.0,0.643405856584,0.061669712974,0.0075213201616739995,6.170811352594621e-05,0.06925274124919995,9.290691530444407
0.7,9,20.0,0.650629759978,0.063495675858,0.0075213201616739995,6.607726305873243e-05,0.07108307328273275,9.153089897930014
0.8,9,-5.0,-0.222048329525,0.007097908879,0.007370609005296198,0.0001870349430332478,0.014655552827329447,-15.15113978579694
0.8,9,-4.0,-0.177843603913,0.004550003565,0.007370609005296198,0.0002544565022307466,0.012175069072526945,-14.607194657671739
0.8,9,-3.0,-0.13349818875,0.002562436762,0.007370609005296198,0.0003389441161552931,0.01027198988345149,-12.996331797899249
0.8,9,-2.0,-0.089048703812,0.001139692805,0.007370609005296198,0.00044317517509713885,0.008953476985393337,-9.945712035366112
0.8,9,-1.0,-0.044537641829,0.000285042474,0.007370609005296198,0.0005699693264055499,0.008225620805701748,-5.414502185431144
0.8,9,0.0,0.0,0.0,0.007370609005296198,0.0007223008655231746,0.008092909870819372,0.0
0.8,9,1.0,0.04452804198,0.000284896666,0.007370609005296198,0.0009032588559754345,0.008558764527271633,5.202624962763718
0.8,9,2.0,0.089010811233,0.001138560834,0.007370609005296198,0.001116026602589914,0.009625196441886112,9.247687750626088
0.8,9,3.0,0.133411052089,0.002558513974,0.007370609005296198,0.0013638427309209096,0.011292965710217108,11.813641829116577
0.8,9,4.0,0.177689061359,0.004540725096,0.007370609005296198,0.0016499571562120954,0.013561291257508294,13.102665371973435
0.8,9,5.0,0.221805803244,0.007079764166,0.007370609005296198,0.0019776089360942256,0.016427982107390424,13.501707135669248
0.8,9,6.0,0.265729232503,0.010169584028,0.007370609005296198,0.0023500481037684383,0.019890241137064637,13.359779334591607
0.8,9,7.0,0.309415953374,0.013803361376,0.007370609005296198,0.0027703492403713947,0.02394431962166759,12.922311356636113
0.8,9,8.0,0.352831288448,0.017971928564,0.007370609005296198,0.0032415340210282324,0.02858407159032443,12.343632968209878
0.8,9,9.0,0.395949288444,0.022665259545,0.007370609005296198,0.0037665837106559737,0.03380245226095217,11.713626141301933
0.8,9,10.0,0.438720455433,0.02786851458,0.007370609005296198,0.004348000098211051,0.039587123683507246,11.082402928298105
0.8,9,11.0,0.479425324412,0.033286231654,0.007370609005296198,0.004961483015813388,0.04561832367510959,10.509490173870319
0.8,9,12.0,0.515456300489,0.038415975686,0.007370609005296198,0.005556738383919216,0.05134332307521541,10.03940278142656
0.8,9,13.0,0.546658492151,0.043134745016,0.007370609005296198,0.006114143799889438,0.05661949782118564,9.65495126568314
0.8,9,14.0,0.573199572545,0.047398717591,0.007370609005296198,0.006620412933763012,0.06138973953005921,9.337058227203185
0.8,9,15.0,0.595303175784,0.051164470089,0.007370609005296198,0.007065498041911653,0.06560057713620786,9.074663696143398
0.8,9,16.0,0.613245095839,0.054393309893,0.007370609005296198,0.00744298000721239,0.06920689890550859,8.861039947423336
0.8,9,17.0,0.627192726123,0.057030539564,0.007370609005296198,0.007746718280751614,0.07214786685004781,8.693156894389656
0.8,9,18.0,0.637772833067,0.059146111312,0.007370609005296198,0.00798325016346616,0.07449997048076236,8.560712560707495
0.8,9,19.0,0.645447093723,0.060776312271,0.007370609005296198,0.008158177251531722,0.07630509852782791,8.458767581403622
0.8,9,20.0,0.650569709554,0.061865213855,0.007370609005296198,0.008276531429548767,0.07751235428984496,8.393109917953199
0.9,9,-5.0,-0.231435476494,0.007676581926,0.007241138061017245,0.011354623040710731,0.026272343027727976,-8.809091608226252
0.9,9,-4.0,-0.185381797269,0.004921640574,0.007241138061017245,0.012772676016269932,0.02493545465128718,-7.434466299551932
0.9,9,-3.0,-0.139168678696,0.002772018096,0.007241138061017245,0.014325167778128294,0.02433832393514554,-5.718088027213522
0.9,9,-2.0,-0.092838098768,0.0012330315,0.007241138061017245,0.016019539119847822,0.02449370868086507,-3.7902834551358415
0.9,9,-1.0,-0.046435154256,0.000308391141,0.007241138061017245,0.01786294360846986,0.025412472810487106,-1.8272583940291456
0.9,9,0.0,0.0,0.0,0.007241138061017245,0.01986248579476402,0.027103623855781266,0.0
0.9,9,1.0,0.046424868573,0.000308219846,0.007241138061017245,0.022024879318495796,0.029574237225513042,1.5697739968404085
0.9,9,2.0,0.092797469667,0.001231675651,0.007241138061017245,0.024356478815414136,0.03282929252743138,2.8266667516353157
0.9,9,3.0,0.139077067017,0.002767473855,0.007241138061017245,0.026863251690382273,0.03687186360639952,3.771902296602704
0.9,9,4.0,0.18521900421,0.004910812766,0.007241138061017245,0.02955041168959975,0.04170236251661699,4.441451108104402
0.9,9,5.0,0.231180117343,0.00765540534,0.007241138061017245,0.032422603895468353,0.0473191472964856,4.88555121026388
0.9,9,6.0,0.276918616682,0.01099420503,0.007241138061017245,0.03548384237977881,0.05371918547079606,5.154929551799409
0.9,9,7.0,0.322390111854,0.014916041448,0.007241138061017245,0.038737163365570225,0.06089434287458747,5.294253893468656
0.9,9,8.0,0.367555487986,0.019411325357,0.007241138061017245,0.042185099993439945,0.06883756341145719,5.339461040900596
0.9,9,9.0,0.412377918488,0.024467649868,0.007241138061017245,0.04582947951333802,0.07753826744235526,5.3183793253386344
0.9,9,10.0,0.45670987006,0.030051952257,0.007241138061017245,0.04966134476834966,0.08695443508636691,5.252289542291615
0.9,9,11.0,0.498064241716,0.035661698987,0.007241138061017245,0.0534478764126716,0.09635071346068885,5.169284417589814
0.9,9,12.0,0.53405381913,0.04071198704,0.007241138061017245,0.0569158672877263,0.10486899238874356,5.092580818840063
0.9,9,13.0,0.564640453679,0.045055295484,0.007241138061017245,0.05999358136131453,0.11229001490633178,5.028411957643806
0.9,9,14.0,0.590008413473,0.048632293573,0.007241138061017245,0.06263947385781016,0.11851290549182741,4.978431766772326
0.9,9,15.0,0.610346606906,0.051373613515,0.007241138061017245,0.06482319392177957,0.12343794549779682,4.944562261180001
0.9,9,16.0,0.625952204471,0.05324347707,0.007241138061017245,0.06653710207138182,0.12702171720239908,4.927914834229446
0.9,9,17.0,0.637450448453,0.054294834997,0.007241138061017245,0.06782149277467867,0.12935746583269592,4.927821091342688
0.9,9,18.0,0.645458564599,0.054609242127,0.007241138061017245,0.06872694693394449,0.13057732712196174,4.9431136233637964
0.9,9,19.0,0.650394812666,0.054216964758,0.007241138061017245,0.06928957180327747,0.13074767462229472,4.974427381174215
0.9,9,20.0,0.652950284853,0.053264746462,0.007241138061017245,0.06958219343609459,0.13008807795911184,5.019293813059716
0.95,9,-5.0,-0.238627870355,0.00812350304,0.007182764082683512,0.034394336330199046,0.04970060345288256,-4.801307303667355
0.95,9,-4.0,-0.191162152919,0.005208809113,0.007182764082683512,0.03771755172027823,0.05010912491596174,-3.8149170084211
0.95,9,-3.0,-0.143518148513,0.002933978767,0.007182764082683512,0.04128978382871891,0.051406526678402426,-2.7918273765283717
0.95,9,-2.0,-0.095745546907,0.00130515367,0.007182764082683512,0.04512060356479712,0.05360852131748063,-1.7860135768337142
0.95,9,-1.0,-0.047890722476,0.000326438882,0.007182764082683512,0.04921927378237553,0.056728476747059046,-0.8442095614436321
0.95,9,0.0,0.0,0.0,0.007182764082683512,0.05359442107276271,0.06077718515544622,0.0
0.95,9,1.0,0.04788007415,0.000326254029,0.007182764082683512,0.058253897799375884,0.0657629159110594,0.7280710334492326
0.95,9,2.0,0.095702908139,0.001303676684,0.007182764082683512,0.06320467892143024,0.07169111968811376,1.3349339298276763
0.95,9,3.0,0.143422537884,0.002928938068,0.007182764082683512,0.06845281920493151,0.07856452135561502,1.8255382379892724
0.95,9,4.0,0.190990581087,0.005196947976,0.007182764082683512,0.07400298988914743,0.08638270194783094,2.2109817912658585
0.95,9,5.0,0.238359599721,0.008100784162,0.007182764082683512,0.07985870323072729,0.0951422514754108,2.505297026554004
0.95,9,6.0,0.285483613917,0.011631445968,0.007182764082683512,0.08602229327897033,0.10483650332965384,2.7231317799613093
0.95,9,7.0,0.332314819638,0.015777565827,0.007182764082683512,0.0924943859330466,0.11545471584273011,2.8783130876236536
0.95,9,8.0,0.378811527268,0.020529275104,0.007182764082683512,0.09927490427014322,0.12698694345682673,2.983074613468345
0.95,9,9.0,0.424926245569,0.025868073378,0.007182764082683512,0.10636131999866365,0.13941215745934715,3.04798557968597
0.95,9,10.0,0.47037772917,0.031722959268,0.007182764082683512,0.11371053014954403,0.15261625350022756,3.082094589416052
0.95,9,11.0,0.512174662748,0.037363642769,0.007182764082683512,0.12079901153446121,0.16534541838614472,3.0976042018405163
0.95,9,12.0,0.548042140301,0.042143422071,0.007182764082683512,0.12714172047741717,0.17646790663110068,3.1056193206091622
0.95,9,13.0,0.578032884683,0.045923214854,0.007182764082683512,0.13263420921209618,0.18574018814877968,3.1120507115024028
0.95,9,14.0,0.602404556163,0.048615835543,0.007182764082683512,0.13722712536209328,0.1930257249877768,3.120851151840755
0.95,9,15.0,0.621463684208,0.050164303353,0.007182764082683512,0.14090117962268855,0.19824824705837207,3.1347751792479492
0.95,9,16.0,0.63551882964,0.050522693431,0.007182764082683512,0.14365750535330646,0.20136296286698996,3.1560860080301416
0.95,9,17.0,0.645453815001,0.049782490895,0.007182764082683512,0.14563008885836493,0.20259534383604844,3.185926205309721
0.95,9,18.0,0.651699998829,0.047998450227,0.007182764082683512,0.14688062019402892,0.20206183450371243,3.225250332056282
0.95,9,19.0,0.654999671167,0.045279386975,0.007182764082683512,0.14754448047088742,0.20000663152857093,3.274889768209677
0.95,9,20.0,0.655616018749,0.041666985182,0.007182764082683512,0.14766873228796576,0.19651848155264928,3.3361545111132656
1.05,9,-5.0,-0.268541459653,0.023494340599,0.007076423891506352,0.16340183670325498,0.19397260119376133,-1.3844298524653544
1.05,9,-4.0,-0.215352064939,0.015058883347,0.007076423891506352,0.17528499827198846,0.1974203055104948,-1.0908303701695565
1.05,9,-3.0,-0.161985621905,0.00848930672,0.007076423891506352,0.1878475722075933,0.20341330281909964,-0.7963374059613875
1.05,9,-2.0,-0.108228466935,0.003779421346,0.007076423891506352,0.20117294481298634,0.2120287900504927,-0.5104423173344828
1.05,9,-1.0,-0.054194906873,0.000945975618,0.007076423891506352,0.2152689390172346,0.22329133852674093,-0.24270940033130628
1.05,9,0.0,0.0,0.0,0.007076423891506352,0.23013842015527738,0.23721484404678372,0.0
1.05,9,1.0,0.054240749259,0.0009467758,0.007076423891506352,0.24577878246322613,0.2538019821547325,0.21371286700957157
1.05,9,2.0,0.108411696865,0.003785819876,0.007076423891506352,0.2621814638542525,0.27304370762175884,0.39704887473612915
1.05,9,3.0,0.162397366078,0.008510885318,0.007076423891506352,0.2793314996151002,0.2949188088246065,0.5506510986031434
1.05,9,4.0,0.216082753914,0.015109978097,0.007076423891506352,0.2972071258060413,0.31939352779454766,0.6765408034598525
1.05,9,5.0,0.269353636323,0.023565389658,0.007076423891506352,0.31577944305539235,0.3464212566048987,0.77753206879624
1.05,9,6.0,0.322096871235,0.033853745333,0.007076423891506352,0.33501215108131355,0.3759423203058199,0.8567720467676586
1.05,9,7.0,0.374200698665,0.045946068475,0.007076423891506352,0.3548613636787179,0.40788385604522426,0.9174197338751999
1.05,9,8.0,0.425206528276,0.059758880405,0.007076423891506352,0.37513407613509736,0.4419693804316037,0.9620723676847612
1.05,9,9.0,0.471121951783,0.074618386658,0.007076423891506352,0.39411539422377123,0.47581020477327757,0.9901468002509288
1.05,9,10.0,0.508614215705,0.089682409001,0.007076423891506352,0.41014139707866426,0.5069002299711706,1.00338130786393
1.05,9,11.0,0.53576341305,0.104141857853,0.007076423891506352,0.42204776540349437,0.5332660471480007,1.0046831519001735
1.05,9,12.0,0.551660821132,0.117259127348,0.007076423891506352,0.42913886441698407,0.5534744156564904,0.9967232549993494
1.05,9,13.0,0.556507040673,0.128479773829,0.007076423891506352,0.43131820248433184,0.5668744002048381,0.9817113640550854
1.05,9,14.0,0.55167372036,0.137547706918,0.007076423891506352,0.4291446541964875,0.5737687850059938,0.961491344207993
1.05,9,15.0,0.540296421944,0.144771989933,0.007076423891506352,0.42406070522373895,0.5759091190482453,0.938162644197926
1.05,9,16.0,0.526404668086,0.150944109616,0.007076423891506352,0.4179145751275584,0.5759351086350648,0.9139999631790996
1.05,9,17.0,0.512379608303,0.156650166812,0.007076423891506352,0.4117774857301321,0.5755040764336384,0.89031447262404
1.05,9,18.0,0.496803349742,0.161421193486,0.007076423891506352,0.4050411127536266,0.573538730131133,0.8662071515700634
1.05,9,19.0,0.479159421106,0.164987819855,0.007076423891506352,0.3975107312940834,0.5695749750405897,0.841257853844182
1.05,9,20.0,0.461292775692,0.167896839634,0.007076423891506352,0.3899927894210647,0.564966052946571,0.8164964483903684
1.1,9,-5.0,-0.250910260598,0.021951803197,0.00702774063793891,0.3084818479408412,0.3374613917757801,-0.7435228642828351
1.1,9,-4.0,-0.201459297965,0.014087406336,0.00702774063793891,0.32617812558726117,0.3472932725612001,-0.5800840784484209
1.1,9,-3.0,-0.151535243067,0.007941625512,0.00702774063793891,0.3448052431897616,0.3597746093397005,-0.4211949346428721
1.1,9,-2.0,-0.101245914359,0.00353558448,0.00702774063793891,0.3643639977451269,0.3749273228630658,-0.2700414405273363
1.1,9,-1.0,-0.050698298703,0.000884941906,0.00702774063793891,0.3848500984830752,0.3927627810270141,-0.12908121938242664
1.1,9,0.0,0.0,0.0,0.00702774063793891,0.4062530611196975,0.41328080175763643,0.0
1.1,9,1.0,0.050740929477,0.000885686029,0.00702774063793891,0.42855569026190166,0.43646911692884055,0.11625319526392176
1.1,9,2.0,0.101416307618,0.003541534743,0.00702774063793891,0.4517336620603306,0.46230293744126955,0.2193719732332088
1.1,9,3.0,0.151918142169,0.007961692404,0.00702774063793891,0.4757551636436785,0.4907445966856174,0.3095666120320472
1.1,9,4.0,0.202138797934,0.014134921602,0.00702774063793891,0.5005805227430389,0.5217431849829778,0.3874296852398655
1.1,9,5.0,0.251971445135,0.022044644814,0.00702774063793891,0.5261620441942252,0.5552344296461641,0.4538109160405896
1.1,9,6.0,0.301310245219,0.03166898266,0.00702774063793891,0.552443805640914,0.5911405289388529,0.5097100105111678
1.1,9,7.0,0.350050653289,0.042980815429,0.00702774063793891,0.5793615993528007,0.6293701554197396,0.556192012402533
1.1,9,8.0,0.398062282272,0.055944004984,0.00702774063793891,0.6068270060326812,0.6697987516546202,0.594301320043755
1.1,9,9.0,0.442721702995,0.070120229148,0.00702774063793891,0.6332407066406297,0.7103886764265686,0.6232105292302801
1.1,9,10.0,0.480828780866,0.084783087168,0.00702774063793891,0.6564528363488263,0.7482636641547653,0.6425927168455275
1.1,9,11.0,0.510566496765,0.099244073477,0.00702774063793891,0.6750056640961489,0.7812774782110878,0.6535021308102441
1.1,9,12.0,0.5309685115,0.112860841159,0.00702774063793891,0.6879596464896299,0.8078482282865689,0.6572627046867138
1.1,9,13.0,0.541861578669,0.125098602508,0.00702774063793891,0.6949519260978493,0.8270782692437881,0.6551515120381936
1.1,9,14.0,0.543918083825,0.13561400955,0.00702774063793891,0.6962779584362258,0.8389197086241647,0.6483553530015764
1.1,9,15.0,0.538751475027,0.144358022655,0.00702774063793891,0.6929501338409765,0.8443358971339154,0.63807718806672
1.1,9,16.0,0.529307122246,0.151776374953,0.00702774063793891,0.686897853554474,0.8457019691454128,0.6258790230568674
1.1,9,17.0,0.518840330865,0.158625407924,0.00702774063793891,0.680236768185941,0.8458899167478799,0.6133662555758328
1.1,9,18.0,0.506561905328,0.164591940402,0.00702774063793891,0.6724846379864334,0.8441043190263724,0.6001176559696925
1.1,9,19.0,0.492907140054,0.169721539108,0.00702774063793891,0.6639415610399995,0.8406908407859384,0.5863120140492966
1.1,9,20.0,0.477088557273,0.173646033956,0.00702774063793891,0.6541467529071039,0.8348205275010427,0.5714863752825053
1.2,9,-5.0,-0.238516183205,0.020867462877,0.0069379263739187125,0.8470717973361274,0.874877186587046,-0.27262818926101784
1.2,9,-4.0,-0.191515612798,0.013392076739,0.0069379263739187125,0.8827530025776269,0.9030830056905456,-0.21206867097621543
1.2,9,-3.0,-0.144062556294,0.007549998727,0.0069379263739187125,0.9199095085260722,0.9343974336269909,-0.15417696058389369
1.2,9,-2.0,-0.096257738478,0.00336139433,0.0069379263739187125,0.9585152692103928,0.9688145899143115,-0.09935620239422042
1.2,9,-1.0,-0.048202779175,0.000841382648,0.0069379263739187125,0.99853509632599,1.0063144053479087,-0.04790031715618248
1.2,9,0.0,0.0,0.0,0.0069379263739187125,1.0399240687946223,1.046861995168541,0.0
1.2,9,1.0,0.048247867484,0.000842169668,0.0069379263739187125,1.0826270811647694,1.0904071772066881,0.04424756961669792
1.2,9,2.0,0.096437954397,0.003367687608,0.0069379263739187125,1.1265784513976964,1.136884065379615,0.0848265512146118
1.2,9,3.0,0.144467527549,0.007571222371,0.0069379263739187125,1.1717016148280275,1.1862107635729462,0.1217890884026833
1.2,9,4.0,0.192234282465,0.013442331017,0.0069379263739187125,1.217908934916412,1.2382891923073307,0.1552418317620989
1.2,9,5.0,0.239636538397,0.020965481255,0.0069379263739187125,1.2651015262715188,1.2930049339004375,0.18533304252298563
1.2,9,6.0,0.286573615222,0.030120101797,0.0069379263739187125,1.3131693709342565,1.3502273991051752,0.2122410013394177
1.2,9,7.0,0.332946034134,0.040880634134,0.0069379263739187125,1.3619913909087766,1.4098099514166953,0.23616377072627973
1.2,9,8.0,0.378641546599,0.053214601011,0.0069379263739187125,1.4114201072051844,1.471572634590103,0.25730401456158375
1.2,9,9.0,0.421253087388,0.066719934481,0.0069379263739187125,1.4587138065532663,1.532371667408185,0.2749026860438479
1.2,9,10.0,0.458053554069,0.080767200192,0.0069379263739187125,1.5005057428000916,1.5882108693660104,0.28840852490314967
1.2,9,11.0,0.48753128601,0.094766482089,0.0069379263739187125,1.534624268739109,1.6363286772020276,0.29794215111088435
1.2,9,12.0,0.508799041398,0.108148574821,0.0069379263739187125,1.55959920856491,1.6746857097598287,0.30381762884390306
1.2,9,13.0,0.521708954635,0.120446002651,0.0069379263739187125,1.5749073749144902,1.702291303939409,0.30647454605899205
1.2,9,14.0,0.527071619255,0.131413714184,0.0069379263739187125,1.5812992686355396,1.7196509091934584,0.3064991949454464
1.2,9,15.0,0.526261411104,0.141011320113,0.0069379263739187125,1.580332315845515,1.7282815623324337,0.3044998121682062
1.2,9,16.0,0.521378360997,0.14950283925,0.0069379263739187125,1.5745139672738477,1.7309547328977664,0.3012085475650585
1.2,9,17.0,0.515484259073,0.157599353808,0.0069379263739187125,1.567512327599808,1.7320496077817267,0.29761518189608427
1.2,9,18.0,0.507220718398,0.164806001745,0.0069379263739187125,1.5577353685155333,1.729479296634452,0.29327943930005174
1.2,9,19.0,0.496683291572,0.171021772348,0.0069379263739187125,1.5453345044681197,1.7232942031900385,0.28821735177462765
1.2,9,20.0,0.484954371797,0.176508956311,0.0069379263739187125,1.531618676804185,1.7150655594891038,0.2827614193019314
0.1,10,-5.0,-0.194248488659,0.00550037085,0.010210912845821714,0,0.015711283695821712,-12.363629377442837
0.1,10,-4.0,-0.155507718775,0.003524342415,0.010210912845821714,0,0.013735255260821713,-11.32179313904478
0.1,10,-3.0,-0.116695768092,0.001983714145,0.010210912845821714,0,0.012194626990821713,-9.569441376093838
0.1,10,-2.0,-0.077826497335,0.000881972175,0.010210912845821714,0,0.011092885020821714,-7.015893267523919
0.1,10,-1.0,-0.03892292611,0.000220546435,0.010210912845821714,0,0.010431459280821714,-3.731302118157138
0.1,10,0.0,0.0,0.0,0.010210912845821714,0,0.010210912845821714,0.0
0.1,10,1.0,0.038914333581,0.000220456687,0.010210912845821714,0,0.010431369532821713,3.730510500903861
0.1,10,2.0,0.077793396834,0.000881283484,0.010210912845821714,0,0.011092196329821714,7.013344744435332
0.1,10,3.0,0.116616671726,0.001981352326,0.010210912845821714,0,0.012192265171821714,9.564807694268321
0.1,10,4.0,0.155365696096,0.003517461131,0.010210912845821714,0,0.013728373976821714,11.317122942477495
0.1,10,5.0,0.194026458736,0.005488690751,0.010210912845821714,0,0.015699603596821713,12.358685207522019
0.1,10,6.0,0.23258861926,0.007891619726,0.010210912845821714,0,0.018102532571821713,12.8484021966101
0.1,10,7.0,0.271020590121,0.010723816576,0.010210912845821714,0,0.020934729421821716,12.945980082192822
0.1,10,8.0,0.309303371716,0.013980550613,0.010210912845821714,0,0.024191463458821713,12.785641192914632
0.1,10,9.0,0.347418575854,0.017659522056,0.010210912845821714,0,0.027870434901821714,12.465488144617773
0.1,10,10.0,0.38534816308,0.021751391102,0.010210912845821714,0,0.031962303947821714,12.056332475564925
0.1,10,11.0,0.423085154252,0.026259717181,0.010210912845821714,0,0.036470630026821715,11.600708678211731
0.1,10,12.0,0.460505287591,0.031162020108,0.010210912845821714,0,0.04137293295382172,11.130593233624305
0.1,10,13.0,0.496000729293,0.036206101753,0.010210912845821714,0,0.046417014598821714,10.68575248925188
0.1,10,14.0,0.528118407165,0.041121601072,0.010210912845821714,0,0.05133251391782171,10.288185145392752
0.1,10,15.0,0.556234548866,0.045721938606,0.010210912845821714,0,0.05593285145182171,9.944684285318761
0.1,10,16.0,0.580448556418,0.049970719705,0.010210912845821714,0,0.06018163255082171,9.644945339889663
0.1,10,17.0,0.601505705895,0.053940744531,0.010210912845821714,0,0.06415165737682171,9.37630811877242
0.1,10,18.0,0.619100424259,0.057505696047,0.010210912845821714,0,0.06771660889282172,9.14251960311361
0.1,10,19.0,0.633531254513,0.060678782488,0.010210912845821714,0,0.07088969533382172,8.936859603214291
0.1,10,20.0,0.645109079893,0.063451333092,0.010210912845821714,0,0.07366224593782172,8.757662377516107
0.2,10,-5.0,-0.195116833663,0.005548284583,0.009090575794687764,0,0.014638860377687763,-13.328690118555464
0.2,10,-4.0,-0.156204810852,0.003555073516,0.009090575794687764,0,0.012645649310687764,-12.352454746628146
0.2,10,-3.0,-0.117220051638,0.002001049947,0.009090575794687764,0,0.011091625741687764,-10.568338165020265
0.2,10,-2.0,-0.078176448282,0.000889685623,0.009090575794687764,0,0.009980261417687764,-7.833106269486075
0.2,10,-1.0,-0.039098115737,0.000222477577,0.009090575794687764,0,0.009313053371687764,-4.19820591341832
0.2,10,0.0,0.0,0.0,0.009090575794687764,0,0.009090575794687764,0.0
0.2,10,1.0,0.039089459477,0.000222383395,0.009090575794687764,0,0.009312959189687763,4.197318884451223
0.2,10,2.0,0.07814302905,0.000888971331,0.009090575794687764,0,0.009979547125687764,7.8303181563075785
0.2,10,3.0,0.117140962473,0.001998578019,0.009090575794687764,0,0.011089153813687764,10.56356187686823
0.2,10,4.0,0.156061663559,0.003548015945,0.009090575794687764,0,0.012638591739687764,12.348026328671924
0.2,10,5.0,0.194894266626,0.00553621407,0.009090575794687764,0,0.014626789864687764,13.324472999815015
0.2,10,6.0,0.233623334679,0.007959572328,0.009090575794687764,0,0.017050148122687764,13.702129330368065
0.2,10,7.0,0.272220296192,0.010815615669,0.009090575794687764,0,0.019906191463687765,13.675157133325856
0.2,10,8.0,0.310661955582,0.014099910863,0.009090575794687764,0,0.02319048665768776,13.396094707612098
0.2,10,9.0,0.348938430733,0.017809217133,0.009090575794687764,0,0.026899792927687762,12.971788729787589
0.2,10,10.0,0.387020311779,0.021933534889,0.009090575794687764,0,0.031024110683687763,12.47482371775099
0.2,10,11.0,0.424910581624,0.026478914014,0.009090575794687764,0,0.035569489808687765,11.945928488415277
0.2,10,12.0,0.462426420066,0.031413003436,0.009090575794687764,0,0.040503579230687765,11.416927314799873
0.2,10,13.0,0.497887345964,0.036465615862,0.009090575794687764,0,0.04555619165668776,10.929081818693001
0.2,10,14.0,0.529884716212,0.0413788521,0.009090575794687764,0,0.050469427894687766,10.499122702910087
0.2,10,15.0,0.557838974553,0.045959757486,0.009090575794687764,0,0.055050333280687765,10.133253357590403
0.2,10,16.0,0.581894329576,0.050186819448,0.009090575794687764,0,0.05927739524268776,9.81646253506357
0.2,10,17.0,0.602728279893,0.054122081181,0.009090575794687764,0,0.06321265697568776,9.534930324552178
0.2,10,18.0,0.620118857803,0.057650546656,0.009090575794687764,0,0.06674112245068776,9.291405883399399
0.2,10,19.0,0.634300665449,0.060774408682,0.009090575794687764,0,0.06986498447668776,9.07894949380044
0.2,10,20.0,0.645681858398,0.06350004406,0.009090575794687764,0,0.07259061985468776,8.894838750385778
0.3,10,-5.0,-0.196609173359,0.005630870388,0.008513293700151671,0,0.01414416408815167,-13.900374184975428
0.3,10,-4.0,-0.157402154746,0.003608130501,0.008513293700151671,0,0.01212142420115167,-12.985450565375398
0.3,10,-3.0,-0.118120641268,0.002030979411,0.008513293700151671,0,0.010544273111151671,-11.202350320675501
0.3,10,-2.0,-0.078778007374,0.000903011051,0.008513293700151671,0,0.00941630475115167,-8.36612763243086
0.3,10,-1.0,-0.039399193531,0.000225811156,0.008513293700151671,0,0.008739104856151671,-4.508378624529941
0.3,10,0.0,0.0,0.0,0.008513293700151671,0,0.008513293700151671,0.0
0.3,10,1.0,0.039390547097,0.000225713871,0.008513293700151671,0,0.008739007571151671,4.507439406166908
0.3,10,2.0,0.078744136715,0.000902262145,0.008513293700151671,0,0.009415555845151672,8.363195759233642
0.3,10,3.0,0.118040999005,0.002028389424,0.008513293700151671,0,0.010541683124151671,11.197547641567835
0.3,10,4.0,0.157257481796,0.003600774802,0.008513293700151671,0,0.012114068502151671,12.981392813493526
0.3,10,5.0,0.196385163102,0.005618495189,0.008513293700151671,0,0.014131788889151672,13.896695219722387
0.3,10,6.0,0.235402345264,0.008077258819,0.008513293700151671,0,0.01659055251915167,14.188939457697874
0.3,10,7.0,0.274283109763,0.010974623496,0.008513293700151671,0,0.01948791719615167,14.074521510034094
0.3,10,8.0,0.313005255167,0.014305952352,0.008513293700151671,0,0.022819246052151673,13.716722035936245
0.3,10,9.0,0.351555452372,0.018067964035,0.008513293700151671,0,0.02658125773515167,13.225689163199187
0.3,10,10.0,0.38989699984,0.022249804643,0.008513293700151671,0,0.03076309834315167,12.674178507341312
0.3,10,11.0,0.428010474587,0.0268506958,0.008513293700151671,0,0.03536398950015167,12.103003101082935
0.3,10,12.0,0.465725288948,0.031842510229,0.008513293700151671,0,0.04035580392915167,11.540478533536927
0.3,10,13.0,0.501098927119,0.036910342111,0.008513293700151671,0,0.04542363581115167,11.03167807179315
0.3,10,14.0,0.532880643162,0.041812431885,0.008513293700151671,0,0.05032572558515167,10.588633089062178
0.3,10,15.0,0.5605628016,0.046365661472,0.008513293700151671,0,0.05487895517215167,10.214531232264745
0.3,10,16.0,0.584322643509,0.050550332918,0.008513293700151671,0,0.05906362661815167,9.893104723938906
0.3,10,17.0,0.604743002397,0.054417034894,0.008513293700151671,0,0.06293032859415168,9.609722623523703
0.3,10,18.0,0.621796458734,0.057879189817,0.008513293700151671,0,0.06639248351715167,9.365464670008416
0.3,10,19.0,0.63560766333,0.060921575581,0.008513293700151671,0,0.06943486928115167,9.154012528724351
0.3,10,20.0,0.646641055732,0.063566976765,0.008513293700151671,0,0.07208027046515167,8.971124158650719
0.4,10,-5.0,-0.198800868703,0.005753334579,0.008134220505132345,0,0.013887555084132346,-14.315037276082244
0.4,10,-4.0,-0.1591621289,0.003686770785,0.008134220505132345,0,0.011820991290132345,-13.464363943222063
0.4,10,-3.0,-0.119443994979,0.002075325121,0.008134220505132345,0,0.010209545626132344,-11.699246896284127
0.4,10,-2.0,-0.079662283821,0.000922759428,0.008134220505132345,0,0.009056979933132345,-8.79567851636488
0.4,10,-1.0,-0.039841655192,0.000230752626,0.008134220505132345,0,0.008364973131132346,-4.762914903303071
0.4,10,0.0,0.0,0.0,0.008134220505132345,0,0.008134220505132345,0.0
0.4,10,1.0,0.039833010362,0.000230649124,0.008134220505132345,0,0.008364869629132346,4.761940368236405
0.4,10,2.0,0.079627778795,0.000921956641,0.008134220505132345,0,0.009056177146132344,8.79264810196507
0.4,10,3.0,0.119367846914,0.002072631954,0.008134220505132345,0,0.010206852459132346,11.694873360023772
0.4,10,4.0,0.159018173299,0.003679942035,0.008134220505132345,0,0.011814162540132345,13.459961529970506
0.4,10,5.0,0.198576379206,0.005740219701,0.008134220505132345,0,0.013874440206132346,14.312388554475262
0.4,10,6.0,0.238017699381,0.008251657744,0.008134220505132345,0,0.016385878249132346,14.525782247503479
0.4,10,7.0,0.277317189754,0.011209819127,0.008134220505132345,0,0.019344039632132347,14.336053638628249
0.4,10,8.0,0.316447715871,0.014611230415,0.008134220505132345,0,0.022745450920132346,13.912571660248217
0.4,10,9.0,0.355394640882,0.018451152874,0.008134220505132345,0,0.026585373379132346,13.368051515159832
0.4,10,10.0,0.394139493741,0.022719459291,0.008134220505132345,0,0.030853679796132343,12.774472813139367
0.4,10,11.0,0.432619511717,0.027411891856,0.008134220505132345,0,0.035546112361132344,12.170656169703804
0.4,10,12.0,0.470543739248,0.03247811299,0.008134220505132345,0,0.040612333495132345,11.586227600154958
0.4,10,13.0,0.505755057714,0.037558419762,0.008134220505132345,0,0.045692640267132344,11.068632820454457
0.4,10,14.0,0.537192880272,0.042435192143,0.008134220505132345,0,0.05056941264813234,10.622881543233426
0.4,10,15.0,0.564462569867,0.04694422096,0.008134220505132345,0,0.05507844146513234,10.248339547231664
0.4,10,16.0,0.587770731117,0.05106990486,0.008134220505132345,0,0.059204125365132344,9.927867821575173
0.4,10,17.0,0.607508523851,0.054800863707,0.008134220505132345,0,0.06293508421213234,9.652938920416782
0.4,10,18.0,0.624090884881,0.058176929887,0.008134220505132345,0,0.06631115039213235,9.41155267538605
0.4,10,19.0,0.637330633641,0.061095820986,0.008134220505132345,0,0.06923004149113235,9.20598370178119
0.4,10,20.0,0.647886613391,0.063635425692,0.008134220505132345,0,0.07176964619713234,9.027306775505425
0.5,10,-5.0,-0.201817359214,0.005925648141,0.007856179979187168,0,0.013781828120187169,-14.643729224745195
0.5,10,-4.0,-0.161586819144,0.00379639692,0.007856179979187168,0,0.011652576899187169,-13.867045936875265
0.5,10,-3.0,-0.121269115255,0.002137166871,0.007856179979187168,0,0.009993346850187167,-12.134985112893258
0.5,10,-2.0,-0.080883151485,0.000950306298,0.007856179979187168,0,0.008806486277187168,-9.18449753274747
0.5,10,-1.0,-0.040451627609,0.000237640743,0.007856179979187168,0,0.00809382072218717,-4.997840821716258
0.5,10,0.0,0.0,0.0,0.007856179979187168,0,0.007856179979187168,0.0
0.5,10,1.0,0.040442695967,0.000237528958,0.007856179979187168,0,0.008093708937187168,4.996806319681565
0.5,10,2.0,0.080847277169,0.000949421646,0.007856179979187168,0,0.008805601625187169,9.181346216906734
0.5,10,3.0,0.121191479364,0.002134252468,0.007856179979187168,0,0.009990432447187168,12.130754099450597
0.5,10,4.0,0.161449376745,0.003789686807,0.007856179979187168,0,0.011645866786187169,13.863234030505184
0.5,10,5.0,0.201602583911,0.005910680317,0.007856179979187168,0,0.013766860296187167,14.644049519906533
0.5,10,6.0,0.241623803625,0.00849464684,0.007856179979187168,0,0.01635082681918717,14.777466992767744
0.5,10,7.0,0.281501859678,0.011538463079,0.007856179979187168,0,0.019394643058187166,14.514413017731105
0.5,10,8.0,0.321193607336,0.015036978924,0.007856179979187168,0,0.022893158903187168,14.030113043564453
0.5,10,9.0,0.360679905661,0.018983173931,0.007856179979187168,0,0.026839353910187165,13.438471986618875
0.5,10,10.0,0.399978654094,0.023374129119,0.007856179979187168,0,0.03123030909818717,12.807386978991431
0.5,10,11.0,0.438992244048,0.028198015661,0.007856179979187168,0,0.03605419564018717,12.17589898354812
0.5,10,12.0,0.477082281309,0.033345237239,0.007856179979187168,0,0.04120141721818717,11.579268712591903
0.5,10,13.0,0.512088426527,0.038448930724,0.007856179979187168,0,0.046305110703187165,11.059004475973603
0.5,10,14.0,0.542986049892,0.043269381633,0.007856179979187168,0,0.05112556161218717,10.62063736357205
0.5,10,15.0,0.569648189314,0.047696980976,0.007856179979187168,0,0.05555316095518717,10.254109388546146
0.5,10,16.0,0.592329393085,0.051727692289,0.007856179979187168,0,0.05958387226818717,9.941102693341644
0.5,10,17.0,0.611351233587,0.055321686113,0.007856179979187168,0,0.06317786609218717,9.67666797569477
0.5,10,18.0,0.627019151961,0.058502763862,0.007856179979187168,0,0.06635894384118717,9.448901921368835
0.5,10,19.0,0.639520114317,0.061265626478,0.007856179979187168,0,0.06912180645718717,9.252074664933815
0.5,10,20.0,0.649334344593,0.063622414711,0.007856179979187168,0,0.07147859469018716,9.08431884268904
0.6,10,-5.0,-0.205887060189,0.006158932449,0.007638727534047797,0,0.013797659983047796,-14.92188243817856
0.6,10,-4.0,-0.164853161455,0.003946121883,0.007638727534047797,0,0.011584849417047797,-14.230065106621822
0.6,10,-3.0,-0.123724776089,0.002221726378,0.007638727534047797,0,0.009860453912047797,-12.547574096749175
0.6,10,-2.0,-0.082523464437,0.000987955072,0.007638727534047797,0,0.008626682606047797,-9.566071710943246
0.6,10,-1.0,-0.041272277103,0.000247055882,0.007638727534047797,0,0.007885783416047797,-5.233757373935698
0.6,10,0.0,0.0,0.0,0.007638727534047797,0,0.007638727534047797,0.0
0.6,10,1.0,0.041263009595,0.000246930763,0.007638727534047797,0,0.007885658297047796,5.232665180337308
0.6,10,2.0,0.082485898601,0.000986949917,0.007638727534047797,0,0.008625677451047796,9.5628313334369
0.6,10,3.0,0.123646510125,0.002218477803,0.007638727534047797,0,0.009857205337047797,12.543769344063573
0.6,10,4.0,0.164708533071,0.003938781971,0.007638727534047797,0,0.011577509505047797,14.22659450196841
0.6,10,5.0,0.205655394681,0.006143948149,0.007638727534047797,0,0.013782675683047797,14.921296808423698
0.6,10,6.0,0.246474889199,0.008827834077,0.007638727534047797,0,0.016466561611047797,14.96820617569817
0.6,10,7.0,0.287118996557,0.011988795262,0.007638727534047797,0,0.0196275227960478,14.628386859640502
0.6,10,8.0,0.327581141139,0.015618821508,0.007638727534047797,0,0.023257549042047798,14.08493820852573
0.6,10,9.0,0.367812491895,0.019714469496,0.007638727534047797,0,0.027353197030047797,13.446782527503231
0.6,10,10.0,0.407830360646,0.024268265834,0.007638727534047797,0,0.031906993368047795,12.781848666894707
0.6,10,11.0,0.447542592164,0.029269507267,0.007638727534047797,0,0.036908234801047796,12.125819470274276
0.6,10,12.0,0.485734056444,0.034507717187,0.007638727534047797,0,0.042146444721047796,11.524911760859059
0.6,10,13.0,0.520311744575,0.039600833769,0.007638727534047797,0,0.047239561303047795,11.014322111019066
0.6,10,14.0,0.550543913158,0.044352426104,0.007638727534047797,0,0.0519911536380478,10.589184402230783
0.6,10,15.0,0.576329870042,0.048649349567,0.007638727534047797,0,0.056288077101047794,10.238933353636835
0.6,10,16.0,0.598084228036,0.052518179353,0.007638727534047797,0,0.0601569068870478,9.942070810904204
0.6,10,17.0,0.616137356145,0.055924557142,0.007638727534047797,0,0.0635632846760478,9.69329006965519
0.6,10,18.0,0.630632434186,0.058846411328,0.007638727534047797,0,0.0664851388620478,9.485314236832986
0.6,10,19.0,0.642038899075,0.061384191219,0.007638727534047797,0,0.06902291875304781,9.3018219263098
0.6,10,20.0,0.650910135086,0.063506666931,0.007638727534047797,0,0.0711453944650478,9.149012947082303
0.7,10,-5.0,-0.214473393487,0.006648570899,0.0074613545786765875,0.0,0.014109925477676588,-15.200179038955229
0.7,10,-4.0,-0.17176395463,0.004260485355,0.0074613545786765875,0.0,0.011721839933676589,-14.65332708873851
0.7,10,-3.0,-0.128923612259,0.00239789132,0.0074613545786765875,0.0,0.009859245898676587,-13.076417160495561
0.7,10,-2.0,-0.085992050182,0.001066449959,0.0074613545786765875,0.0,0.008527804537676587,-10.083726685113335
0.7,10,-1.0,-0.043007446188,0.000266724952,0.0074613545786765875,0.0,0.007728079530676587,-5.56508845661876
0.7,10,0.0,0.0,0.0,0.0074613545786765875,0.0,0.0074613545786765875,0.0
0.7,10,1.0,0.042998098357,0.000266594862,0.0074613545786765875,0.0,0.007727949440676588,5.563972524286531
0.7,10,2.0,0.085955209995,0.001065447987,0.0074613545786765875,0.0,0.008526802565676587,10.080591092961422
0.7,10,3.0,0.128839362864,0.00239506847,0.0074613545786765875,0.0,0.009856423048676587,13.071614542894356
0.7,10,4.0,0.17161286939,0.004253004567,0.0074613545786765875,0.0,0.011714359145676588,14.64978726158802
0.7,10,5.0,0.214234640113,0.006633395241,0.0074613545786765875,0.0,0.014094749819676587,15.199605729356305
0.7,10,6.0,0.256668082064,0.009529465566,0.0074613545786765875,2.1176970340297332e-09,0.016990822262373622,15.10627785403856
0.7,10,7.0,0.298893061999,0.012936797119,0.0074613545786765875,6.10671612761723e-08,0.020398212764837862,14.652904420833744
0.7,10,8.0,0.340883511913,0.016846196263,0.0074613545786765875,3.6661368902196707e-07,0.024307917455365608,14.023558889359116
0.7,10,9.0,0.382490701325,0.021236293561,0.0074613545786765875,1.2462895166026285e-06,0.02869889442919319,13.327715542098426
0.7,10,10.0,0.423890726257,0.026119811717,0.0074613545786765875,3.1635445196956378e-06,0.033584329840196284,12.621681846086899
0.7,10,11.0,0.464293302793,0.031371049133,0.0074613545786765875,6.620187908236933e-06,0.038839023899584824,11.95429895440712
0.7,10,12.0,0.500915328631,0.036508234664,0.0074613545786765875,1.1691774808178715e-05,0.04398128101748477,11.389284646617295
0.7,10,13.0,0.533157206662,0.041353741386,0.0074613545786765875,1.8180790072331233e-05,0.048833276754748925,10.91790766652069
0.7,10,14.0,0.561157580251,0.045854164694,0.0074613545786765875,2.5734410024475718e-05,0.05334125368270107,10.520142319658063
0.7,10,15.0,0.585039574228,0.049970151478,0.0074613545786765875,3.3854117667280485e-05,0.057465360174343866,10.180734488621518
0.7,10,16.0,0.604884158688,0.053619911531,0.0074613545786765875,4.1948668651008e-05,0.0611232147783276,9.896144384448727
0.7,10,17.0,0.621040335711,0.056792529225,0.0074613545786765875,4.954493479795425e-05,0.06430342873847454,9.657966113079352
0.7,10,18.0,0.633672024079,0.059443855026,0.0074613545786765875,5.616800315758565e-05,0.06696137760783416,9.463246526828675
0.7,10,19.0,0.643454097095,0.061678235218,0.0074613545786765875,6.17365510226032e-05,0.0692013263476992,9.298291392017424
0.7,10,20.0,0.650732274261,0.063523919102,0.0074613545786765875,6.614088807289795e-05,0.07105141456874949,9.158611101702277
0.8,10,-5.0,-0.221916370289,0.007089140162,0.007312306283368898,0.00018721366796678265,0.014588660113335681,-15.211566282646025
0.8,10,-4.0,-0.177736628369,0.004544329566,0.007312306283368898,0.0002546390006733141,0.012111274850042214,-14.675303018854411
0.8,10,-3.0,-0.133416438936,0.00255919053,0.007312306283368898,0.00033911702357667246,0.010210613836945569,-13.066446451363452
0.8,10,-2.0,-0.088994029078,0.001138255049,0.007312306283368898,0.000443316564845638,0.008893877897214537,-10.006212150255845
0.8,10,-1.0,-0.044510286293,0.000284684271,0.007312306283368898,0.0005700547555334395,0.008167045309902338,-5.449986452142294
0.8,10,0.0,0.0,0.0,0.007312306283368898,0.0007223008655231746,0.008034607148892073,0.0
0.8,10,1.0,0.044500669503,0.000284538058,0.007312306283368898,0.000903138130416521,0.00849998247178542,5.235383678815122
0.8,10,2.0,0.088956161119,0.00113712211,0.007312306283368898,0.0011157441448486206,0.00956517253821752,9.300005908265307
0.8,10,3.0,0.133330030515,0.002555281329,0.007312306283368898,0.001363356028516807,0.011230943640885704,11.871667669101154
0.8,10,4.0,0.177583244216,0.004535082671,0.007312306283368898,0.0016492239335688804,0.013496612887937777,13.157615595147586
0.8,10,5.0,0.221674909098,0.007070986594,0.007312306283368898,0.001976570002757449,0.01635986288012635,13.549924637038766
0.8,10,6.0,0.265573782309,0.010158026525,0.007312306283368898,0.002348643838305215,0.019818976646674112,13.39997453166013
0.8,10,7.0,0.309238744086,0.013788918614,0.007312306283368898,0.0027685381980440908,0.023869763095412992,12.95524982170543
0.8,10,8.0,0.352630773358,0.017952229015,0.007312306283368898,0.003239228644521863,0.028503763942890763,12.371375726536321
0.8,10,9.0,0.395726643506,0.022641682476,0.007312306283368898,0.0037637188905320232,0.033717707649900924,11.73646345163571
0.8,10,10.0,0.438467996245,0.027837700461,0.007312306283368898,0.004344382498457979,0.039494389242826874,11.102032583644428
0.8,10,11.0,0.479219862206,0.033262658711,0.007312306283368898,0.004958232280808437,0.04553319727517734,10.524625786980463
0.8,10,12.0,0.515281960578,0.038397551364,0.007312306283368898,0.005553735272336292,0.051263592919705184,10.051616190560281
0.8,10,13.0,0.546540026195,0.043125203255,0.007312306283368898,0.006111951325071789,0.05654946086344068,9.66481409106305
0.8,10,14.0,0.573141165542,0.047399470745,0.007312306283368898,0.006619265445575655,0.06133104247394455,9.345041962811724
0.8,10,15.0,0.595329697509,0.051181473925,0.007312306283368898,0.007066045208017293,0.06555982541638619,9.08070901238553
0.8,10,16.0,0.613344979756,0.054421484563,0.007312306283368898,0.007445122899343985,0.06917891374571287,8.866068380468173
0.8,10,17.0,0.627307917847,0.057059969364,0.007312306283368898,0.0077492648814449835,0.07212154052881388,8.697927321676927
0.8,10,18.0,0.63790544676,0.059179789562,0.007312306283368898,0.007986248856844473,0.07447834470221337,8.56497884466332
0.8,10,19.0,0.645611982948,0.060805422521,0.007312306283368898,0.008161967000924697,0.07627969580529359,8.463746166423443
0.8,10,20.0,0.650754574922,0.061960979532,0.007312306283368898,0.008280826537241315,0.07755411235261021,8.39097444585861
0.9,10,-5.0,-0.231529351395,0.007682873954,0.007184253327879133,0.011351859046641377,0.02621898632852051,-8.83059888334229
0.9,10,-4.0,-0.18545790844,0.004925690779,0.007184253327879133,0.01277022821399111,0.024880172320870243,-7.454044371084693
0.9,10,-3.0,-0.139225655601,0.0027742801,0.007184253327879133,0.014323170683429429,0.02428170411130856,-5.733767900423403
0.9,10,-2.0,-0.092876202421,0.00123403746,0.007184253327879133,0.01601808671703059,0.02443637750490972,-3.800735293205364
0.9,10,-1.0,-0.04645409658,0.000308640254,0.007184253327879133,0.017862160109174907,0.02535505369105404,-1.8321434908414445
0.9,10,0.0,0.0,0.0,0.007184253327879133,0.01986248579476402,0.027046739122643153,0.0
0.9,10,1.0,0.046443757837,0.00030846797,0.007184253327879133,0.02202579354681917,0.029518514844698307,1.5733771865335413
0.9,10,2.0,0.092835365597,0.001232673505,0.007184253327879133,0.024358456761248357,0.03277538359412749,2.83247228305922
0.9,10,3.0,0.13913360968,0.002769714278,0.007184253327879133,0.0268664279220547,0.036820395527933834,3.778710350203765
0.9,10,4.0,0.185294374744,0.004914813563,0.007184253327879133,0.029554959444272732,0.04165402633515186,4.448414500271969
0.9,10,5.0,0.231272800787,0.007661650017,0.007184253327879133,0.032428599264445676,0.04727450260932481,4.892125522678304
0.9,10,6.0,0.277027530927,0.011003247335,0.007184253327879133,0.03549138096737637,0.053678881630255505,5.160829035805703
0.9,10,7.0,0.322516324794,0.014928257101,0.007184253327879133,0.03874649347396447,0.06085900390284361,5.299401963740169
0.9,10,8.0,0.367698582276,0.019427106572,0.007184253327879133,0.042196376715309486,0.06880773661518862,5.343855216926787
0.9,10,9.0,0.41253571318,0.024487243725,0.007184253327879133,0.04584271213282919,0.07751420918570832,5.322065689809826
0.9,10,10.0,0.456879588194,0.030074728761,0.007184253327879133,0.04967646085571083,0.08693544294458996,5.255389202827221
0.9,10,11.0,0.498245508234,0.035691616283,0.007184253327879133,0.05346493586680962,0.09634080547768875,5.171697556020403
0.9,10,12.0,0.534236757979,0.040742226734,0.007184253327879133,0.05693391533915285,0.10486039540103198,5.094742928784935
0.9,10,13.0,0.564836547134,0.045092223925,0.007184253327879133,0.060013706738923304,0.11229018399180243,5.030150695765491
0.9,10,14.0,0.590188777967,0.048666573334,0.007184253327879133,0.06265859371089591,0.11850942037277504,4.9801001144933705
0.9,10,15.0,0.610522417487,0.051411022521,0.007184253327879133,0.06484231615396847,0.12343759200284761,4.946000708381574
0.9,10,16.0,0.6260921823,0.053271050712,0.007184253327879133,0.06655262747447081,0.12700793151434994,4.929551838494914
0.9,10,17.0,0.637565334519,0.054320357001,0.007184253327879133,0.06783441899715935,0.12933902932603847,4.929411778031998
0.9,10,18.0,0.645524808117,0.054629905354,0.007184253327879133,0.06873447449413134,0.13054863317601048,4.944707519432085
0.9,10,19.0,0.650472990514,0.054251931886,0.007184253327879133,0.069298510070813,0.13073469528469214,4.9755192307406135
0.9,10,20.0,0.652982735071,0.053311409413,0.007184253327879133,0.06958591518987306,0.1300815779307522,5.019794081976848
0.95,10,-5.0,-0.239933737499,0.008203690865,0.00712651546176586,0.03430613120241757,0.049636337529183436,-4.8338324187986705
0.95,10,-4.0,-0.19220803073,0.005260199118,0.00712651546176586,0.0376418319857817,0.05002854656554756,-3.841967115278243
0.95,10,-3.0,-0.1443034661,0.002962922066,0.00712651546176586,0.041228923427775906,0.051318360955541764,-2.8119266362581863
0.95,10,-2.0,-0.096269400382,0.001318023108,0.00712651546176586,0.04507720433522726,0.05352174290499312,-1.7986970370693758
0.95,10,-1.0,-0.048152576366,0.000329654948,0.00712651546176586,0.04919611415823755,0.056652284568003405,-0.8499670707577439
0.95,10,0.0,0.0,0.0,0.00712651546176586,0.05359442107276271,0.06072093653452857,0.0
0.95,10,1.0,0.048141657377,0.000329466603,0.00712651546176586,0.05828015961600929,0.06573614168077516,0.7323468665195367
0.95,10,2.0,0.096225690283,0.001316518468,0.00712651546176586,0.06326048405264278,0.07170351798240865,1.341993991237745
0.95,10,3.0,0.144205426131,0.002957782111,0.00712651546176586,0.06854155564673947,0.07862585321950533,1.8340713674471876
0.95,10,4.0,0.192032343911,0.005247936411,0.00712651546176586,0.07412819696987967,0.08650264884264552,2.2199591166314514
0.95,10,5.0,0.23966012583,0.008180011817,0.00712651546176586,0.08002422143354535,0.0953307487123112,2.513985561502779
0.95,10,6.0,0.287040194938,0.011744706013,0.00712651546176586,0.08623178842129206,0.10510300989605792,2.731036867753546
0.95,10,7.0,0.334130524357,0.015931399282,0.00712651546176586,0.09275245346517486,0.11581036820894072,2.8851520768345567
0.95,10,8.0,0.380878628312,0.020728517899,0.00712651546176586,0.09958475085426939,0.12743978421503527,2.988694862110918
0.95,10,9.0,0.427246249904,0.026119410244,0.00712651546176586,0.10672757566745752,0.1399735013732234,3.052336661671387
0.95,10,10.0,0.472700015014,0.031986252559,0.00712651546176586,0.11409597764076768,0.15320874566153353,3.085333105319469
0.95,10,11.0,0.51380652066,0.037531267845,0.00712651546176586,0.12108231977008728,0.16574010307685313,3.1000736159899067
0.95,10,12.0,0.548995167527,0.042249895577,0.00712651546176586,0.1273135861429887,0.17668999718175457,3.10710949280433
0.95,10,13.0,0.578297612251,0.046020685884,0.00712651546176586,0.13268346973688314,0.185830671082649,3.111959984225637
0.95,10,14.0,0.601944195162,0.048780449139,0.00712651546176586,0.1371392793722485,0.19304624397301437,3.1181347161882353
0.95,10,15.0,0.620262616631,0.050501200655,0.00712651546176586,0.1406674946124539,0.19829521072921977,3.12797578090776
0.95,10,16.0,0.633817321078,0.051220763546,0.00712651546176586,0.14332169270668296,0.2016689717144488,3.1428598841444355
0.95,10,17.0,0.642701831644,0.050727400361,0.00712651546176586,0.14508166336807884,0.2029355791908447,3.1670239107731337
0.95,10,18.0,0.649079206624,0.049123039538,0.00712651546176586,0.14635494196955445,0.2026044969693203,3.203676208244715
0.95,10,19.0,0.650457957055,0.046355882807,0.00712651546176586,0.1466313153685536,0.20011371363731945,3.250441687539076
0.95,10,20.0,0.65162520139,0.042864737865,0.00712651546176586,0.14686559773022395,0.1968568510569898,3.3101474390716294
1.05,10,-5.0,-0.268541459531,0.023494340588,0.007021328909368382,0.16340183672979816,0.19391750622716655,-1.3848231897970804
1.05,10,-4.0,-0.215352064841,0.01505888334,0.007021328909368382,0.17528499829446265,0.19736521054383102,-1.0911348775582435
1.05,10,-3.0,-0.161985621831,0.008489306716,0.007021328909368382,0.18784757222546783,0.20335820785083622,-0.7965531538801565
1.05,10,-2.0,-0.108228466886,0.003779421345,0.007021328909368382,0.20117294482544648,0.21197369507981487,-0.5105749883033767
1.05,10,-1.0,-0.054194906848,0.000945975618,0.007021328909368382,0.21526893902392297,0.22323624355129135,-0.2427693011934598
1.05,10,0.0,0.0,0.0,0.007021328909368382,0.23013842015527738,0.23715974906464576,0.0
1.05,10,1.0,0.054240749234,0.0009467758,0.007021328909368382,0.2457787824558387,0.2537468871652071,0.21375926948292157
1.05,10,2.0,0.108411696816,0.003785819875,0.007021328909368382,0.2621814638390541,0.2729886126234225,0.3971290075954555
1.05,10,3.0,0.162397366004,0.008510885314,0.007021328909368382,0.27933149959103054,0.2948637138143989,0.5507539869969235
1.05,10,4.0,0.216082753816,0.01510997809,0.007021328909368382,0.29720712577264724,0.3193384327720156,0.6766575258113932
1.05,10,5.0,0.269353636201,0.023565389647,0.007021328909368382,0.3157794430118869,0.3463661615682553,0.777655747263062
1.05,10,6.0,0.322096871089,0.033853745317,0.007021328909368382,0.33501215102688886,0.37588722525325724,0.8568976263345593
1.05,10,7.0,0.374200698496,0.045946068454,0.007021328909368382,0.35486136361294046,0.4078287609763088,0.9175436710255404
1.05,10,8.0,0.425206528086,0.059758880378,0.007021328909368382,0.37513407605799964,0.44191428534536803,0.9621923123704624
1.05,10,9.0,0.471121951582,0.074618386626,0.007021328909368382,0.3941153941391342,0.4757551096745026,0.9902614643578448
1.05,10,10.0,0.508614215515,0.089682408967,0.007021328909368382,0.41014139699623114,0.5068451348725995,1.0034903770810488
1.05,10,11.0,0.535763412897,0.104141857824,0.007021328909368382,0.4220477653356739,0.5332109520690422,1.0047869624921495
1.05,10,12.0,0.551660821036,0.117259127327,0.007021328909368382,0.4291388643738949,0.5534193206102633,0.9968224825032777
1.05,10,13.0,0.556507040644,0.128479773822,0.007021328909368382,0.43131820247126573,0.5668193052026341,0.9818067866355619
1.05,10,14.0,0.551673720399,0.137547706928,0.007021328909368382,0.4291446542139927,0.5737136900513611,0.961583678349408
1.05,10,15.0,0.54029642204,0.144771989959,0.007021328909368382,0.4240607052664452,0.5758540241348136,0.9382524032054186
1.05,10,16.0,0.526404668216,0.150944109653,0.007021328909368382,0.4179145751847595,0.5758800137471278,0.9140874064908029
1.05,10,17.0,0.512379608449,0.156650166857,0.007021328909368382,0.4117774857936648,0.5754489815600332,0.8903997137330001
1.05,10,18.0,0.496803349885,0.161421193532,0.007021328909368382,0.40504111281508887,0.5734836352564572,0.8662903687963713
1.05,10,19.0,0.479159421228,0.164987819897,0.007021328909368382,0.39751073134578657,0.5695198801521549,0.8413392366566486
1.05,10,20.0,0.461292775769,0.167896839662,0.007021328909368382,0.3899927894532331,0.5649109580246015,0.8165760802057429
1.1,10,-5.0,-0.25091026053,0.021951803191,0.006973171558032662,0.3084818479646685,0.33740682271370115,-0.7436431145996836
1.1,10,-4.0,-0.20145929791,0.014087406332,0.006973171558032662,0.3261781256073567,0.3472387034973894,-0.5801752393408375
1.1,10,-3.0,-0.151535243026,0.00794162551,0.006973171558032662,0.3448052432053793,0.359720040273412,-0.42125882925739355
1.1,10,-2.0,-0.101245914331,0.003535584479,0.006973171558032662,0.36436399775624295,0.3748727537932756,-0.27008074955170597
1.1,10,-1.0,-0.05069829869,0.000884941906,0.006973171558032662,0.3848500984884523,0.39270821195248495,-0.1290991559303938
1.1,10,0.0,0.0,0.0,0.006973171558032662,0.4062530611196975,0.4132262326777302,0.0
1.1,10,1.0,0.050740929463,0.000885686029,0.006973171558032662,0.428555690255624,0.43641454784265665,0.11626773148106408
1.1,10,2.0,0.101416307591,0.003541534743,0.006973171558032662,0.4517336620477363,0.462248368348769,0.21939787035544672
1.1,10,3.0,0.151918142128,0.007961692401,0.006973171558032662,0.47575516362379583,0.4906900275828285,0.30960103851378196
1.1,10,4.0,0.202138797879,0.014134921598,0.006973171558032662,0.5005805227153304,0.5216886158713631,0.3874702106377628
1.1,10,5.0,0.251971445067,0.022044644808,0.006973171558032662,0.5261620441586627,0.5551798605246954,0.45385552139601043
1.1,10,6.0,0.301310245137,0.031668982651,0.006973171558032662,0.5524438055964328,0.5910859598054654,0.5097570668675083
1.1,10,7.0,0.350050653194,0.042980815417,0.006973171558032662,0.5793615992993952,0.6293155862744279,0.5562402407134284
1.1,10,8.0,0.398062282164,0.055944004969,0.006973171558032662,0.6068270059698218,0.6697441824968544,0.5943497421358633
1.1,10,9.0,0.442721702873,0.070120229129,0.006973171558032662,0.6332407065673157,0.7103341072543483,0.623258405237291
1.1,10,10.0,0.480828780732,0.084783087144,0.006973171558032662,0.6564528362660981,0.7482090949681307,0.6426395829263215
1.1,10,11.0,0.510566496633,0.099244073451,0.006973171558032662,0.6750056640129334,0.781222909021966,0.6535477784083316
1.1,10,12.0,0.530968511383,0.112860841135,0.006973171558032662,0.6879596464148114,0.8077936591078441,0.6573071048483105
1.1,10,13.0,0.541861578581,0.125098602487,0.006973171558032662,0.694951926041148,0.8270237000861806,0.6551947405189656
1.1,10,14.0,0.543918083773,0.135614009537,0.006973171558032662,0.6962779584026724,0.838865139497705,0.6483975291888835
1.1,10,15.0,0.538751475012,0.144358022651,0.006973171558032662,0.6929501338313324,0.8442813280403652,0.6381184293895013
1.1,10,16.0,0.529307122267,0.151776374959,0.006973171558032662,0.686897853567887,0.8456474000849197,0.625919410635978
1.1,10,17.0,0.518898169662,0.158643091018,0.006973171558032662,0.6802734432457902,0.8458897058218229,0.6134347848078672
1.1,10,18.0,0.506561905396,0.164591940424,0.006973171558032662,0.672484638029182,0.8440497500112147,0.600156454509073
1.1,10,19.0,0.492907140123,0.169721539132,0.006973171558032662,0.6639415610829624,0.8406362717729952,0.5863500739545823
1.1,10,20.0,0.477088557326,0.173646033976,0.006973171558032662,0.6541467529397383,0.834765958473771,0.5715237336681482
1.2,10,-5.0,-0.23851618305,0.020867462863,0.006884323794765304,0.8470717974519838,0.8748235841097491,-0.27264489364758304
1.2,10,-4.0,-0.191515612673,0.01339207673,0.006884323794765304,0.8827530026739961,0.9030294031987615,-0.21208125892091956
1.2,10,-3.0,-0.144062556201,0.007549998722,0.006884323794765304,0.9199095086000229,0.9343438311167882,-0.1541858054853395
1.2,10,-2.0,-0.096257738416,0.003361394328,0.006884323794765304,0.9585152692612365,0.9687609873840018,-0.09936169980990875
1.2,10,-1.0,-0.048202779143,0.000841382648,0.006884323794765304,0.9985350963530497,1.006260802795815,-0.047902868728536815
1.2,10,0.0,0.0,0.0,0.006884323794765304,1.0399240687946223,1.0468083925893876,0.0
1.2,10,1.0,0.048247867453,0.000842169667,0.006884323794765304,1.0826270811369163,1.0903535745986817,0.04424974483232032
1.2,10,2.0,0.096437954335,0.003367687606,0.006884323794765304,1.1265784513403032,1.1368304627410686,0.0848305508127163
1.2,10,3.0,0.144467527457,0.007571222366,0.006884323794765304,1.1717016147403168,1.1861571609010821,0.12179459199761782
1.2,10,4.0,0.192234282342,0.013442331009,0.006884323794765304,1.217908934795696,1.2382355895994612,0.15524855201761972
1.2,10,5.0,0.239636538244,0.020965481242,0.006884323794765304,1.265101526117017,1.2929513311537824,0.18534072588034473
1.2,10,6.0,0.286573615039,0.030120101778,0.006884323794765304,1.3131693707442191,1.3501737963169844,0.2122494273112972
1.2,10,7.0,0.332946033922,0.040880634108,0.006884323794765304,1.3619913906825143,1.4097563485852795,0.2361727501749635
1.2,10,8.0,0.37864154636,0.053214600977,0.006884323794765304,1.411420106943192,1.4715190317149573,0.2573133871865174
1.2,10,9.0,0.421253087154,0.066719934444,0.006884323794765304,1.458713806290335,1.5323180645291004,0.27491230241644127
1.2,10,10.0,0.45805355385,0.080767200153,0.006884323794765304,1.5005057425487467,1.588157266496512,0.2884182590181827
1.2,10,11.0,0.487531285833,0.094766482054,0.006884323794765304,1.5346242685325122,1.6362750743812775,0.29795191130522447
1.2,10,12.0,0.50879904128,0.108148574796,0.006884323794765304,1.5595992084255008,1.6746321070162662,0.30382735357113144
1.2,10,13.0,0.521708954589,0.12044600264,0.006884323794765304,1.5749073748597442,1.7022377012945096,0.30648419676773303
1.2,10,14.0,0.527071619283,0.131413714191,0.006884323794765304,1.581299268668965,1.7195973066547303,0.3065087490212196
1.2,10,15.0,0.526261411189,0.141011320136,0.006884323794765304,1.5803323159469354,1.7282279598777006,0.30450925653710714
1.2,10,16.0,0.521378361112,0.149502839283,0.006884323794765304,1.5745139674106863,1.7309011304884516,0.30121787543397677
1.2,10,17.0,0.515484259197,0.157599353846,0.006884323794765304,1.5675123277468617,1.7319960053876269,0.29762439266228724
1.2,10,18.0,0.507220718583,0.164806001805,0.006884323794765304,1.5577353687339015,1.7294256943336668,0.29328852939150296
1.2,10,19.0,0.49668329179,0.171021772423,0.006884323794765304,1.545334504723903,1.7232406009416685,0.2882263170439382
1.2,10,20.0,0.484954372029,0.176508956396,0.006884323794765304,1.53161867707458,1.7150119572653455,0.282770257067058
